{"type":"FeatureCollection","crs":{"type":"name","properties":{"name":"EPSG:4326"}},"features":[{"type":"Feature","geometry":{"type":"Polygon","coordinates":[[[-97.6925346127922,30.2452332132913],[-97.6928476127867,30.2452052131942],[-97.6933136120437,30.2451902132222],[-97.6937696130516,30.2451862127636],[-97.6945766127904,30.2451762127805],[-97.6947216134537,30.2451831125051],[-97.6947667124742,30.2451853125634],[-97.6948956135309,30.2451914121957],[-97.6953526134654,30.2452132125576],[-97.6963006127713,30.2454892126997],[-97.6966109142267,30.2456357135132],[-97.697393614537,30.2460052130455],[-97.6976805139809,30.2462691127168],[-97.6985166137451,30.2470382128819],[-97.6989557138492,30.2475951127659],[-97.6993516139714,30.2480972137729],[-97.7003416149066,30.2490412142373],[-97.7006827151015,30.2492741122249],[-97.7011266149042,30.2495772128513],[-97.7018518158499,30.2497999145042],[-97.7019276147953,30.249823212296],[-97.7027196144655,30.2500252144644],[-97.7037196154465,30.2502162133861],[-97.7042374160544,30.250282713025],[-97.7047546156893,30.2503492133949],[-97.7065026159597,30.2504572138357],[-97.7068866160992,30.2504695141004],[-97.7077476162648,30.2504972139401],[-97.7086976161187,30.2505295138553],[-97.7091866167386,30.2505462124356],[-97.7101456159151,30.2504772127259],[-97.7112996177803,30.2502992129927],[-97.7123736165845,30.2502302138856],[-97.7133746173904,30.2502722130442],[-97.7134796169724,30.2502832135414],[-97.7135063175976,30.2502821131813],[-97.7135400178955,30.2502807140634],[-97.7136706185647,30.2502752130388],[-97.7147856182752,30.2500642129336],[-97.7156166183035,30.249743213074],[-97.7167616190494,30.2491242125086],[-97.71816461864,30.24849321328],[-97.7190335194884,30.2481219126691],[-97.7193486179474,30.2479872125056],[-97.7203426190806,30.247622212004],[-97.7207415204741,30.2474595117009],[-97.7224736187673,30.2467532129045],[-97.7227047202556,30.2467136124795],[-97.7238026205346,30.2465252126378],[-97.723855620238,30.2465252126378],[-97.724592620555,30.2465252118618],[-97.7254896207055,30.2465252126378],[-97.7257076211637,30.246572311856],[-97.7261587209635,30.2466698122026],[-97.7269236211565,30.2468352120406],[-97.7286576211831,30.247510211963],[-97.7294332212096,30.2478423122343],[-97.7315346223059,30.2487422123763],[-97.7330086229399,30.2493602127542],[-97.7331587242373,30.2494170129575],[-97.7338436222678,30.2496762117744],[-97.7346876236133,30.250000212632],[-97.7352964235594,30.2502663131579],[-97.7355153232312,30.2503595123852],[-97.735788323941,30.2504760122649],[-97.7358116226462,30.2505859121947],[-97.7358433232943,30.2507466130245],[-97.7358983235458,30.2510088121859],[-97.7359702229046,30.2513619135554],[-97.7360400237987,30.2516579129234],[-97.7360759231725,30.2518440122241],[-97.7360928231779,30.2519010119706],[-97.7361182239409,30.2520195120526],[-97.7361478234295,30.2521506131261],[-97.7362176234254,30.2524698126125],[-97.7363586238907,30.2530382142151],[-97.7366096230625,30.254251212587],[-97.7366246231311,30.2543342126644],[-97.7366786235578,30.254623213228],[-97.7368996225924,30.2558942129359],[-97.7369576241154,30.2562462142985],[-97.7370066245192,30.2565532134872],[-97.7370256238874,30.2567112128069],[-97.7370426245042,30.2568922139054],[-97.7370586243977,30.2571412134398],[-97.7370646233472,30.2573012137361],[-97.7370656249687,30.2573892137104],[-97.7370666247937,30.2576612146137],[-97.7370586234994,30.2579062138098],[-97.7370496241769,30.258049214496],[-97.7370206247629,30.2583492145861],[-97.736979624755,30.2586492137598],[-97.7369216232321,30.2589482141764],[-97.7368426235894,30.2592672138871],[-97.7367396236572,30.2596212143476],[-97.7366006246383,30.2600452144867],[-97.7364386242566,30.2605252151433],[-97.7363846247283,30.2606892144096],[-97.7362096239278,30.2611692150222],[-97.7361006232495,30.2614802149117],[-97.7359746237511,30.261870214726],[-97.7359446236139,30.2619592146237],[-97.7356026242054,30.2629122149323],[-97.7355454248781,30.2630667140534],[-97.7355116239688,30.2631562156451],[-97.7353626231076,30.2635632147503],[-97.7353176238001,30.2636882143466],[-97.7352772238668,30.2637889160874],[-97.7352643240593,30.2638231141079],[-97.7352509247886,30.2638573159959],[-97.7352344236351,30.2639050144235],[-97.7352230240142,30.2639388143738],[-97.7352098241694,30.2639714140164],[-97.7351973241122,30.2640055157634],[-97.7351854241296,30.2640437157269],[-97.7351760250568,30.2640805159783],[-97.7351136244839,30.2642372144444],[-97.7348968241749,30.2647943147614],[-97.7345408236245,30.265774114885],[-97.7344166234516,30.2657332163349],[-97.734321623017,30.2656992152754],[-97.7341726230541,30.2656472155035],[-97.7338546248334,30.2665882161721],[-97.7335436235905,30.2674882168998],[-97.7335316238949,30.2675322150479],[-97.7335046232324,30.2676022160463],[-97.7334646230494,30.2677072158986],[-97.7334138242185,30.267836315272],[-97.7332406227435,30.2682762159455],[-97.7331772241423,30.2684494162718],[-97.7331396233594,30.2685522156832],[-97.7329136234036,30.2691735159992],[-97.7326406235922,30.2699012157115],[-97.7324888226822,30.2703437162687],[-97.7326206235007,30.2703791168787],[-97.7327701229269,30.2704184168244],[-97.7328212244901,30.2704322173821],[-97.7329647231703,30.2704755167352],[-97.732884023915,30.2706762172508],[-97.7327996244991,30.2708768164978],[-97.7326342230958,30.2713293161855],[-97.7325712233466,30.2715064166371],[-97.732548624429,30.2716092167263],[-97.7324819236208,30.2718008168317],[-97.7324458230245,30.2718931173917],[-97.7323406231182,30.2721692171271],[-97.7322546238028,30.2724052170817],[-97.732096623619,30.2728602171613],[-97.731949623306,30.2733182175257],[-97.7316502229066,30.2742345175106],[-97.7315775240473,30.2744941178633],[-97.7315381230406,30.2746023175105],[-97.7315165239479,30.274669216467],[-97.7314879242842,30.2747540177644],[-97.7314714231308,30.2748113168613],[-97.7314626232342,30.2748518167472],[-97.731442324902,30.2749222174935],[-97.7313689244585,30.2751650176791],[-97.731309924009,30.2753696170674],[-97.7312675235276,30.2755137172232],[-97.7310126238708,30.2762812175664],[-97.7309086241137,30.2765492173808],[-97.7308976224464,30.2765772178517],[-97.730753624303,30.2769152174213],[-97.7307266227422,30.2769722181315],[-97.7302876232493,30.2778482181033],[-97.7302566223889,30.2780732178807],[-97.7302446235916,30.2781132183733],[-97.7302006232107,30.2782252184245],[-97.7301456238574,30.2783472180577],[-97.7300876241311,30.2784622177512],[-97.7300696227911,30.2785062179626],[-97.7300383227917,30.2785657188341],[-97.7299525238006,30.2785578183828],[-97.7298783229581,30.2785546191032],[-97.7298112223996,30.2785498186321],[-97.7297572228713,30.278551418272],[-97.729511023398,30.2785466185765],[-97.7293826236012,30.2784842178593],[-97.7292686229001,30.27849421833],[-97.7291176241856,30.2785122177783],[-97.7289446221367,30.2785542180296],[-97.7286756234215,30.2785742174041],[-97.7285026222708,30.2785962182629],[-97.7284406223465,30.2786002181364],[-97.7283116224751,30.2786102178195],[-97.7281496229917,30.2786292179903],[-97.7281266225271,30.2786392184462],[-97.7277426223876,30.2786692174805],[-97.7270976221321,30.2787692188498],[-97.725379621999,30.2790252177326],[-97.7251336219517,30.2790672193159],[-97.7250663219672,30.2790773182495],[-97.7247916207466,30.279128218628],[-97.7241436219148,30.279251218652],[-97.7238786224992,30.2793002190916],[-97.7231826212918,30.2794332184991],[-97.7222176213692,30.2796222177146],[-97.7212326204568,30.2797992186446],[-97.7202426204198,30.2799682196204],[-97.7200316205326,30.2800042195243],[-97.7192996211368,30.2801302190844],[-97.7186246216425,30.2802462189673],[-97.718311621648,30.2802982187632],[-97.7172896200274,30.2804522188626],[-97.7162476201119,30.2806192188182],[-97.7164126199683,30.2814032197436],[-97.7146116199945,30.2817012199682],[-97.7144864190984,30.2813968198184],[-97.7143586202745,30.2810862189225],[-97.7143303197498,30.281015119767],[-97.7143096189724,30.2809634197912],[-97.7142956205253,30.2809272193193],[-97.7134096193471,30.2810652185652],[-97.7124676189907,30.2812132193622],[-97.7120266198481,30.2812852190193],[-97.7115266193576,30.2813732192179],[-97.7094316178593,30.2816982193821],[-97.7092926188404,30.2817202195405],[-97.7085926183334,30.2818282196119],[-97.7085076188429,30.2818426197675],[-97.7081026178887,30.2819082190708],[-97.707722617947,30.2819762200337],[-97.7070156177673,30.2820812192489],[-97.7055816173163,30.2823142196254],[-97.7051736177856,30.2823612194512],[-97.7051116178613,30.282402219677],[-97.7045576169442,30.2825012196406],[-97.7044697176919,30.2824700193808],[-97.7042102168642,30.282521920255],[-97.7039883177177,30.2825756200412],[-97.7036196167857,30.2819982201298],[-97.7035146163054,30.2818342200002],[-97.7030666156935,30.281135220773],[-97.7021736157409,30.2797312192762],[-97.7017216167276,30.2790142196792],[-97.7013006167781,30.2784012188008],[-97.7012456156282,30.2783142190113],[-97.701175615308,30.2782002191168],[-97.7011276165257,30.2781272187746],[-97.7009336154586,30.2778252194279],[-97.7008126159832,30.2776272192748],[-97.7006886152363,30.2774252195767],[-97.7005616168113,30.2772172187925],[-97.7003506169241,30.2768702196138],[-97.7001666159028,30.2765982191695],[-97.7000456164273,30.2764332193341],[-97.6999496161678,30.2763172195987],[-97.6999216156804,30.2762842198697],[-97.6998106162506,30.2761562184882],[-97.6994746157916,30.2757992186928],[-97.6994036156465,30.2757272181139],[-97.6988616153232,30.2751681185428],[-97.6988026148737,30.2751072183987],[-97.6986016150322,30.2748812187973],[-97.6984506145212,30.2746852189277],[-97.6983276153958,30.2745052180534],[-97.6982206143674,30.2743232183768],[-97.6981246150062,30.2741362190695],[-97.6981086151127,30.2741002185645],[-97.6980416142673,30.273944219327],[-97.698001114621,30.2738308187111],[-97.697971616642,30.273748218362],[-97.6979417144211,30.2736377190486],[-97.6979246149897,30.2735812175754],[-97.6978956155757,30.2734942189437],[-97.6977636144329,30.2730542182982],[-97.6974596146593,30.2720542178181],[-97.6972376149015,30.2713372172187],[-97.6970246144661,30.2706162173902],[-97.696808614556,30.2698842186204],[-97.6967246148905,30.2696142183322],[-97.6966596145931,30.2693712182136],[-97.6966081141779,30.2691789166572],[-97.6965626154071,30.2690552173865],[-97.6964536147288,30.2686852180176],[-97.6963896142564,30.2684682174643],[-97.696281613403,30.2681062164856],[-97.6962336146208,30.2679482176547],[-97.6960666142162,30.2674022176057],[-97.696007614665,30.2672072176282],[-97.6956916151958,30.2661642179049],[-97.6955681148105,30.2657574173419],[-97.6955394136372,30.2656669164693],[-97.6955146138472,30.2655792164168],[-97.6953846141508,30.2651412169718],[-97.6953566136634,30.2650482164291],[-97.6946446143591,30.2626662164555],[-97.6945966137802,30.2625152167793],[-97.6945786142369,30.262454016272],[-97.6945516144727,30.2623622150515],[-97.6944506141903,30.2620282163546],[-97.694017613647,30.2605932161781],[-97.6938636136612,30.2600832158042],[-97.6938356140721,30.2600012160872],[-97.693717613173,30.259615215705],[-97.6936391138919,30.2593381154168],[-97.6935466134688,30.2590112162397],[-97.6933696139168,30.2584132156558],[-97.6933296137338,30.2582602160724],[-97.6932626128883,30.2579712161227],[-97.6931066132528,30.257226216103],[-97.6927796139129,30.2551592155291],[-97.6925786131732,30.2538452146852],[-97.6924256121139,30.2536242153646],[-97.6923576123419,30.2535332144501],[-97.6922616120824,30.2534342147578],[-97.6921226130636,30.2533122152036],[-97.692070613185,30.253259214078],[-97.6920446123475,30.2532102153836],[-97.6920336133751,30.2531562147514],[-97.6920306130021,30.2531112153659],[-97.6920066127126,30.2530802145012],[-97.6919916117457,30.2530522150884],[-97.6919636121566,30.252963214103],[-97.6919446136866,30.2528792149647],[-97.6919316123695,30.2528002153587],[-97.6919076120801,30.2526312149468],[-97.6918666129705,30.252156214923],[-97.6918216127647,30.2517142143932],[-97.6918076134193,30.2515502141085],[-97.691782613305,30.251355214469],[-97.691771612536,30.2512562141338],[-97.6917546119192,30.2511492140434],[-97.6917346127261,30.2510842141999],[-97.6919736131007,30.2510882151943],[-97.6918686135187,30.2508492144667],[-97.6917296127032,30.250553214214],[-97.6916566120099,30.2504192142258],[-97.6915786121921,30.2502792140662],[-97.6914140129843,30.2499702141494],[-97.6913442129884,30.2498743140812],[-97.6912788120425,30.2497914134434],[-97.6912256120147,30.2497212142854],[-97.6911166122348,30.2495462139754],[-97.69106061126,30.249459214224],[-97.6910206119753,30.2493842137076],[-97.6909336137333,30.2492092143492],[-97.6908606121417,30.2490302143771],[-97.6907966134659,30.2488382144303],[-97.6907476112655,30.2486532136942],[-97.6906836107931,30.248277213394],[-97.690673612544,30.2482062130871],[-97.6906156119194,30.2478382133299],[-97.6905104129114,30.2472839137085],[-97.6904927116087,30.2471502142369],[-97.6903669115363,30.2463719143931],[-97.690287212106,30.2459272128692],[-97.690268712201,30.2457744126789],[-97.6902486123965,30.2456451128016],[-97.6908476126212,30.2455013125941],[-97.6909624119247,30.2454737122301],[-97.691106512476,30.2454302140532],[-97.6912744120942,30.2453882128249],[-97.6919566115856,30.2452942142233],[-97.6920216127812,30.2452852130069],[-97.6925346127922,30.2452332132913]]]},"properties":{"ZIPCODE":"78702"}},{"type":"Feature","geometry":{"type":"Polygon","coordinates":[[[-97.7519614261279,30.2156772050008],[-97.7519916256912,30.215627204816],[-97.7520966252732,30.2156562046313],[-97.7521996252053,30.2156842046055],[-97.7522860260677,30.215714305151],[-97.7523086258836,30.215722205223],[-97.7524656253441,30.2157792049574],[-97.7529666265578,30.21592120501],[-97.7531216263685,30.2159862063707],[-97.7531884259914,30.2160196059496],[-97.7533016253953,30.2160762057355],[-97.7533996253046,30.2161292044001],[-97.7535436252446,30.2162292050101],[-97.7536436266003,30.2163062048595],[-97.7538166259544,30.2164522057795],[-97.7539326263053,30.2165602054274],[-97.7540856264662,30.2166942057745],[-97.7542276267564,30.2168222054605],[-97.7546376268353,30.2172202048395],[-97.754752626463,30.2173272053809],[-97.7557166265607,30.2181492050856],[-97.7558986270339,30.2182942057931],[-97.7563626266411,30.2186302060381],[-97.7567536273516,30.2188542042702],[-97.7571096261055,30.2190352052309],[-97.7573146270432,30.2191362050134],[-97.7576576280732,30.2193042050057],[-97.7586586279808,30.2197672064013],[-97.7591326276337,30.2199932055031],[-97.7598486280343,30.2203352064193],[-97.7601076276021,30.2204562052081],[-97.7608956279727,30.2207592053005],[-97.7611246283015,30.2208482051759],[-97.7613356281887,30.2209382063024],[-97.7615566281217,30.2210352065706],[-97.7618876285578,30.2211782050228],[-97.7620566286122,30.2212572052077],[-97.7622156277225,30.2213312049008],[-97.7623846295736,30.2214212055854],[-97.7625526289047,30.2215152060572],[-97.7627996287769,30.2216492058644],[-97.7629936289457,30.2217622056468],[-97.7631766283455,30.2218682061352],[-97.7635016289338,30.2220692062205],[-97.7636626285923,30.2221662053732],[-97.763820628776,30.2222782055723],[-97.7640246289905,30.2224052059903],[-97.7641896279487,30.2225082057199],[-97.7644153296638,30.222650805386],[-97.7646493300155,30.2228228061779],[-97.7647595299447,30.2228848060285],[-97.7654116295859,30.2232792072184],[-97.7654826288327,30.2233182069856],[-97.7655896289628,30.2233822060326],[-97.7658446292309,30.223535205587],[-97.7661186297656,30.2237182059741],[-97.7664346292348,30.2239402063176],[-97.7672426314935,30.2245562071426],[-97.767685630286,30.2248852056762],[-97.7681796300304,30.2252062059993],[-97.7683806307701,30.2253332065173],[-97.7689606307283,30.2257032061687],[-97.769043630569,30.2257612060592],[-97.7692026305776,30.2258712073634],[-97.7693776304798,30.2259992067504],[-97.7696116299332,30.2261692068914],[-97.7697075304797,30.2262279058491],[-97.7697436301777,30.2262512061239],[-97.7699116313055,30.2263592066557],[-97.7701486320303,30.2264932060726],[-97.770184930256,30.2265111071619],[-97.7702438309925,30.2265508065397],[-97.7704709304862,30.2266603063239],[-97.7707796302454,30.2268092072067],[-97.770920631609,30.2268622062977],[-97.7710026316248,30.2268902061868],[-97.7710516311303,30.2269062071177],[-97.7711896303242,30.2269542060141],[-97.7713226303936,30.2269962065815],[-97.7714456313156,30.2270352072033],[-97.7715746302887,30.2270712063306],[-97.7717146309291,30.2271032058025],[-97.77186763109,30.227138206741],[-97.7719956320348,30.2271672062673],[-97.7721326314038,30.2271962073375],[-97.7722476319299,30.2272162070802],[-97.7723716308801,30.2272372073102],[-97.7724826321065,30.2272512064262],[-97.7726156321759,30.2272682062371],[-97.7727396311262,30.2272812064101],[-97.7728676311727,30.2272942073576],[-97.772975632026,30.2273032055646],[-97.773084631806,30.2273122068754],[-97.773192631761,30.2273172069996],[-97.7733066324621,30.2273212058569],[-97.7734106313209,30.2273202053665],[-97.7736016320149,30.2273202061426],[-97.773788632511,30.2273162072853],[-97.7739516327176,30.2273132065898],[-97.7742816324305,30.2272972072774],[-97.7749796323894,30.2272842063304],[-97.7753806313491,30.2272812064101],[-97.7756496309626,30.227282206901],[-97.7760796320312,30.2272872070268],[-97.7765926329405,30.227307206751],[-97.7772816326786,30.2273302071662],[-97.7779656332921,30.2273612068399],[-97.7781056330342,30.2273692068793],[-97.7783886328914,30.2273862066699],[-97.779101632919,30.2274092070666],[-97.7793896327991,30.2274122069829],[-97.7796556338361,30.2274212059553],[-97.7805496336136,30.2274642060362],[-97.7809966335024,30.2274712063544],[-97.7814436333911,30.2274702066416],[-97.7828266328902,30.2275042069609],[-97.78299063382,30.2275122062125],[-97.7831326341102,30.2275192057511],[-97.7832786337001,30.2275322058909],[-97.7833896349265,30.227544206317],[-97.7835026349044,30.2275572064536],[-97.7836826339312,30.2275862066325],[-97.7839066333388,30.2276242057567],[-97.7840586345731,30.2276572055357],[-97.7842216347797,30.2276972063819],[-97.7843626343467,30.2277342057532],[-97.7846306350336,30.2278162067853],[-97.7848136353317,30.2278772068841],[-97.7849566336502,30.2279292056914],[-97.7850966342906,30.2279852056301],[-97.7852546344744,30.2280542063839],[-97.7853766346731,30.2281102062513],[-97.7856446344617,30.2282372068999],[-97.7861636343205,30.2284902064501],[-97.7873916358055,30.22908220702],[-97.7881136351555,30.2294362060199],[-97.7885586353944,30.2296402060091],[-97.7888227355964,30.2297773071327],[-97.7890304359715,30.2298790068423],[-97.7897366348541,30.2302192068579],[-97.7900256354574,30.2303542069075],[-97.7913086362956,30.2309972061808],[-97.7916126360692,30.2311352065172],[-97.7919576358507,30.2312962061475],[-97.7922666365455,30.2314352057367],[-97.7928216363893,30.2316862070322],[-97.7931136364674,30.2318362063039],[-97.7933376367733,30.2319422060237],[-97.7940536371739,30.2322922069376],[-97.7944506368339,30.232479206751],[-97.7948716376818,30.2326722064968],[-97.795211636542,30.2330272077503],[-97.7953496366343,30.2331422069632],[-97.7957196374285,30.2332812070472],[-97.7958616368204,30.2334552071767],[-97.7961756375381,30.2336462072588],[-97.7961535371854,30.2337852066302],[-97.7962606379269,30.2338532067703],[-97.7963176378283,30.233893205872],[-97.7964706379891,30.2340002076772],[-97.7965036376011,30.2340242077252],[-97.796537637038,30.2340482069912],[-97.7967236386075,30.2341892066354],[-97.7965666373503,30.2342812072575],[-97.7963104378313,30.2344274073451],[-97.7964526375475,30.2345410071304],[-97.7966241376133,30.2346962074665],[-97.7969461378286,30.2350021074887],[-97.7971821387285,30.2352501077618],[-97.7974021379382,30.2354911068862],[-97.7976327381666,30.2357669084835],[-97.7979010379924,30.2361353081243],[-97.7981369373827,30.2365107076114],[-97.7983059383354,30.2368004070917],[-97.7984857397328,30.2371318078147],[-97.7988505392815,30.2378756074802],[-97.7996015380455,30.2394652080016],[-97.7997116400583,30.2396882073038],[-97.7999576392073,30.2401572080135],[-97.8005266392948,30.2413122094275],[-97.8008656392285,30.242009208229],[-97.8009966396481,30.2422822085947],[-97.8010816391386,30.2424502093979],[-97.8012746385841,30.2428422078271],[-97.8014986397884,30.2432942080899],[-97.8016046400936,30.24350720864],[-97.8017096396756,30.2437042089819],[-97.8018666391361,30.2439812082509],[-97.8018856394027,30.2440162086129],[-97.8019516395249,30.2441312081624],[-97.8020706402489,30.2443442084503],[-97.802127639252,30.244458209628],[-97.8021516404398,30.2445102097537],[-97.8021806389555,30.2445722098974],[-97.8022226405849,30.2446812092417],[-97.8022506383773,30.2447492096043],[-97.8019686401417,30.2448642098481],[-97.8016236394619,30.2450012090316],[-97.8013496398255,30.2451082088331],[-97.8010756401891,30.2451792090505],[-97.8007326400574,30.2452622090321],[-97.8005406395385,30.2452972097138],[-97.8003626383649,30.2452972104898],[-97.8001436398785,30.2452852091267],[-97.7998686404172,30.2452262088056],[-97.799773638186,30.2452262088056],[-97.7993756395993,30.2452022091647],[-97.7989506403502,30.2452142089858],[-97.7986216386656,30.2452022091646],[-97.798498638642,30.2451902085659],[-97.7977586379519,30.2450012090316],[-97.7970726385869,30.2448592090642],[-97.7969466381902,30.2448262104033],[-97.7968266385396,30.2447772082792],[-97.7967026377927,30.2447052090098],[-97.7962366385357,30.2443742094266],[-97.7958116383883,30.2440542091469],[-97.7956746390193,30.2439712096972],[-97.7955246383331,30.2439002086071],[-97.7946746380382,30.2435332093458],[-97.7940436380265,30.2432252094959],[-97.7939866372268,30.2431932082871],[-97.7939346382465,30.2431542094188],[-97.7938936373403,30.2431072086728],[-97.7938796370967,30.2430242091994],[-97.7938796379949,30.242953208201],[-97.7939066368608,30.2428462083811],[-97.7939066368608,30.2427752088062],[-97.7938936373403,30.242704208404],[-97.7938796370967,30.2426092076763],[-97.7938516375076,30.2425152079687],[-97.7938106374997,30.2424322079952],[-97.793756637073,30.2423612081213],[-97.7936746370572,30.2423022083727],[-97.7935786367978,30.242254209209],[-97.7933866380754,30.2421952086202],[-97.7932496378081,30.2421602091618],[-97.7931126375407,30.2421482089677],[-97.7929756372734,30.242136208772],[-97.792838637006,30.2421122091525],[-97.7927156369824,30.2420652086842],[-97.792578636715,30.2420182089695],[-97.7924546377648,30.2419462076788],[-97.7923586375053,30.2419112081317],[-97.7922356374817,30.2418752082298],[-97.792084637869,30.241852208113],[-97.7919756362924,30.2418642091194],[-97.7918796360329,30.2418752082298],[-97.791701636656,30.2419112089077],[-97.7914816383446,30.2419582094496],[-97.7912076360133,30.2419942085451],[-97.7910026359739,30.2419942085451],[-97.7906456373951,30.2419942085451],[-97.7903856371041,30.2420062095341],[-97.7901526365773,30.2420182089695],[-97.7900426360741,30.2420412082714],[-97.7899466358147,30.2420772088885],[-97.7898236375876,30.2421482081916],[-97.7896996359424,30.2422422082503],[-97.7894946368013,30.2424202086104],[-97.789292736848,30.2426663090111],[-97.7892616362745,30.242704208404],[-97.7890696357556,30.2429772083912],[-97.7889056357241,30.2433202096282],[-97.7888096372612,30.2436042091491],[-97.7887266365222,30.2439952088628],[-97.7886856365144,30.2443142097931],[-97.7886856365143,30.2448352093337],[-97.7886996358597,30.2450722093263],[-97.7887406367659,30.2452142097619],[-97.7887676365301,30.2453212093315],[-97.788805636165,30.2454452101085],[-97.7888756355868,30.2456102084716],[-97.7889736363944,30.2457472097191],[-97.7890746375751,30.2458702088809],[-97.7891446360987,30.2459542101316],[-97.7892466362059,30.2461112099024],[-97.7893256358486,30.2462172097492],[-97.7893816359252,30.2462822097085],[-97.7895156358194,30.2463872106264],[-97.789715635836,30.2465192100913],[-97.790097637224,30.246741209391],[-97.79043063731,30.2469202104293],[-97.7906066361387,30.2469962100127],[-97.79071863719,30.2470282099832],[-97.7908196365741,30.2470482095714],[-97.7910836379613,30.2470762099192],[-97.7912206373304,30.2470752096298],[-97.791358638321,30.2470732090509],[-97.7916666364959,30.2470442099645],[-97.7919616378453,30.2469902090471],[-97.7922686370937,30.2469102106227],[-97.7925796374383,30.2468062090037],[-97.7928896370597,30.2466742099244],[-97.7932366373893,30.2465382087122],[-97.7936306375746,30.2464062100488],[-97.7938716384973,30.246334208869],[-97.7940176371889,30.2463072101589],[-97.7942096368095,30.2462952089192],[-97.7945336384713,30.2462952089192],[-97.7948306385722,30.2463102094986],[-97.7949526378726,30.2463202085903],[-97.7950516385051,30.246334208869],[-97.7952546370981,30.2463742090999],[-97.7958406378023,30.2464992096194],[-97.7960436381919,30.2465342098606],[-97.796157638893,30.2465642101682],[-97.7962166384442,30.2465882094765],[-97.7963006381098,30.2466542102601],[-97.7964266376082,30.2467872088827],[-97.7965325382005,30.246921309275],[-97.7965956385609,30.2470012099119],[-97.7967056381658,30.2471802089244],[-97.796800637702,30.2473402091486],[-97.7968776385932,30.24751120992],[-97.7969356383196,30.2476432102029],[-97.7969766383275,30.2477912101682],[-97.7969896387462,30.247990209466],[-97.7969716383046,30.2481572103206],[-97.7969116389284,30.2484762101555],[-97.7968436382581,30.248768210921],[-97.7965436377841,30.2503602100036],[-97.7963456374174,30.2512482098305],[-97.7962936375389,30.251424209682],[-97.7958696381146,30.2525412102423],[-97.7957666381825,30.2527512102276],[-97.7956476383568,30.2529232095709],[-97.7955416389499,30.2530462106128],[-97.7954336389949,30.2531512112858],[-97.7953366380122,30.2532272114812],[-97.7951966382701,30.2533082104199],[-97.7950026381013,30.253402210666],[-97.7947416379854,30.2534992107185],[-97.7945426386921,30.2535572112801],[-97.7943176376629,30.2536042109073],[-97.7940986382781,30.2536452107288],[-97.7938686390226,30.2536802107522],[-97.793582637894,30.2537442102084],[-97.7933276376259,30.253820210721],[-97.7927866389241,30.254042211371],[-97.7911746364013,30.2547582107969],[-97.7901026363486,30.2552922119496],[-97.7899256367966,30.2553662108545],[-97.7898856366136,30.2553812108249],[-97.7897006366657,30.2554342115816],[-97.7895246378369,30.2554832114944],[-97.7892546366018,30.2555572110313],[-97.7891776366089,30.2555832124282],[-97.7888226367817,30.2557342111235],[-97.7887236370475,30.2557652119267],[-97.7885246368559,30.2558122112734],[-97.7884296364213,30.2558292115764],[-97.7883576373496,30.2558452124522],[-97.7882986369001,30.2558762116684],[-97.7882366360775,30.2559212121152],[-97.7881646370058,30.2559792120226],[-97.7881286379191,30.2559992121165],[-97.787970636837,30.2560652120095],[-97.7877676364474,30.2561352118711],[-97.7868386365098,30.2564142114004],[-97.7857616364342,30.2567212123918],[-97.785583636159,30.2567602128585],[-97.7846676357419,30.2569082122803],[-97.7844646353523,30.256955211856],[-97.784297635846,30.257018212094],[-97.7841406363855,30.2570942124012],[-97.7840226363847,30.2571702118737],[-97.7839646357601,30.2572222114789],[-97.7839056362088,30.2572812123555],[-97.7838326364139,30.25738821275],[-97.7837786350889,30.2574662123623],[-97.7836126354076,30.2577802113289],[-97.7835266351939,30.2579982124031],[-97.7834946345085,30.2581262126305],[-97.7834796353382,30.2582662132458],[-97.7834796353382,30.2583912118253],[-97.7834936355819,30.2584852126387],[-97.7835166360464,30.2585712119833],[-97.7835796357956,30.2586892128562],[-97.7837566353476,30.2589162118812],[-97.7839966355471,30.2591642115495],[-97.7842326355487,30.2593982121765],[-97.7843866355345,30.2595582126756],[-97.7845266361749,30.2596762123627],[-97.7846316366552,30.2597582131269],[-97.7848076363823,30.2598612125137],[-97.7848886365731,30.259880212434],[-97.7849526352489,30.2598842122942],[-97.7850156358964,30.2598802132099],[-97.7850836365668,30.2598572118766],[-97.7851296356992,30.2598532127912],[-97.78517563573,30.2598572126525],[-97.7852386363775,30.2598732120962],[-97.7853026359516,30.2598962126499],[-97.785478636577,30.2599832116929],[-97.7855696359153,30.2600652129767],[-97.7856156350477,30.2601472126402],[-97.7856426366085,30.2602762117736],[-97.7856256359918,30.2603962132333],[-97.7855426361511,30.260515212066],[-97.7853656365991,30.2606722118442],[-97.784962636193,30.2610512132495],[-97.784821636626,30.2611262133932],[-97.7846676366402,30.2611932123143],[-97.784449636182,30.2612282127516],[-97.7842966369194,30.2612302130424],[-97.784214635107,30.2612502128428],[-97.7841426360353,30.2612972118925],[-97.7840466357759,30.2613952136026],[-97.7839516353413,30.2614812135027],[-97.7838516357822,30.2615442123892],[-97.7837576369692,30.2615772131938],[-97.7836886355756,30.2616022120796],[-97.783611636481,30.2616142130013],[-97.7832166355725,30.2616222125803],[-97.7828896353343,30.2616492132885],[-97.7826946344423,30.2616772133543],[-97.7824686362831,30.2617252131157],[-97.7821876351774,30.261820212429],[-97.7817466351365,30.2620152122426],[-97.7813026365191,30.2622472127896],[-97.781108635452,30.2623252131983],[-97.7810266354362,30.2623532130712],[-97.7807816352139,30.2624002131448],[-97.7805006359048,30.2624272128632],[-97.7804006363457,30.2624392129081],[-97.7802876354694,30.2624582131055],[-97.7801376347833,30.2625052131289],[-97.7798976354821,30.2626322135581],[-97.7797746345602,30.2626872129905],[-97.7796796359222,30.2627192132809],[-97.7795616350231,30.2627422139438],[-97.7794296347787,30.2627502142069],[-97.7793256359199,30.2627342129042],[-97.7792436341075,30.2627112137911],[-97.7791446343733,30.2626952124821],[-97.7790266343725,30.2626912135123],[-97.7789086334734,30.2626992130036],[-97.7788036347898,30.2627302131601],[-97.778685634789,30.2627772138291],[-97.7785456350469,30.2628242129239],[-97.7784276341478,30.2628442139515],[-97.7782416352733,30.2628362136961],[-97.7780826343663,30.2628322131802],[-97.7779286352789,30.2628522134304],[-97.7773086342394,30.2629612142178],[-97.7767052349647,30.2631376136157],[-97.77638163485,30.263232214306],[-97.7759596341773,30.26334921411],[-97.7757276334753,30.2633962129309],[-97.7755076342656,30.2634072142861],[-97.7752096343398,30.263444213404],[-97.7744876340915,30.2634322142577],[-97.7735196337958,30.2634322134818],[-97.772538632183,30.263373213973],[-97.7723206326231,30.263373213973],[-97.7721026330632,30.2633852139022],[-97.7718656341351,30.263414213596],[-97.771816632833,30.2634202135583],[-97.7715436321232,30.2634912137313],[-97.7713286329364,30.2635552130017],[-97.7711216332471,30.2636322130264],[-97.7709186328575,30.2637202143108],[-97.770725633412,30.2637852143271],[-97.7704866330374,30.2638382144279],[-97.7702766329751,30.2638672139879],[-97.7697196334815,30.2639502144738],[-97.769389631972,30.2639892143973],[-97.7690326324949,30.2640012126996],[-97.7679046314674,30.2639772145419],[-97.7677616331489,30.2639842138112],[-97.7676136330109,30.2640202141465],[-97.7669596316363,30.2642442144711],[-97.7663326309242,30.2644632137229],[-97.7659156311726,30.2646182139504],[-97.7655866303864,30.2648342151458],[-97.7652936313817,30.2650172146768],[-97.7649526317982,30.2651772145554],[-97.7637026305719,30.2657622153351],[-97.7630606306895,30.2661072147977],[-97.7614846317449,30.2669262152248],[-97.7614896308695,30.2669852149265],[-97.7615126295373,30.2672472155663],[-97.761172630677,30.2677572151977],[-97.7567076291175,30.2655452137523],[-97.7559575295671,30.2653179142691],[-97.7545956287991,30.2649052142963],[-97.7526396281163,30.2643522143757],[-97.7486687269125,30.2631078146704],[-97.7479966271798,30.2628972145603],[-97.7451776257834,30.2617732151815],[-97.7442136256857,30.2610842134439],[-97.7435186260998,30.2604252145857],[-97.7432776251771,30.2601962140813],[-97.7425796252182,30.25916621421],[-97.7420476267372,30.2577862131873],[-97.7419243239813,30.2574277142078],[-97.7419004260998,30.2573583135159],[-97.7418801250727,30.2572993134616],[-97.7413275246291,30.2556923128459],[-97.7412026246686,30.2553292133489],[-97.7405426252429,30.254044212584],[-97.7404625251639,30.2539424137232],[-97.7395696249243,30.2528072123207],[-97.7394167244764,30.2526841139825],[-97.7385016232729,30.2519472139056],[-97.7382056247935,30.2517502137944],[-97.7375646247361,30.2513712121937],[-97.7372274232295,30.2511885131495],[-97.7370976229592,30.2511182125595],[-97.7368786235743,30.2510097131087],[-97.7362030240054,30.2506750123329],[-97.7359599237198,30.2505635131829],[-97.7359408228419,30.250554313019],[-97.7359281233588,30.2504845117146],[-97.7358790241403,30.2502581124473],[-97.7358097227093,30.2499391114139],[-97.7357928236022,30.2498503124715],[-97.7357695222021,30.2497445128719],[-97.7357256233308,30.2494842130901],[-97.735715623285,30.2494342122475],[-97.7357036226911,30.2493782121117],[-97.7355916225382,30.2488422131882],[-97.7355636229491,30.2487122111815],[-97.7355196225681,30.2485042116485],[-97.7354796232835,30.2483052118396],[-97.7354546231691,30.2481762117287],[-97.7354496240446,30.2481452108587],[-97.7354300237034,30.2480582114188],[-97.7354109237238,30.2479419112115],[-97.7356583242446,30.2479842116652],[-97.7357831226955,30.2480075122155],[-97.7357596227677,30.2478562114143],[-97.7357376230264,30.2477422126268],[-97.7356826236731,30.2475392124639],[-97.7355706244184,30.2471422111511],[-97.735502623748,30.2468912112977],[-97.7354646241132,30.2467452121144],[-97.7354326243262,30.2465992111622],[-97.7354096238616,30.2464872122832],[-97.7353856226738,30.2463632120451],[-97.7353566241582,30.2462112126162],[-97.7353376238916,30.2460622115233],[-97.7353216222014,30.2458822125006],[-97.7353136236022,30.2457352107391],[-97.735311623054,30.2456202115147],[-97.7353216222014,30.2453872109662],[-97.7353376229933,30.2451732110781],[-97.7353536237851,30.2449752110422],[-97.7353616223844,30.2448912112827],[-97.7353846228489,30.2447302114136],[-97.7354156237094,30.2445942113909],[-97.7354876227811,30.2443292114509],[-97.7355326238852,30.2441842118841],[-97.7355986231092,30.2439972110564],[-97.7356706239775,30.2438232109627],[-97.7357826232322,30.2435752121431],[-97.7359086236289,30.2433312101277],[-97.735979623774,30.243204211129],[-97.7360316227542,30.2431062106712],[-97.7361476222069,30.2429182113407],[-97.7362636234561,30.2427312104321],[-97.7363206224592,30.2426442108551],[-97.7364006237235,30.2425172101925],[-97.7365126229782,30.2423472111569],[-97.7366316237022,30.2421772110511],[-97.7366896225302,30.2421002112807],[-97.7367496237029,30.242023210674],[-97.736820623848,30.2419382103776],[-97.7368746233764,30.2418712107405],[-97.7369346236509,30.2418012115804],[-97.7369836231563,30.241741210376],[-97.7370326244585,30.2416772100856],[-97.7370836236138,30.2416062112183],[-97.7371406235152,30.2415242108231],[-97.7371836231729,30.2414592108209],[-97.7372716230364,30.2413202098838],[-97.7374136233267,30.2410882095793],[-97.7370026234229,30.2409192107521],[-97.7368656240539,30.2408562102792],[-97.7366206229332,30.2407392100698],[-97.7364966239829,30.240673210746],[-97.7370336233851,30.2397482105377],[-97.7371168244484,30.239621809922],[-97.7371416224418,30.2395842104589],[-97.7373176221689,30.2393412105442],[-97.7374996235404,30.2391142105251],[-97.7376436234804,30.2389242105744],[-97.7377526232604,30.2387732093264],[-97.7378536235427,30.2386262101243],[-97.7379706228203,30.2384392095863],[-97.7381366233999,30.2381622102189],[-97.7384696243842,30.2375752088228],[-97.7385776234409,30.2373972097771],[-97.7388476237776,30.2369482107353],[-97.739483224062,30.235840109508],[-97.7396080225128,30.2356225086352],[-97.7397026231971,30.235451208553],[-97.7397406246286,30.2353762089872],[-97.739782623563,30.2352832089804],[-97.7398386236395,30.2351562088958],[-97.7398966233658,30.2350172099107],[-97.7399526234423,30.2348692085586],[-97.7399986243714,30.2347392090225],[-97.7402687235228,30.234061308716],[-97.7402936230259,30.2339982091605],[-97.7403336223105,30.233912208486],[-97.7403886243587,30.2337932076992],[-97.7404346234912,30.2337062095242],[-97.740486624268,30.2336211089003],[-97.7405828239535,30.2336373089764],[-97.7406671236564,30.233657208065],[-97.7407315238791,30.2336724092615],[-97.7408217246151,30.2336912101255],[-97.7409142232416,30.2337064082123],[-97.741086323382,30.2337404087036],[-97.7412373238931,30.2337696088513],[-97.7412956236567,30.2336752087464],[-97.7415136241149,30.2333052088229],[-97.7416026238034,30.2331482087745],[-97.7418686239421,30.2326932094423],[-97.7420456234941,30.2324022094732],[-97.7420860234274,30.2323364094516],[-97.7421206238372,30.2322802086432],[-97.742216624995,30.232121208403],[-97.742354624189,30.2318962088978],[-97.7431586253514,30.2305212074598],[-97.743452624181,30.2300362084783],[-97.743852624214,30.2293562080543],[-97.7442116251376,30.2287492082052],[-97.7444146237305,30.2284152077832],[-97.7446666245239,30.2279842074749],[-97.7450726244048,30.2273052073221],[-97.7452526243298,30.2270112077778],[-97.7453126246043,30.2269042076807],[-97.74534062599,30.2268612081311],[-97.7454146247115,30.226732207041],[-97.7455556260751,30.226507207623],[-97.7457660249894,30.2261608077954],[-97.746334523817,30.2252096072743],[-97.7471696255529,30.2237972072237],[-97.747262425115,30.2236535070091],[-97.7474586243596,30.2233496061182],[-97.7474787250624,30.2233176062011],[-97.7474992246171,30.223288506185],[-97.7477285249833,30.2229394062278],[-97.747880225282,30.2227076062765],[-97.7479711249072,30.2225637057593],[-97.7480557255458,30.222407206295],[-97.7483096244794,30.2219272065041],[-97.7483846248224,30.221786205577],[-97.7487816244825,30.2210562073442],[-97.7488160254663,30.2209934060523],[-97.748854725787,30.2209255056905],[-97.7493176258563,30.2200912064909],[-97.7496591249031,30.2195205053107],[-97.7498646253042,30.2191772060175],[-97.7501533258701,30.2186999057649],[-97.7502046250628,30.2186152058923],[-97.7503686259926,30.2183442069511],[-97.7504936256661,30.218129206604],[-97.7506766259642,30.2178052054858],[-97.7511046246881,30.2170912050767],[-97.7512106258916,30.2169172054898],[-97.7514266258016,30.2165512054613],[-97.7514786256802,30.2164812053516],[-97.7515646258939,30.2163342054249],[-97.7515930261316,30.2162872042773],[-97.7519614261279,30.2156772050008]]]},"properties":{"ZIPCODE":"78704"}},{"type":"Feature","geometry":{"type":"Polygon","coordinates":[[[-97.754213630106,30.2656432151022],[-97.7545956287991,30.2649052142963],[-97.7559575295671,30.2653179142691],[-97.7567076291175,30.2655452137523],[-97.761172630677,30.2677572151977],[-97.7621217313174,30.2681280148656],[-97.7623296302203,30.2682092148746],[-97.7649716320647,30.2692413147561],[-97.7660056315843,30.2696452155295],[-97.7671266320409,30.270100215213],[-97.7682876326803,30.2707412149895],[-97.7694346321778,30.2716162162274],[-97.7701496327535,30.272347516257],[-97.7705286328702,30.2727352160536],[-97.7709036345855,30.2730142149679],[-97.7714946344143,30.2734312153118],[-97.7717186329237,30.2735892154035],[-97.7717223330844,30.2735927158594],[-97.7718045334244,30.2736719159659],[-97.7719056334197,30.2737692156302],[-97.7718176335562,30.2738922153884],[-97.7715576332652,30.2742442158503],[-97.7714486334853,30.2743862160055],[-97.7715406335468,30.2744702161427],[-97.7731626334204,30.2759922171288],[-97.7732676339007,30.2760382161092],[-97.7733156335813,30.2760782158796],[-97.7733376342209,30.2761302163326],[-97.7733676334598,30.2761792152274],[-97.7734146342138,30.2762052165942],[-97.7734536336735,30.2762382163498],[-97.7735526334078,30.2762942159098],[-97.7735996350601,30.2763232172209],[-97.773668634657,30.2763382155415],[-97.7737146346878,30.2763642153147],[-97.7738326355869,30.2764392161734],[-97.7738836338439,30.2764762158104],[-97.7739346338975,30.2765202153606],[-97.7740766341877,30.2766242157706],[-97.7741366344622,30.2766392155969],[-97.774178634295,30.2766772159223],[-97.7742006340363,30.2767172154323],[-97.7742266339756,30.2767422158935],[-97.7744026337026,30.2768212156335],[-97.7743076341664,30.2768702172864],[-97.7738566340797,30.2776722159594],[-97.7738076336759,30.2776922162894],[-97.7737786342619,30.277707217504],[-97.7737436350001,30.2777542164334],[-97.7736716341317,30.2778812173064],[-97.7735626343518,30.2780382164666],[-97.7733756347541,30.2783612168741],[-97.7732986347612,30.2784162168039],[-97.773181633687,30.278525216602],[-97.7735176350443,30.2787692165225],[-97.7736506342154,30.2788702162039],[-97.7738006331049,30.278998215597],[-97.7739026341104,30.2790992165944],[-97.7740146333651,30.2792282179781],[-97.774206633884,30.2794572167574],[-97.7743246347831,30.2796122165831],[-97.7744536346545,30.2798022169615],[-97.7745406337949,30.2799242161857],[-97.7747066343746,30.2801612168396],[-97.7752026346671,30.2808932173166],[-97.776120634734,30.2822282178063],[-97.7764846356804,30.2827452174319],[-97.7767646351646,30.2831772171456],[-97.7776126358097,30.2843752184458],[-97.7785676356865,30.2856322176577],[-97.7802276369916,30.2878202177866],[-97.7810986372029,30.2889512189184],[-97.7819726368889,30.2901022179969],[-97.7826226380656,30.29094121905],[-97.7828996371767,30.2912992186656],[-97.7829523368428,30.2913678189174],[-97.7829770369199,30.2914017187798],[-97.7829934365637,30.2914243186815],[-97.7830230378489,30.2914600188521],[-97.7830856360512,30.2915622186146],[-97.7833106379787,30.2915662187352],[-97.783546437656,30.2915673186326],[-97.7852836374817,30.29159921953],[-97.7855396366764,30.2916072182167],[-97.7858016375155,30.2916172181255],[-97.7854666377797,30.2924992189444],[-97.7854206368507,30.292619219018],[-97.7853986380077,30.2926922186613],[-97.7853786388145,30.2927582187064],[-97.7853556374517,30.292843219228],[-97.7853396384565,30.2929172193026],[-97.7853276378626,30.2929892196781],[-97.7853246365912,30.2930492190457],[-97.7853226378397,30.2931282196177],[-97.7853306382356,30.2932052197116],[-97.7853386386316,30.2932812191506],[-97.78535563835,30.2933672190368],[-97.7853706375203,30.2934242194969],[-97.7854016374824,30.2935222193806],[-97.7854196379241,30.2935702190822],[-97.7854366376425,30.2936122190927],[-97.7854666377797,30.2936772202553],[-97.785496637917,30.2937302189518],[-97.7855766373846,30.2938722188308],[-97.7856526393492,30.2940082188608],[-97.7859485381156,30.2946892198644],[-97.7859646386205,30.2947262196002],[-97.7861716383097,30.295481218412],[-97.7862496381275,30.2961552199689],[-97.7862246380131,30.2966792199212],[-97.7859434383797,30.2972631200126],[-97.7858826377064,30.2973892191787],[-97.7849626370913,30.2989432207523],[-97.7834336380024,30.3010012215314],[-97.7820426381074,30.3026442211557],[-97.7813799374476,30.3033895209376],[-97.7806386377937,30.3042232220909],[-97.7792346374799,30.3062982214841],[-97.7785923366619,30.3076791232504],[-97.7782768375543,30.3083573219122],[-97.7781076371756,30.308721221789],[-97.77764853698,30.3102052228676],[-97.7774486357781,30.3108512224862],[-97.7769506376324,30.3134702237743],[-97.7768155373019,30.3134274234289],[-97.7763636362049,30.3132842234857],[-97.77471963659,30.3128672242701],[-97.7741686360459,30.3126552233841],[-97.7738196360664,30.312603223682],[-97.7729326368599,30.3127732235899],[-97.7722576355689,30.3129172238196],[-97.7715896366455,30.3131722239171],[-97.771198635935,30.3134182229537],[-97.7710296349822,30.3135362230163],[-97.770855634905,30.3136822228971],[-97.7705996357103,30.3138792235549],[-97.7703466350919,30.3140502239583],[-97.7700656348845,30.3142362235685],[-97.7698526344492,30.3143442235053],[-97.7696356347142,30.3144292239248],[-97.7693736347734,30.314514223495],[-97.7691936348483,30.314547224321],[-97.7690846350684,30.3145652233569],[-97.7689966343066,30.3145662237341],[-97.7689166348389,30.3145472235455],[-97.7688566345645,30.3145232245674],[-97.7687696345258,30.3144682239465],[-97.7686406355527,30.3144022230058],[-97.7679806352286,30.3139672232011],[-97.7676386340235,30.3138002241929],[-97.7673626329407,30.3136502237174],[-97.7671196341648,30.3135192234038],[-97.7668455339171,30.313376224448],[-97.7660726333281,30.3129632233206],[-97.7658906337532,30.3128562230319],[-97.7656366342083,30.3127082242301],[-97.7650776341666,30.3123822232831],[-97.764618633684,30.3121002234543],[-97.7644096334466,30.3119802231819],[-97.7642646336816,30.3118812242813],[-97.7641916338867,30.3118242236939],[-97.7640646336651,30.3117142240449],[-97.7639976328196,30.3116422234605],[-97.7639346339687,30.3115792233904],[-97.7636856326501,30.3113152224347],[-97.7634336336533,30.3110732236482],[-97.7633146329293,30.3109492235642],[-97.7632106322739,30.3108552233709],[-97.7631366326541,30.3107942236263],[-97.7630176328284,30.310708223515],[-97.7629086330484,30.3106322228488],[-97.7628429338618,30.3105876236141],[-97.7626936329633,30.3104862230773],[-97.7625576334192,30.3104002226957],[-97.7623996323371,30.3103002225539],[-97.7622406323285,30.3102152232062],[-97.7620116328979,30.3100902231649],[-97.7618156330793,30.3099982229954],[-97.7616136325146,30.3099212229051],[-97.7614046322773,30.3098542231298],[-97.7606106338555,30.3096402226266],[-97.7602136323989,30.3095402224849],[-97.759926633242,30.309475224083],[-97.7597786322057,30.309444222408],[-97.7595746328895,30.3094042230591],[-97.7594116308862,30.309372223258],[-97.7592076324684,30.3093322231042],[-97.7590666320031,30.3093052231075],[-97.759005632802,30.3093212237958],[-97.7584796314739,30.309230223336],[-97.758095633131,30.3091642235208],[-97.7578746322997,30.3091252229393],[-97.7578076314543,30.3091152224894],[-97.7576806312327,30.3090942227046],[-97.7576286322524,30.3090862238933],[-97.7575136317264,30.3090702223911],[-97.7574056317713,30.3090532235549],[-97.7571986311838,30.3090222232975],[-97.7571552317758,30.3090146223273],[-97.7570920317023,30.3090031227662],[-97.7570056317383,30.3089852227522],[-97.7567944315268,30.3089487239613],[-97.7565892320614,30.3089132224896],[-97.7563726302801,30.308877322382],[-97.7561356313519,30.3088352226624],[-97.7560816309253,30.3087952230649],[-97.7559416302849,30.3087712234537],[-97.7558562319424,30.3087583240286],[-97.7555606314166,30.3087112244],[-97.7554906310965,30.3087002226953],[-97.7552396310263,30.3086602230428],[-97.7550604315001,30.3086329235052],[-97.7549176317093,30.3086112233105],[-97.7547986309853,30.3085902226422],[-97.7546496301241,30.3085652225424],[-97.7545406312424,30.3085402239873],[-97.754433630214,30.3085152238747],[-97.7543256311573,30.3084902222048],[-97.7526586301795,30.308080222757],[-97.7521996305952,30.3079652236632],[-97.7521386295975,30.3079492227535],[-97.751974629566,30.3079022227806],[-97.7518716296338,30.3078662238092],[-97.7517846304935,30.3078352239519],[-97.7516216302869,30.3077632228444],[-97.7515556301646,30.3077312225076],[-97.7514046305519,30.3076492230509],[-97.7512846291047,30.3075812228252],[-97.7511756293247,30.3075132233279],[-97.7509816300543,30.3073802232168],[-97.7509686305338,30.3073722227144],[-97.7507506300756,30.3072472229251],[-97.75066663041,30.3072092228086],[-97.7505616299297,30.3071692225476],[-97.7504536299747,30.3071412230532],[-97.7503906293272,30.3071292230458],[-97.7503726306822,30.3070462234072],[-97.7503586295401,30.307001222359],[-97.7503266288548,30.3069522225729],[-97.7502366302397,30.3067722227369],[-97.7500112294602,30.3065861228752],[-97.749886629537,30.3064832221624],[-97.7495166305395,30.3061882226132],[-97.7494819286201,30.3061598226534],[-97.7494346305237,30.306121224164],[-97.7493896285212,30.3060782228433],[-97.7493466297619,30.3060332229018],[-97.7493006297311,30.3059792234101],[-97.7492746306902,30.3059282237336],[-97.7492556295253,30.305870223096],[-97.7492316292358,30.305804223345],[-97.7492296286877,30.305746222634],[-97.7492376299819,30.3057032226998],[-97.7492141291558,30.3056441229651],[-97.7492209285042,30.3056059229091],[-97.7492426291064,30.3055486231848],[-97.7492686290457,30.3054532225828],[-97.7492766294417,30.3053572231564],[-97.7492696288706,30.3052612236361],[-97.7492626300963,30.3052192231862],[-97.7486636298716,30.3048072222877],[-97.7487676287303,30.304741221821],[-97.7488386288754,30.3046912227539],[-97.7489046289977,30.30464422277],[-97.7489816289906,30.3045732229001],[-97.7490526282374,30.3045022237544],[-97.7491216305293,30.3044282223398],[-97.749200630172,30.3043332223913],[-97.7492736290686,30.3042422227298],[-97.7493626296554,30.3041252220437],[-97.7494256285063,30.3040112226728],[-97.7494626292145,30.3039162230957],[-97.7494996290244,30.3038122221469],[-97.7495466288801,30.3036942220107],[-97.7496106293525,30.3035712216124],[-97.7496846298707,30.3034802220191],[-97.7497636304117,30.3033982228843],[-97.7498616294227,30.3033052221463],[-97.7499466298115,30.3032352225751],[-97.7500306294771,30.3031762229529],[-97.7500886301017,30.3031172232955],[-97.7501356299574,30.3030452226005],[-97.7501676288461,30.3029592218949],[-97.7501676297444,30.3028502221008],[-97.7501356299574,30.3027502212367],[-97.7500896290283,30.302683221989],[-97.7500306285788,30.3026092223037],[-97.749840628608,30.3025922231227],[-97.7496806287744,30.302517222093],[-97.7495826297634,30.3024432215068],[-97.7494716294353,30.3022522218212],[-97.7493986296404,30.3021032227909],[-97.7492876293123,30.3018382214],[-97.7491646292887,30.3016042211305],[-97.7490296286712,30.3014242215575],[-97.7488576282437,30.3012542213556],[-97.7486486289046,30.3010842216346],[-97.748500629665,30.300936222121],[-97.7483166286436,30.3007452210508],[-97.7480956278124,30.300564222483],[-97.7479356297754,30.3004582215897],[-97.7477756290435,30.3003732214638],[-97.7475176293007,30.3002462225617],[-97.7473126283629,30.3001222219666],[-97.7472706285302,30.3000912219872],[-97.7472156300752,30.3000512211487],[-97.7471426284836,30.299974221001],[-97.7470796278361,30.299874221857],[-97.7470376298,30.2997832219348],[-97.7470166289853,30.2996882213632],[-97.747008627691,30.2995712214473],[-97.7470256292061,30.2994672220942],[-97.747058628818,30.2993872214429],[-97.7470966293512,30.2993172229524],[-97.7471526285294,30.2992432222777],[-97.7472066289561,30.2991852223387],[-97.7472786289261,30.2991302208673],[-97.7473546281957,30.2990882216689],[-97.747452628105,30.2990522217876],[-97.747694629751,30.299031222174],[-97.7478886290214,30.2990312213983],[-97.7481506289623,30.2990392225813],[-97.7483536293519,30.2990252220619],[-97.7485036282414,30.2989962212566],[-97.7486536289275,30.2989702212763],[-97.7488496296444,30.2989132209371],[-97.7490856287476,30.2988262222742],[-97.7491956301491,30.2987662217874],[-97.7493066295789,30.2986902211698],[-97.7494596288415,30.2985632208635],[-97.7495866290631,30.2984042208894],[-97.7497136283863,30.2982702210623],[-97.7498086297192,30.2981132217032],[-97.7498996290575,30.2979832213373],[-97.7499656291798,30.2978792218512],[-97.7500116283122,30.297777221025],[-97.7500336289518,30.2976772211918],[-97.7500166301317,30.297582220131],[-97.7499826297965,30.2974982219414],[-97.7499096282049,30.2974022209306],[-97.7498696289203,30.2973562218834],[-97.7498036296963,30.2973082224836],[-97.7497336293762,30.297277220839],[-97.7496336289187,30.2972162219526],[-97.7495506281797,30.2971412214642],[-97.7494856287807,30.2970282215095],[-97.7494376299985,30.2968852202133],[-97.7494026298384,30.2967532209796],[-97.7493776288257,30.2967022211575],[-97.7488826283581,30.2956822214739],[-97.7483586284764,30.2948372202749],[-97.7479306288542,30.2940452211804],[-97.7475996284181,30.2933462205326],[-97.7475696282809,30.2932592200335],[-97.747495628661,30.2929222191904],[-97.7474886289884,30.2928422209561],[-97.7474786289426,30.2927412209202],[-97.747351628721,30.2927852201576],[-97.7471756289939,30.2928462210244],[-97.7471476276082,30.2928542196095],[-97.7471136290696,30.292859220276],[-97.7470776281863,30.2928602208748],[-97.7470966275546,30.2927962205456],[-97.7471156278211,30.2927412201445],[-97.7471386273874,30.2926912196122],[-97.7471716278976,30.2926202196191],[-97.7472186286516,30.2925522198288],[-97.7472606284844,30.2925022199757],[-97.7473146289111,30.2924432201008],[-97.7473706289876,30.292387219674],[-97.7474346276634,30.2923312199909],[-97.7475106287297,30.2922782205383],[-97.7475846283495,30.2922332204684],[-97.7476616283424,30.2921992200572],[-97.7477356279623,30.292172219996],[-97.7477976287849,30.2921552205569],[-97.7479136282375,30.2921252202164],[-97.7480246285656,30.2921002205721],[-97.7483753281576,30.2920349189578],[-97.7498826284408,30.2917542195654],[-97.7498656296206,30.2918042205754],[-97.7498496279305,30.2918412206238],[-97.7498246296128,30.291883220599],[-97.749803628798,30.2920712200459],[-97.7497146282113,30.292219219753],[-97.7497966291253,30.2922192189774],[-97.7498716285701,30.2922192205287],[-97.7500976285259,30.2921992200572],[-97.7503186293572,30.2921582200475],[-97.7508596298556,30.2920092204166],[-97.7511806293476,30.2918872191552],[-97.7513686296686,30.2917842200193],[-97.7515076286874,30.2916792203295],[-97.7516236281401,30.2915482201304],[-97.7517526289098,30.2913742205191],[-97.7518056286133,30.2912802201727],[-97.7518526302656,30.2911362199625],[-97.7518656297861,30.2910082201153],[-97.7518546299154,30.290748219766],[-97.7518549290544,30.2907405204197],[-97.7518576284918,30.2906812192988],[-97.751862629413,30.2906082204857],[-97.7518836293294,30.2905392210052],[-97.7519026286977,30.29047422009],[-97.7519486296267,30.2903822209047],[-97.7520086299012,30.2902962199525],[-97.75207562895,30.2902072201506],[-97.7522336291338,30.2900512193703],[-97.7523626299035,30.2899212199526],[-97.7524756298814,30.2898052198732],[-97.752592629159,30.2896712199318],[-97.7527226297536,30.2895172195646],[-97.7528786293892,30.2893322202293],[-97.7530676295351,30.2890192204294],[-97.7532496300083,30.288726818872],[-97.7532836303435,30.2886722195483],[-97.7533436297197,30.288521218766],[-97.7534216295374,30.2883422198697],[-97.7535066299262,30.2881682192254],[-97.7535876292188,30.2880022195802],[-97.753657629539,30.2879062193582],[-97.7537306293339,30.2878292189829],[-97.753787631032,30.2877522200986],[-97.7538566297306,30.2876722191991],[-97.7539146303553,30.2875752195529],[-97.7539736290082,30.287479218913],[-97.7540536302724,30.2873312190352],[-97.7541236305926,30.287150218205],[-97.7541786290476,30.2869542187937],[-97.7542086300831,30.2867882194215],[-97.7542346300224,30.2865822188658],[-97.7542176294056,30.2864412191813],[-97.7542016295121,30.2862842195033],[-97.7541860302672,30.2862071193396],[-97.7541726291998,30.2861412188318],[-97.7541626291541,30.2860212178144],[-97.7541681295385,30.2859760186189],[-97.7541786290476,30.2858892194737],[-97.7542206288804,30.2856762185325],[-97.7542836295279,30.2854952177517],[-97.7543946289577,30.2852262191973],[-97.7544676305492,30.2850872189198],[-97.7545196304278,30.2849782186538],[-97.7545536298646,30.2848822185754],[-97.75456762921,30.2847562181361],[-97.7545676301083,30.2846192185582],[-97.7545546296896,30.2845332195352],[-97.7545246295523,30.2844372182457],[-97.7544846293693,30.2843732186267],[-97.7544196299703,30.2843072191456],[-97.7541576300295,30.2841272180784],[-97.7533006282653,30.2835772183737],[-97.7530726286597,30.2833542186446],[-97.7528576294728,30.2831862179921],[-97.7525976291818,30.2830582178561],[-97.7523406292639,30.282982217478],[-97.7522066302679,30.2829232180831],[-97.751851628644,30.2826762186267],[-97.7514606297301,30.2824862183831],[-97.7513446293791,30.2824482187557],[-97.7512976286251,30.2824232189724],[-97.7512546280691,30.2823922180531],[-97.7512396288988,30.2823732186109],[-97.7512176291575,30.2823542183893],[-97.7509796286078,30.282015218226],[-97.7508616295054,30.2817042182269],[-97.7507836287893,30.2813342176674],[-97.7507606283247,30.2808032183472],[-97.7507756292917,30.2804822173427],[-97.7508246278988,30.2802592175612],[-97.7508676275565,30.2800592169818],[-97.7508736292009,30.2799852180683],[-97.7509346293003,30.2796492173512],[-97.7509666290874,30.279507217829],[-97.7509986288744,30.2793392175717],[-97.7510346297577,30.2791302177783],[-97.751046628555,30.2790532174972],[-97.7510506287529,30.2789972164085],[-97.7510586282506,30.2789362170149],[-97.7510726293926,30.2788112174395],[-97.7510726284943,30.2787442165776],[-97.7510656288216,30.2786602169954],[-97.7510476283799,30.2785322179371],[-97.7510146296663,30.2784062178768],[-97.7509776280597,30.2783042177465],[-97.7508776285006,30.2780782169734],[-97.7508356277695,30.277833217686],[-97.7507966292081,30.2778012176675],[-97.7507466271827,30.277769216087],[-97.7506846281567,30.2777352168689],[-97.7506206285827,30.2776982169308],[-97.7505876280724,30.2776712167574],[-97.7505526279123,30.277631218412],[-97.7505236284983,30.2775772180211],[-97.7504986283839,30.2775232168246],[-97.7504296278886,30.2773542178443],[-97.7503926280787,30.2772832176122],[-97.7503266279565,30.2771292171943],[-97.7502976276441,30.2770692173993],[-97.750266627682,30.2770042176446],[-97.7502436281158,30.2769522168789],[-97.7502176290748,30.2768972161286],[-97.7501956284352,30.2768402169265],[-97.7501676279478,30.2767622171889],[-97.750132628686,30.2766532169842],[-97.7501416280085,30.2765152177401],[-97.7501556291505,30.2764242163165],[-97.7501866291127,30.2763722167951],[-97.7502246278492,30.2763262171955],[-97.7502906288698,30.2762642177011],[-97.7503876280558,30.2762032181603],[-97.7504726284446,30.2761642176583],[-97.7505656283311,30.2761212171662],[-97.7506366275778,30.2760802166435],[-97.7507166279438,30.276017216999],[-97.7508136280282,30.2759482173419],[-97.7509016269934,30.2758802168567],[-97.7509866282805,30.2758092171097],[-97.7510546289509,30.2757432172989],[-97.7510996273601,30.2756982166266],[-97.7511566281598,30.2756312175182],[-97.751194628693,30.2755722160309],[-97.7512416285487,30.2754782160599],[-97.7512936284272,30.2753392167136],[-97.751338628633,30.2752162164414],[-97.7513766291662,30.27511821689],[-97.7514096278798,30.2750432157976],[-97.7514576284587,30.2749632169484],[-97.7515016288397,30.2748752164323],[-97.7515496285202,30.2748242168728],[-97.7516156295408,30.2747892166274],[-97.7516826276913,30.2747022175148],[-97.7518776285833,30.2744732161739],[-97.7520066284547,30.2743052173845],[-97.7520396280667,30.2742322164725],[-97.7520656298026,30.2741592170578],[-97.7520586283333,30.2740922168989],[-97.7520266294445,30.274031216784],[-97.7520056295281,30.2740042163776],[-97.7514956289919,30.273596216315],[-97.7513976281843,30.2735162162865],[-97.7513326278869,30.2734492164645],[-97.7512936284272,30.2733702171136],[-97.7512676284879,30.2733032156403],[-97.7512646281149,30.2732432166095],[-97.7512806280084,30.2731862152853],[-97.7513136285187,30.2731022163767],[-97.7513256282142,30.2730752157148],[-97.7513286285873,30.2730442172731],[-97.7513286294856,30.2730132157184],[-97.7513176278183,30.2729972160883],[-97.7513066279477,30.2729622159672],[-97.7512556278941,30.2729062160579],[-97.7511776289745,30.2728612171881],[-97.7510936284107,30.2728222161339],[-97.7510216284406,30.2727832166157],[-97.7509546275952,30.2727302166887],[-97.7508856279982,30.272654216846],[-97.7508536282111,30.2725822155116],[-97.7508326282947,30.2724702152272],[-97.750832629193,30.2724102164631],[-97.7508596289573,30.2723472152388],[-97.7509116288358,30.272286215591],[-97.7509766282348,30.2722072168557],[-97.7509976281512,30.2721752165544],[-97.7510156285929,30.2721342167108],[-97.7510226282655,30.2720592164416],[-97.7510296288366,30.2720042168284],[-97.7510246279154,30.2719632153617],[-97.7509976290495,30.2718942167337],[-97.7508356277695,30.2715772170059],[-97.7508286280968,30.2715202162659],[-97.7508346270463,30.2714652163507],[-97.7510546289509,30.2709442153012],[-97.7512396288988,30.2704992153841],[-97.7505946268467,30.270263216278],[-97.7509506273972,30.2693112160037],[-97.7512336281527,30.2685162162336],[-97.7519676280967,30.2685242152504],[-97.7519886280131,30.2685202165179],[-97.752028628196,30.2685162154578],[-97.7521346285012,30.2685172155289],[-97.752216628517,30.2685142153156],[-97.7522586274515,30.2685172163048],[-97.7522926277867,30.2685202157421],[-97.752401628465,30.2685492154709],[-97.7524716287851,30.268576215826],[-97.7525576281005,30.2686682145092],[-97.7525806285651,30.2687242152846],[-97.7526176274767,30.2687962163454],[-97.7526556289082,30.268913216502],[-97.752696628916,30.2690222159918],[-97.7527126297079,30.2691712156183],[-97.7527056291369,30.2692932156439],[-97.7526556289082,30.2694182164796],[-97.7525626281234,30.269520214207],[-97.7525216281155,30.2695472158468],[-97.7524286282291,30.2695962157004],[-97.752682627774,30.2696442162457],[-97.7529266281715,30.2696942153341],[-97.7530186291313,30.2697142157382],[-97.7530956282259,30.2697362154798],[-97.7531716283939,30.26976221545],[-97.7536456298434,30.2688322156923],[-97.7536846293032,30.2687512148158],[-97.75371862874,30.268694216314],[-97.7537676300421,30.2686192157441],[-97.7538126293497,30.2685232151793],[-97.7539726291833,30.2684832162094],[-97.7537076288694,30.2682812147614],[-97.7536066294854,30.2681722160006],[-97.7535186278252,30.2680602153398],[-97.7534516287764,30.2679582153195],[-97.7534006278244,30.2678462151905],[-97.7533676282125,30.2677152157572],[-97.7533426271998,30.2675812151314],[-97.7533376289735,30.2674502161203],[-97.7533466291944,30.2672872150398],[-97.7533756295067,30.2671422152221],[-97.7534536284262,30.266800215007],[-97.7538956291904,30.2661372153346],[-97.754213630106,30.2656432151022]]]},"properties":{"ZIPCODE":"78703"}},{"type":"Feature","geometry":{"type":"MultiPolygon","coordinates":[[[[-97.7292686229001,30.27849421833],[-97.7293826236012,30.2784842178593],[-97.729511023398,30.2785466185765],[-97.7297572228713,30.278551418272],[-97.7298112223996,30.2785498186321],[-97.7298783229581,30.2785546191032],[-97.7299525238006,30.2785578183828],[-97.7300383227917,30.2785657188341],[-97.7301828230934,30.2785800178426],[-97.730273623904,30.2785412184339],[-97.7305086240806,30.2785612185869],[-97.7308716234054,30.2786422183501],[-97.7311076225087,30.2786992188329],[-97.7313016244741,30.2787452173202],[-97.731511623638,30.2787992193958],[-97.7316386238596,30.278832219055],[-97.7322006233761,30.278981217754],[-97.7320916235961,30.2790332182203],[-97.7319866240142,30.2790732183215],[-97.7318926243028,30.279111219256],[-97.7317666239062,30.2791632188777],[-97.7316336238368,30.2792222182061],[-97.7315236233336,30.2792712171087],[-97.7314906237216,30.2792882187804],[-97.731381923979,30.2793411189712],[-97.7311935239077,30.2794493187051],[-97.7311312239461,30.2794924178123],[-97.7310516233305,30.2795612187095],[-97.7309566228959,30.2796262190978],[-97.7308626240829,30.2797032189293],[-97.7307766220726,30.2797772188313],[-97.7307016235261,30.2798582183665],[-97.7306226238834,30.2799482189784],[-97.7305711234682,30.2800154183885],[-97.7305126233802,30.280089218685],[-97.7304560232291,30.2801648194611],[-97.7304098246707,30.2802322188683],[-97.730102924237,30.2806639177928],[-97.7300166230877,30.2807822187051],[-97.729713623139,30.2811862178287],[-97.7295816237928,30.2813482191607],[-97.7294796236856,30.2814822180586],[-97.7293286240728,30.281661218611],[-97.7291886243307,30.2818242198699],[-97.7289056226769,30.2821262185457],[-97.7287206236273,30.2823132181435],[-97.7285706229411,30.2824542191061],[-97.7284186226052,30.2825822200302],[-97.7282356232054,30.2827832184958],[-97.7281496220934,30.2829162201642],[-97.7280896218189,30.2830322198564],[-97.7279776225642,30.2832272194246],[-97.7277676242986,30.2839022197707],[-97.7273956238546,30.2851932193614],[-97.7272486235415,30.2856842200293],[-97.7271586231298,30.2859752204109],[-97.7269533221548,30.2866401199864],[-97.7267966236299,30.2871162206861],[-97.7270577234588,30.2872134201417],[-97.7273220221884,30.2873117202218],[-97.7274016228041,30.2873462195519],[-97.7275736241298,30.2874262199415],[-97.7277924231903,30.287531619791],[-97.7279056234925,30.2875862197495],[-97.7280112231491,30.2876366200422],[-97.7287056235587,30.2879682192538],[-97.7288496234987,30.2880472200399],[-97.7289479243436,30.2881061209429],[-97.7290746236296,30.2881952196131],[-97.7291536241707,30.2882572208774],[-97.7291915231941,30.2882929206493],[-97.729442724487,30.2880310196286],[-97.7296536228645,30.2878632193576],[-97.7298116239466,30.2877002195989],[-97.7298446235585,30.2876602199117],[-97.7298636238251,30.2876322202762],[-97.7298836239166,30.2875902200322],[-97.7299026223866,30.2875452201387],[-97.7299276233992,30.2874732196456],[-97.7301056236745,30.2875682196387],[-97.7302196234773,30.2876282207709],[-97.7303046238661,30.2876832193848],[-97.7303886235317,30.2877462200722],[-97.730453623829,30.2877862204999],[-97.7305006236847,30.2878112212438],[-97.7305456229922,30.2878292205343],[-97.7305976246674,30.2878462199474],[-97.7306536238456,30.287858219212],[-97.7307366245845,30.2878722189985],[-97.7308206233518,30.2878802203162],[-97.730919623086,30.2878892199556],[-97.7312736239867,30.2879072207831],[-97.7313886236144,30.2879082214323],[-97.7315016235923,30.2879152189952],[-97.7315936236538,30.2879032205133],[-97.7316796247658,30.2878832199374],[-97.7317946243936,30.2878192202394],[-97.7318346236782,30.2877792198251],[-97.7318906237547,30.2876732206263],[-97.7319256248131,30.2874492194694],[-97.7319276235647,30.2872492188076],[-97.7319066254449,30.2869692201437],[-97.731952623679,30.2867632191925],[-97.7320036237326,30.286631219523],[-97.7320416251641,30.2865802198675],[-97.7320846239235,30.2865412196111],[-97.7324206243825,30.2863202194171],[-97.7324856237815,30.2862692203756],[-97.7325306248856,30.2862182197563],[-97.7326026248556,30.2860882199132],[-97.7326666244297,30.2858672202501],[-97.7327916241032,30.2852922196116],[-97.7330356245007,30.2852962192122],[-97.7335296242451,30.2853042191886],[-97.733721624764,30.2852822198338],[-97.7337016237742,30.2853172186639],[-97.7336646248626,30.2853802193193],[-97.7336006243902,30.2856072202372],[-97.7335366248161,30.2861272195739],[-97.7335436244888,30.2870632191915],[-97.7338006244068,30.2870832199344],[-97.7340376242332,30.2871012201343],[-97.7340876253602,30.2873652195824],[-97.7341166247742,30.2875702193926],[-97.7341636255282,30.2879622200163],[-97.7343186253389,30.2880692195503],[-97.7344976254391,30.2882752200861],[-97.7345906253255,30.2884042202654],[-97.7346746258894,30.2885582200528],[-97.7347516258823,30.2887582203729],[-97.7348116252584,30.288983219179],[-97.7349206259367,30.2891842200445],[-97.735639625812,30.2894032194998],[-97.7365116249499,30.2894582194456],[-97.7368176261699,30.2894772198427],[-97.7367765264491,30.2898031193262],[-97.7366786253544,30.2905792210697],[-97.7366056264578,30.2914112215055],[-97.7365906254909,30.2916322210894],[-97.7365806254452,30.2918282204617],[-97.7365776250721,30.2919522206854],[-97.7365816261684,30.2920372211298],[-97.7365836249199,30.2921432194911],[-97.7365886249428,30.292270220355],[-97.736585625468,30.2923302209381],[-97.7365846256431,30.2924132213998],[-97.7365776259704,30.2924762198249],[-97.7365736257725,30.2925182210795],[-97.7365606253537,30.2925642208447],[-97.7367206260855,30.2926012206064],[-97.7368236251194,30.2926252210733],[-97.7369256252267,30.2926572209111],[-97.7370286260571,30.2926902205631],[-97.7373936268284,30.2928222213873],[-97.7384916259221,30.2929772210412],[-97.7386163264566,30.2929345203403],[-97.7386858264152,30.2929047195822],[-97.7387603254983,30.2928352206421],[-97.7388150257126,30.2926614211072],[-97.7388597249828,30.2923932209679],[-97.738937625986,30.2918292195195],[-97.7397156254125,30.2919052215761],[-97.7401106272193,30.2919442212512],[-97.740114626519,30.2916982195208],[-97.7401406264582,30.2912942210222],[-97.7401846259408,30.2907012193041],[-97.740269627228,30.2897742205109],[-97.7408313267072,30.2898209204524],[-97.7414116258043,30.289869219827],[-97.7414216276467,30.2897582197352],[-97.7414816270228,30.2890972205077],[-97.7415176279061,30.288789218505],[-97.741580626757,30.2880772193005],[-97.7416146270922,30.2877002188232],[-97.7417233259365,30.2864710188004],[-97.7417746269258,30.2859142191495],[-97.7418646264391,30.2850132191439],[-97.7419646268966,30.2838282183252],[-97.7407836261656,30.2837382189449],[-97.7397456255497,30.2836662187606],[-97.7395556255789,30.2836562188171],[-97.7390208261509,30.2836029191239],[-97.7391396256523,30.2824402193222],[-97.737528624751,30.2824602194562],[-97.7374415241011,30.2834732191267],[-97.7346821241271,30.2832323183245],[-97.7344005238451,30.2832161194453],[-97.7342421248093,30.2832161186695],[-97.7340626252459,30.2832182185819],[-97.7339996237001,30.2830552188629],[-97.7338906248184,30.2828452185261],[-97.7335676238799,30.2823992183366],[-97.7334456245795,30.2821862183518],[-97.7333486244951,30.2819882192404],[-97.7333116246852,30.2818362190953],[-97.7332946231702,30.2816252185391],[-97.7333155233736,30.2813732192179],[-97.7335608245316,30.2815057185615],[-97.7335836246718,30.281463219216],[-97.7336726252585,30.2813672180256],[-97.7336816236828,30.2813262189189],[-97.7336576251899,30.2812162191874],[-97.7336666236141,30.2811582186728],[-97.7336956248248,30.2810882188086],[-97.7337666249699,30.2810152190632],[-97.7338586241331,30.2809342181558],[-97.7339893245153,30.2808439182319],[-97.7352529244384,30.2817523175766],[-97.7353419241268,30.2816704189633],[-97.7354576244405,30.2816072196618],[-97.7355686247686,30.2815622185756],[-97.7357266258506,30.2815362178523],[-97.7366336251486,30.2815922182677],[-97.7373006242471,30.2816342187522],[-97.7376786263355,30.2816582180237],[-97.7379166250885,30.2812332181948],[-97.7379936241831,30.2810272183875],[-97.7381372252712,30.2806377182384],[-97.7386146250475,30.2807782181448],[-97.7392712261465,30.2809741189617],[-97.7394696262635,30.2810202180061],[-97.7398106249487,30.2811222191921],[-97.7399826253762,30.2811702187553],[-97.7402416258423,30.2812432183853],[-97.7405066261561,30.2813182178424],[-97.7410076264716,30.2814612185619],[-97.7413003263372,30.2815466182976],[-97.7415800266824,30.2816246181111],[-97.7419466273532,30.2817272183205],[-97.7422224263151,30.2817969182911],[-97.7423306265945,30.2818242198699],[-97.7424036254911,30.2818472176081],[-97.7426996257671,30.2819362195643],[-97.7432006269808,30.282082218406],[-97.7435866276685,30.2821882189911],[-97.7437836264137,30.2822482187592],[-97.7442126267591,30.2823772183305],[-97.7447556278056,30.2825322181982],[-97.7450496284318,30.2826212187574],[-97.7451596271383,30.2826572184638],[-97.7452476270019,30.2826792184071],[-97.7453266266446,30.2827002191947],[-97.7459176273717,30.282857219178],[-97.7461906280815,30.2829342195771],[-97.7467406288007,30.2830902184875],[-97.7471936276389,30.2832172186605],[-97.7482866285064,30.2835302183547],[-97.7493446274171,30.28382721841],[-97.7494876275322,30.2838642191401],[-97.7496026280583,30.2838882186419],[-97.7497526287444,30.2839072193422],[-97.7498706287452,30.2839232187451],[-97.7500156294085,30.2839342177997],[-97.7501416280085,30.2839412187489],[-97.7502426273926,30.2839382182313],[-97.7509736287601,30.2838922182997],[-97.7513606292727,30.283859218015],[-97.7515240283313,30.2838300180172],[-97.7517412292889,30.2837845183804],[-97.7518044293624,30.2837653182938],[-97.7518756289334,30.2837342185051],[-97.7519116289185,30.283715218547],[-97.751960628424,30.2836772178441],[-97.7520176292237,30.2836262182045],[-97.7521496285699,30.2836772178441],[-97.7523296284949,30.2837822175663],[-97.752501628024,30.2837322186729],[-97.7533006282653,30.2835772183737],[-97.7541576300295,30.2841272180784],[-97.7544196299703,30.2843072191456],[-97.7544846293693,30.2843732186267],[-97.7545246295523,30.2844372182457],[-97.7545546296896,30.2845332195352],[-97.7545676301083,30.2846192185582],[-97.75456762921,30.2847562181361],[-97.7545536298646,30.2848822185754],[-97.7545196304278,30.2849782186538],[-97.7544676305492,30.2850872189198],[-97.7543946289577,30.2852262191973],[-97.7542836295279,30.2854952177517],[-97.7542206288804,30.2856762185325],[-97.7541786290476,30.2858892194737],[-97.7541681295385,30.2859760186189],[-97.7541626291541,30.2860212178144],[-97.7541726291998,30.2861412188318],[-97.7541860302672,30.2862071193396],[-97.7542016295121,30.2862842195033],[-97.7542176294056,30.2864412191813],[-97.7542346300224,30.2865822188658],[-97.7542086300831,30.2867882194215],[-97.7541786290476,30.2869542187937],[-97.7541236305926,30.287150218205],[-97.7540536302724,30.2873312190352],[-97.7539736290082,30.287479218913],[-97.7539146303553,30.2875752195529],[-97.7538566297306,30.2876722191991],[-97.753787631032,30.2877522200986],[-97.7537306293339,30.2878292189829],[-97.753657629539,30.2879062193582],[-97.7535876292188,30.2880022195802],[-97.7535066299262,30.2881682192254],[-97.7534216295374,30.2883422198697],[-97.7533436297197,30.288521218766],[-97.7532836303435,30.2886722195483],[-97.7532496300083,30.288726818872],[-97.7530676295351,30.2890192204294],[-97.7528786293892,30.2893322202293],[-97.7527226297536,30.2895172195646],[-97.752592629159,30.2896712199318],[-97.7524756298814,30.2898052198732],[-97.7523626299035,30.2899212199526],[-97.7522336291338,30.2900512193703],[-97.75207562895,30.2902072201506],[-97.7520086299012,30.2902962199525],[-97.7519486296267,30.2903822209047],[-97.7519026286977,30.29047422009],[-97.7518836293294,30.2905392210052],[-97.751862629413,30.2906082204857],[-97.7518576284918,30.2906812192988],[-97.7518549290544,30.2907405204197],[-97.7518546299154,30.290748219766],[-97.7518656297861,30.2910082201153],[-97.7518526302656,30.2911362199625],[-97.7518056286133,30.2912802201727],[-97.7517526289098,30.2913742205191],[-97.7516236281401,30.2915482201304],[-97.7515076286874,30.2916792203295],[-97.7513686296686,30.2917842200193],[-97.7511806293476,30.2918872191552],[-97.7508596298556,30.2920092204166],[-97.7503186293572,30.2921582200475],[-97.7500976285259,30.2921992200572],[-97.7498716285701,30.2922192205287],[-97.7497966291253,30.2922192189774],[-97.7497146282113,30.292219219753],[-97.749803628798,30.2920712200459],[-97.7498246296128,30.291883220599],[-97.7498496279305,30.2918412206238],[-97.7498656296206,30.2918042205754],[-97.7498826284408,30.2917542195654],[-97.7483753281576,30.2920349189578],[-97.7480246285656,30.2921002205721],[-97.7479136282375,30.2921252202164],[-97.7477976287849,30.2921552205569],[-97.7477356279623,30.292172219996],[-97.7476616283424,30.2921992200572],[-97.7475846283495,30.2922332204684],[-97.7475106287297,30.2922782205383],[-97.7474346276634,30.2923312199909],[-97.7473706289876,30.292387219674],[-97.7473146289111,30.2924432201008],[-97.7472606284844,30.2925022199757],[-97.7472186286516,30.2925522198288],[-97.7471716278976,30.2926202196191],[-97.7471386273874,30.2926912196122],[-97.7471156278211,30.2927412201445],[-97.7470966275546,30.2927962205456],[-97.7470776281863,30.2928602208748],[-97.7471136290696,30.292859220276],[-97.7471476276082,30.2928542196095],[-97.7471756289939,30.2928462210244],[-97.747351628721,30.2927852201576],[-97.7474786289426,30.2927412209202],[-97.7474886289884,30.2928422209561],[-97.747495628661,30.2929222191904],[-97.7475696282809,30.2932592200335],[-97.7475996284181,30.2933462205326],[-97.7479306288542,30.2940452211804],[-97.7483586284764,30.2948372202749],[-97.7488826283581,30.2956822214739],[-97.7493776288257,30.2967022211575],[-97.7494026298384,30.2967532209796],[-97.7494376299985,30.2968852202133],[-97.7494856287807,30.2970282215095],[-97.7495506281797,30.2971412214642],[-97.7496336289187,30.2972162219526],[-97.7497336293762,30.297277220839],[-97.7498036296963,30.2973082224836],[-97.7498696289203,30.2973562218834],[-97.7499096282049,30.2974022209306],[-97.7499826297965,30.2974982219414],[-97.7500166301317,30.297582220131],[-97.7500336289518,30.2976772211918],[-97.7500116283122,30.297777221025],[-97.7499656291798,30.2978792218512],[-97.7498996290575,30.2979832213373],[-97.7498086297192,30.2981132217032],[-97.7497136283863,30.2982702210623],[-97.7495866290631,30.2984042208894],[-97.7494596288415,30.2985632208635],[-97.7493066295789,30.2986902211698],[-97.7491956301491,30.2987662217874],[-97.7490856287476,30.2988262222742],[-97.7488496296444,30.2989132209371],[-97.7486536289275,30.2989702212763],[-97.7485036282414,30.2989962212566],[-97.7483536293519,30.2990252220619],[-97.7481506289623,30.2990392225813],[-97.7478886290214,30.2990312213983],[-97.747694629751,30.299031222174],[-97.747452628105,30.2990522217876],[-97.7473546281957,30.2990882216689],[-97.7472786289261,30.2991302208673],[-97.7472066289561,30.2991852223387],[-97.7471526285294,30.2992432222777],[-97.7470966293512,30.2993172229524],[-97.747058628818,30.2993872214429],[-97.7470256292061,30.2994672220942],[-97.747008627691,30.2995712214473],[-97.7470166289853,30.2996882213632],[-97.7470376298,30.2997832219348],[-97.7470796278361,30.299874221857],[-97.7471426284836,30.299974221001],[-97.7472156300752,30.3000512211487],[-97.7472706285302,30.3000912219872],[-97.7473126283629,30.3001222219666],[-97.7475176293007,30.3002462225617],[-97.7477756290435,30.3003732214638],[-97.7479356297754,30.3004582215897],[-97.7480956278124,30.300564222483],[-97.7483166286436,30.3007452210508],[-97.748500629665,30.300936222121],[-97.7486486289046,30.3010842216346],[-97.7488576282437,30.3012542213556],[-97.7490296286712,30.3014242215575],[-97.7491646292887,30.3016042211305],[-97.7492876293123,30.3018382214],[-97.7493986296404,30.3021032227909],[-97.7494716294353,30.3022522218212],[-97.7495826297634,30.3024432215068],[-97.7496806287744,30.302517222093],[-97.749840628608,30.3025922231227],[-97.7500306285788,30.3026092223037],[-97.7500896290283,30.302683221989],[-97.7501356299574,30.3027502212367],[-97.7501676297444,30.3028502221008],[-97.7501676288461,30.3029592218949],[-97.7501356299574,30.3030452226005],[-97.7500886301017,30.3031172232955],[-97.7500306294771,30.3031762229529],[-97.7499466298115,30.3032352225751],[-97.7498616294227,30.3033052221463],[-97.7497636304117,30.3033982228843],[-97.7496846298707,30.3034802220191],[-97.7496106293525,30.3035712216124],[-97.7495466288801,30.3036942220107],[-97.7494996290244,30.3038122221469],[-97.7494626292145,30.3039162230957],[-97.7494256285063,30.3040112226728],[-97.7493626296554,30.3041252220437],[-97.7492736290686,30.3042422227298],[-97.749200630172,30.3043332223913],[-97.7491216305293,30.3044282223398],[-97.7490526282374,30.3045022237544],[-97.7489816289906,30.3045732229001],[-97.7489046289977,30.30464422277],[-97.7488386288754,30.3046912227539],[-97.7487676287303,30.304741221821],[-97.7486636298716,30.3048072222877],[-97.7486016281507,30.3048412222053],[-97.7485126293605,30.3048942233991],[-97.748463629855,30.3049182224084],[-97.7483906291618,30.3049732229596],[-97.7483066294962,30.3050282227045],[-97.7482426299221,30.3050762222027],[-97.7481586293582,30.305127223098],[-97.7480626290987,30.3051752233234],[-97.7478586297825,30.3052852217799],[-97.7476986290506,30.3053742226335],[-97.7475836294229,30.3054492230287],[-97.7475066285317,30.3054982235661],[-97.7474176279449,30.3055812221888],[-97.7473726295357,30.3056392222218],[-97.7473406288504,30.3057122238059],[-97.7473006277691,30.3057832220753],[-97.74729062952,30.3058522224632],[-97.7473006295657,30.3059312228029],[-97.7473196280356,30.3060102223033],[-97.7474036294978,30.3062072228712],[-97.7474836289655,30.3064112239396],[-97.7475886285475,30.3066072232432],[-97.747658629766,30.3067322222977],[-97.7477386292336,30.3068422236603],[-97.7478046284575,30.3069442228113],[-97.7478166299497,30.3069822230305],[-97.7478316282217,30.3070172234234],[-97.7478446295388,30.3070412226886],[-97.7478916302928,30.3070852232648],[-97.7479296299276,30.3071242238825],[-97.7477586293251,30.3070802233237],[-97.7476622302136,30.3070974233683],[-97.7476280286558,30.3070867231696],[-97.7475606298567,30.3070702226652],[-97.7474646295972,30.3070462226317],[-97.7473336282793,30.3070122234788],[-97.7469736284292,30.3069172237079],[-97.7468366299585,30.3068772241032],[-97.7466926282219,30.3068232243009],[-97.7465506288299,30.3067652234174],[-97.746391627923,30.3066992234934],[-97.7457596280863,30.3064042230432],[-97.7455706288387,30.3063162235861],[-97.7450461285954,30.3060802229953],[-97.7445906279492,30.3058752230988],[-97.7443806278869,30.305780223777],[-97.7441486289816,30.3056762217035],[-97.7436806273798,30.3054572229123],[-97.7435146276985,30.3053792242128],[-97.7433946280479,30.3053242231138],[-97.7432594280044,30.3052617230965],[-97.7431938285308,30.3052322231242],[-97.7431447275156,30.3052096233024],[-97.7430766280306,30.3051782231912],[-97.7429423289973,30.3051203229328],[-97.7428639276325,30.3050885233791],[-97.7427676273358,30.3050438231257],[-97.7426554277568,30.3049932223769],[-97.7419316281829,30.3046702227969],[-97.741667627694,30.3045532233972],[-97.7414504276347,30.3044639232053],[-97.7413552277741,30.3044144226861],[-97.7412939276374,30.304382623679],[-97.7412427272595,30.3043567220728],[-97.7411226278959,30.3043002227795],[-97.7401686269456,30.3038402225921],[-97.7397466262729,30.3036462226113],[-97.7393546275341,30.3034572231483],[-97.7392926276098,30.3034292233692],[-97.7392126272439,30.3033822227803],[-97.7385566262194,30.3030162222086],[-97.7384471269762,30.3029545234433],[-97.7382876266059,30.30284222278],[-97.7381466270389,30.3027442229035],[-97.7380816267416,30.3027042223717],[-97.7379956274262,30.3026462237046],[-97.7379426268244,30.3026152221964],[-97.7378696261312,30.3025732221641],[-97.7377386266099,30.3025062220199],[-97.7371166259207,30.3021942228866],[-97.736993925036,30.3021402228314],[-97.7363456261668,30.3018552222629],[-97.7358066262166,30.3015932232818],[-97.7352556256725,30.3013232233801],[-97.734718625372,30.3010762221696],[-97.7336116251592,30.3005362218777],[-97.7326366242925,30.3000832224412],[-97.7324326249763,30.2999772233548],[-97.7322466243052,30.2998752231597],[-97.7321466247461,30.2998252216111],[-97.7320686249283,30.2997922220331],[-97.731771623929,30.2996582217759],[-97.7316236246893,30.2995902222122],[-97.7312006241917,30.299393223084],[-97.7309856250049,30.2992912222814],[-97.7307336242115,30.2991882223899],[-97.7305916239213,30.2991102225809],[-97.7304146243693,30.2990162226687],[-97.7300831253682,30.2988422215706],[-97.729832623863,30.2987112216321],[-97.729605224332,30.2985924219049],[-97.7295566245768,30.298564221404],[-97.7294446244238,30.2985042223081],[-97.7291426243,30.2983422213858],[-97.7289396248087,30.2982382230561],[-97.7285696240146,30.2980552226471],[-97.728142623319,30.2978492217104],[-97.7279113242013,30.2977505211128],[-97.7273856229105,30.297526221863],[-97.7272886237244,30.2974882218567],[-97.7267886241323,30.2972472228409],[-97.7249436237775,30.2963802219729],[-97.7249056232444,30.2963322228711],[-97.7248216235788,30.2962952206388],[-97.7246506229763,30.2961822220361],[-97.7245006222901,30.2961112222434],[-97.7242726226845,30.2960272212425],[-97.7234206227398,30.2956252215504],[-97.7234006235466,30.2956672214564],[-97.7233626230135,30.295761222252],[-97.7233416221988,30.2958202216821],[-97.722566622247,30.295444221288],[-97.7210676214986,30.2947332213305],[-97.7201846215918,30.2943092213306],[-97.7208216223497,30.2933142209197],[-97.721053621255,30.2929512217919],[-97.7211896216974,30.2927452209928],[-97.7214616207856,30.2923512212111],[-97.7223606223826,30.2909732209885],[-97.7224836224063,30.2907872206768],[-97.7231826212918,30.2897312205534],[-97.7234756229914,30.2893172207921],[-97.7233276219551,30.2892512207585],[-97.723226622571,30.2892072214872],[-97.7231486218549,30.2891732208027],[-97.723079622258,30.2891412198283],[-97.7230206218084,30.2891162217505],[-97.7233656215899,30.2885602205623],[-97.7236956230994,30.2880092194635],[-97.7237896219124,30.2878602197357],[-97.7240896214881,30.2873802200939],[-97.724270621238,30.2870892200014],[-97.7244786216505,30.2867632199683],[-97.7245376221001,30.2866742192879],[-97.7245936230749,30.2865882197391],[-97.7246426225804,30.2865132204319],[-97.7243746218934,30.2863722198726],[-97.7243106223193,30.2863382189811],[-97.7237016220488,30.2860032197436],[-97.7236316217287,30.2859632201403],[-97.7228827223275,30.2854339198682],[-97.7227016219662,30.2853692204268],[-97.7225236216909,30.2852272190981],[-97.7223616222075,30.2850962203669],[-97.7222096218716,30.2849552200981],[-97.7220726216042,30.2848052204809],[-97.7219746216949,30.2846872199694],[-97.7218046218156,30.2845102200995],[-97.7217336216705,30.2844462197523],[-97.7216796212438,30.2843992193739],[-97.7216206207943,30.2843582207584],[-97.7215386216768,30.2843122202479],[-97.7214666217068,30.2842772202835],[-97.7213856206177,30.2842422203066],[-97.7213026216753,30.2842102192751],[-97.7212176221848,30.2841842184779],[-97.7211366210956,30.2841622196476],[-97.7210556209048,30.2841452188205],[-97.7209616220918,30.2841282195418],[-97.720861620736,30.2841182204211],[-97.7208256216493,30.2840852194367],[-97.7208766208046,30.2840832203874],[-97.7208416215428,30.284055219731],[-97.7207886218394,30.2840252200162],[-97.7209646215665,30.2840252200162],[-97.7210626214758,30.2840372189723],[-97.7211556222605,30.284056218868],[-97.7212456208756,30.2840822196992],[-97.7213306212644,30.2841072190598],[-97.7214216223993,30.2841392193492],[-97.7215156221106,30.2841792196962],[-97.7216026221492,30.2842202207137],[-97.7216796221421,30.2842652190295],[-97.7217706214804,30.2843222193489],[-97.7218706219379,30.2843952205125],[-97.7219206221666,30.2844452190679],[-97.7219816204693,30.2845072195993],[-97.722046621665,30.2845772201272],[-97.7220814215008,30.2846178191539],[-97.7221136216121,30.2846552198588],[-97.7221886210568,30.2847332195282],[-97.7222706228692,30.2848162194367],[-97.7223446224891,30.284890220137],[-97.7224576215687,30.2849782202053],[-97.7225606223992,30.2850602192282],[-97.7226546221105,30.2851322199409],[-97.7227536218447,30.2852072195281],[-97.7229616213588,30.2853582199816],[-97.7230306218541,30.2854082195977],[-97.7231286217634,30.2854802192792],[-97.7237166221175,30.2858452194701],[-97.7237886229858,30.2858922199315],[-97.7239816233297,30.286008219208],[-97.7240456220055,30.2860462205596],[-97.7241246216482,30.2860872200211],[-97.7243536228753,30.2862092207394],[-97.7247156223753,30.2863972202011],[-97.7247766224746,30.28630022007],[-97.7248146221095,30.2862472196858],[-97.724975621768,30.2860042196365],[-97.7252296231095,30.2856092192553],[-97.7256976229147,30.2848892186813],[-97.726043622521,30.2843602190263],[-97.7265666234761,30.2835532187959],[-97.7269306226258,30.2830092185173],[-97.7271796230462,30.2825972197215],[-97.7272326227496,30.2825042194264],[-97.7274490233083,30.2820954200015],[-97.727322622263,30.2819602203133],[-97.7278556223655,30.2811192193642],[-97.7278336226242,30.2809452198728],[-97.7280020235023,30.2808262194277],[-97.7280290232665,30.2807626185179],[-97.7281799222679,30.2804099184302],[-97.7285373232919,30.2795758177932],[-97.7286184231957,30.2794186193943],[-97.7287238234263,30.2792350183398],[-97.7287726235058,30.2791502185869],[-97.7288206240847,30.2790522183092],[-97.7288926231564,30.2789092179579],[-97.7289786224718,30.2787392182945],[-97.7290901240598,30.278557817607],[-97.7291176241856,30.2785122177783],[-97.7292686229001,30.27849421833]]],[[[-97.7388916259552,30.2875022184284],[-97.7392566267265,30.2875202185513],[-97.7395806265916,30.2875472191174],[-97.7404636273967,30.2875892193798],[-97.7403976263762,30.2883912204234],[-97.7403616263912,30.2887092192269],[-97.7402816260252,30.289669219445],[-97.7402485267003,30.2896671196708],[-97.7402345255583,30.289667520699],[-97.7401336276839,30.2897092198643],[-97.7391046263905,30.2896542200593],[-97.739016626527,30.289650219085],[-97.738936626161,30.289644220726],[-97.739048626314,30.2886452208433],[-97.7391246255837,30.2879672193809],[-97.7389256271887,30.2879202191379],[-97.7388816268078,30.2878912197029],[-97.738864626191,30.2878502202196],[-97.7388916259552,30.2875022184284]]]]},"properties":{"ZIPCODE":"78705"}},{"type":"Feature","geometry":{"type":"Polygon","coordinates":[[[-97.7289446221367,30.2785542180296],[-97.7291176241856,30.2785122177783],[-97.7290901240598,30.278557817607],[-97.7289786224718,30.2787392182945],[-97.7288926231564,30.2789092179579],[-97.7288206240847,30.2790522183092],[-97.7287726235058,30.2791502185869],[-97.7287238234263,30.2792350183398],[-97.7286184231957,30.2794186193943],[-97.7285373232919,30.2795758177932],[-97.7281799222679,30.2804099184302],[-97.7280290232665,30.2807626185179],[-97.7280020235023,30.2808262194277],[-97.7278336226242,30.2809452198728],[-97.7278556223655,30.2811192193642],[-97.727322622263,30.2819602203133],[-97.7274490233083,30.2820954200015],[-97.7272326227496,30.2825042194264],[-97.7271796230462,30.2825972197215],[-97.7269306226258,30.2830092185173],[-97.7265666234761,30.2835532187959],[-97.726043622521,30.2843602190263],[-97.7256976229147,30.2848892186813],[-97.7252296231095,30.2856092192553],[-97.724975621768,30.2860042196365],[-97.7248146221095,30.2862472196858],[-97.7247766224746,30.28630022007],[-97.7247156223753,30.2863972202011],[-97.7243536228753,30.2862092207394],[-97.7241246216482,30.2860872200211],[-97.7240456220055,30.2860462205596],[-97.7239816233297,30.286008219208],[-97.7237886229858,30.2858922199315],[-97.7237166221175,30.2858452194701],[-97.7231286217634,30.2854802192792],[-97.7230306218541,30.2854082195977],[-97.7229616213588,30.2853582199816],[-97.7227536218447,30.2852072195281],[-97.7226546221105,30.2851322199409],[-97.7225606223992,30.2850602192282],[-97.7224576215687,30.2849782202053],[-97.7223446224891,30.284890220137],[-97.7222706228692,30.2848162194367],[-97.7221886210568,30.2847332195282],[-97.7221136216121,30.2846552198588],[-97.7220814215008,30.2846178191539],[-97.722046621665,30.2845772201272],[-97.7219816204693,30.2845072195993],[-97.7219206221666,30.2844452190679],[-97.7218706219379,30.2843952205125],[-97.7217706214804,30.2843222193489],[-97.7216796221421,30.2842652190295],[-97.7216026221492,30.2842202207137],[-97.7215156221106,30.2841792196962],[-97.7214216223993,30.2841392193492],[-97.7213306212644,30.2841072190598],[-97.7212456208756,30.2840822196992],[-97.7211556222605,30.284056218868],[-97.7210626214758,30.2840372189723],[-97.7209646215665,30.2840252200162],[-97.7207886218394,30.2840252200162],[-97.7208416215428,30.284055219731],[-97.7208766208046,30.2840832203874],[-97.7208256216493,30.2840852194367],[-97.720861620736,30.2841182204211],[-97.7209616220918,30.2841282195418],[-97.7210556209048,30.2841452188205],[-97.7211366210956,30.2841622196476],[-97.7212176221848,30.2841842184779],[-97.7213026216753,30.2842102192751],[-97.7213856206177,30.2842422203066],[-97.7214666217068,30.2842772202835],[-97.7215386216768,30.2843122202479],[-97.7216206207943,30.2843582207584],[-97.7216796212438,30.2843992193739],[-97.7217336216705,30.2844462197523],[-97.7218046218156,30.2845102200995],[-97.7219746216949,30.2846872199694],[-97.7220726216042,30.2848052204809],[-97.7222096218716,30.2849552200981],[-97.7223616222075,30.2850962203669],[-97.7225236216909,30.2852272190981],[-97.7227016219662,30.2853692204268],[-97.7228827223275,30.2854339198682],[-97.7236316217287,30.2859632201403],[-97.7237016220488,30.2860032197436],[-97.7243106223193,30.2863382189811],[-97.7243746218934,30.2863722198726],[-97.7246426225804,30.2865132204319],[-97.7245936230749,30.2865882197391],[-97.7245376221001,30.2866742192879],[-97.7244786216505,30.2867632199683],[-97.724270621238,30.2870892200014],[-97.7240896214881,30.2873802200939],[-97.7237896219124,30.2878602197357],[-97.7236956230994,30.2880092194635],[-97.7233656215899,30.2885602205623],[-97.7230206218084,30.2891162217505],[-97.723079622258,30.2891412198283],[-97.7231486218549,30.2891732208027],[-97.723226622571,30.2892072214872],[-97.7233276219551,30.2892512207585],[-97.7234756229914,30.2893172207921],[-97.7231826212918,30.2897312205534],[-97.7224836224063,30.2907872206768],[-97.7223606223826,30.2909732209885],[-97.7214616207856,30.2923512212111],[-97.7211896216974,30.2927452209928],[-97.721053621255,30.2929512217919],[-97.7208216223497,30.2933142209197],[-97.7201846215918,30.2943092213306],[-97.720092620632,30.2942702218204],[-97.719998621819,30.2942322213279],[-97.7196716215808,30.2947592216586],[-97.7196176220525,30.2948492217867],[-97.7196956209719,30.294886221462],[-97.719380622226,30.2953972223008],[-97.7189906213403,30.2960122212778],[-97.7187616219098,30.2963982212423],[-97.7185816210864,30.2967132226575],[-97.7185496204011,30.2965822222017],[-97.7179676216914,30.2975722223817],[-97.7177931203542,30.2978377216153],[-97.7177223205334,30.2979619213307],[-97.7175546212396,30.298238223056],[-97.7173706220149,30.2985282221059],[-97.7172846218011,30.298665223199],[-97.7172236199051,30.2987622227361],[-97.7171945216764,30.2988084235582],[-97.7171606219526,30.2988622230141],[-97.717141621686,30.2988932226065],[-97.7170276200865,30.299069222358],[-97.716621720817,30.2997270224911],[-97.7165836214692,30.2997962225936],[-97.7164606214455,30.2999942229891],[-97.7162046213525,30.3004102229329],[-97.7155886214093,30.3014152231601],[-97.7154390204735,30.3016640244325],[-97.7153761204373,30.3017766234952],[-97.7153334217152,30.3018484234693],[-97.7152906214835,30.3019142234555],[-97.7152708199197,30.3019480234996],[-97.7152318204599,30.3020124227116],[-97.7151936205008,30.3020772228588],[-97.7150696206522,30.3022986226504],[-97.7150086205529,30.302403624155],[-97.7149590209728,30.3024844235212],[-97.7146186214639,30.3030272230002],[-97.7144536207091,30.3032822232344],[-97.7144176198258,30.3033372231524],[-97.7143206206397,30.3034922232486],[-97.7142016199157,30.3036812241954],[-97.7140336205845,30.3039372239898],[-97.7142006200908,30.3033512238317],[-97.7140346204094,30.303400223091],[-97.7137586202249,30.3037492232486],[-97.7136876200798,30.3037582237585],[-97.7129926204939,30.3048132243726],[-97.712804620173,30.3051372231792],[-97.7126858206716,30.305346223402],[-97.7125224207147,30.3056082247624],[-97.7123613204449,30.3058527242474],[-97.712291520449,30.3059582245046],[-97.7120257197362,30.3063416236684],[-97.7119114198961,30.3065011241844],[-97.7118528191968,30.3065886240217],[-97.7118012208652,30.3066640236709],[-97.7117542192129,30.3065510246091],[-97.7117086189325,30.3064369241353],[-97.7116447199697,30.3062727244466],[-97.7116059199359,30.3061045234044],[-97.7115900188571,30.3060355239696],[-97.7115581196814,30.3057663242669],[-97.7115261198943,30.3055055238926],[-97.7114942189219,30.3052462235329],[-97.7114851198864,30.3050820234008],[-97.7114964197944,30.3048320240262],[-97.7112866191581,30.3047412241477],[-97.7110576197275,30.3045012240501],[-97.710600619793,30.3039982233484],[-97.7092306189162,30.3026202231409],[-97.7091506194486,30.3025762236628],[-97.7092756200203,30.3017652239115],[-97.7089906205133,30.3014052226992],[-97.7089696188003,30.3012672233706],[-97.7087606194612,30.3009432234079],[-97.7090446200416,30.3004562236498],[-97.7099776192789,30.2989832228185],[-97.7095916194895,30.2986502236378],[-97.7095276190171,30.2985922241237],[-97.7094506181259,30.2985162233712],[-97.7093776201276,30.2984442223998],[-97.7092966190384,30.2983592236304],[-97.7092216186953,30.2982772233151],[-97.7091846188854,30.2982392235998],[-97.7091316191819,30.2981772232162],[-97.7090736194557,30.2981072230862],[-97.708990619615,30.2980122216666],[-97.7088786185637,30.2979982233273],[-97.7087756186315,30.2979912218301],[-97.7086726186994,30.2979972227811],[-97.7080656180787,30.2980252225603],[-97.7078996192957,30.2980552226471],[-97.7074526185086,30.2981082228557],[-97.7073486187515,30.2981372231481],[-97.7073506192997,30.298096223294],[-97.7073386178075,30.2980452226192],[-97.7073246184621,30.2980162230753],[-97.7073056190938,30.2979902228351],[-97.7072636183627,30.2979542217751],[-97.7073516182263,30.2979742218485],[-97.7080446190606,30.2979002232628],[-97.7088436184035,30.2978132229255],[-97.7087876192254,30.2977402224404],[-97.708719618555,30.2976502226386],[-97.7086166195212,30.297480222874],[-97.7085696178689,30.2973962230458],[-97.708470619033,30.2971982228334],[-97.7083696187506,30.2969802227249],[-97.7082976178823,30.2968242226344],[-97.7082586175242,30.2967272219557],[-97.7082226184375,30.2966332220861],[-97.7081896188256,30.2965432228197],[-97.7081656194345,30.296481222915],[-97.708145619343,30.29641122235],[-97.7081066189849,30.2962722224095],[-97.7080746191979,30.2961512223624],[-97.7080456179872,30.2960192221406],[-97.7080166194715,30.2958672220179],[-97.7079876191592,30.2957122215019],[-97.7079616192199,30.2955392213174],[-97.7079396185803,30.2953942221337],[-97.7079176197373,30.2952422210421],[-97.7078866179786,30.295030221596],[-97.7078356197216,30.2946432226472],[-97.7077726181758,30.2941632228455],[-97.7075616182885,30.2925562222361],[-97.7075166180827,30.2921302216959],[-97.7074406179147,30.2915762209752],[-97.7074010183804,30.291302621531],[-97.7072716178603,30.290332220721],[-97.7071866174715,30.2895932210856],[-97.707134617593,30.289206221627],[-97.707098617608,30.2889572204224],[-97.7070786184148,30.2887852205982],[-97.7070526184755,30.2886112207398],[-97.707000618597,30.2883322204027],[-97.7069386186727,30.2880562212152],[-97.7068646181546,30.2877822210009],[-97.7068206186719,30.2876342208045],[-97.7067526171032,30.2874392214628],[-97.7065664179044,30.2869584207855],[-97.7065035178682,30.2868281209495],[-97.7064686174211,30.2867552208866],[-97.706411618418,30.2866252209794],[-97.7062826176483,30.2863312205301],[-97.7060876176546,30.2859492200814],[-97.706053918255,30.2858862205671],[-97.7059508168132,30.285721619552],[-97.7059406173415,30.2857042202777],[-97.7059416171664,30.285609220031],[-97.7057216179567,30.2852712201546],[-97.7056116174535,30.2851012206533],[-97.7055006180237,30.2849312200817],[-97.7054356177265,30.2848242202279],[-97.7052816177407,30.2845802198495],[-97.7048496179205,30.283916219346],[-97.7046506168306,30.2835982205206],[-97.7045646184135,30.2834712200649],[-97.7044366165703,30.2832682192885],[-97.7043236174908,30.2830942197293],[-97.7040626173748,30.2826922197818],[-97.7039883177177,30.2825756200412],[-97.7042102168642,30.282521920255],[-97.7044697176919,30.2824700193808],[-97.7045576169442,30.2825012196406],[-97.7051116178613,30.282402219677],[-97.7051736177856,30.2823612194512],[-97.7055816173163,30.2823142196254],[-97.7070156177673,30.2820812192489],[-97.707722617947,30.2819762200337],[-97.7081026178887,30.2819082190708],[-97.7085076188429,30.2818426197675],[-97.7085926183334,30.2818282196119],[-97.7092926188404,30.2817202195405],[-97.7094316178593,30.2816982193821],[-97.7115266193576,30.2813732192179],[-97.7120266198481,30.2812852190193],[-97.7124676189907,30.2812132193622],[-97.7134096193471,30.2810652185652],[-97.7142956205253,30.2809272193193],[-97.7143096189724,30.2809634197912],[-97.7143303197498,30.281015119767],[-97.7143586202745,30.2810862189225],[-97.7144864190984,30.2813968198184],[-97.7146116199945,30.2817012199682],[-97.7164126199683,30.2814032197436],[-97.7162476201119,30.2806192188182],[-97.7172896200274,30.2804522188626],[-97.718311621648,30.2802982187632],[-97.7186246216425,30.2802462189673],[-97.7192996211368,30.2801302190844],[-97.7200316205326,30.2800042195243],[-97.7202426204198,30.2799682196204],[-97.7212326204568,30.2797992186446],[-97.7222176213692,30.2796222177146],[-97.7231826212918,30.2794332184991],[-97.7238786224992,30.2793002190916],[-97.7241436219148,30.279251218652],[-97.7247916207466,30.279128218628],[-97.7250663219672,30.2790773182495],[-97.7251336219517,30.2790672193159],[-97.725379621999,30.2790252177326],[-97.7270976221321,30.2787692188498],[-97.7277426223876,30.2786692174805],[-97.7281266225271,30.2786392184462],[-97.7281496229917,30.2786292179903],[-97.7283116224751,30.2786102178195],[-97.7284406223465,30.2786002181364],[-97.7285026222708,30.2785962182629],[-97.7286756234215,30.2785742174041],[-97.7289446221367,30.2785542180296]]]},"properties":{"ZIPCODE":"78722"}},{"type":"Feature","geometry":{"type":"Polygon","coordinates":[[[-97.8080486401055,30.2405322072091],[-97.8085146411592,30.2399652078032],[-97.8087176406505,30.2398022076739],[-97.8089626408728,30.2396872069392],[-97.8092366414075,30.2396202080957],[-97.8095276416607,30.2395602086641],[-97.8098396409319,30.2395602078881],[-97.8101526409263,30.2396342077768],[-97.8104106415675,30.2397462074815],[-97.8106376413482,30.2399042082198],[-97.8107666430163,30.2400302080175],[-97.81083464189,30.2402072089202],[-97.8108526414334,30.2405742081847],[-97.810845642659,30.2415122082232],[-97.8107676428412,30.241976208611],[-97.810715541453,30.2422783089052],[-97.8107016418207,30.2424620085566],[-97.8107183424001,30.2427012089543],[-97.810723840988,30.2427262087636],[-97.8107331412461,30.2428078084885],[-97.8107396423538,30.242935807555],[-97.8107609423075,30.2431200088585],[-97.8107751410789,30.2433452085041],[-97.8107846425596,30.2434952086103],[-97.8108256425675,30.2437122084674],[-97.8108796420959,30.2439392079553],[-97.8109306412512,30.2441152077067],[-97.8109986428199,30.2443112080643],[-97.8110616416708,30.2444712083039],[-97.811178642745,30.2447352083238],[-97.8113746416652,30.2452412079961],[-97.8116166415146,30.2457062089297],[-97.8118016414625,30.24601520984],[-97.8119926412582,30.2462992093326],[-97.812192642173,30.2466232089099],[-97.81237064155,30.2469352093613],[-97.8124886415507,30.2472652101187],[-97.8125956425792,30.2476162095245],[-97.8127636428087,30.2484092095438],[-97.812795643494,30.2485122091912],[-97.812889642307,30.2486432094079],[-97.8131726430626,30.2489202102743],[-97.8131976422786,30.24902320861],[-97.8131476438465,30.2491422088054],[-97.8130596421864,30.2492672089076],[-97.813084643199,30.2495552093695],[-97.8133756425538,30.2503562097555],[-97.813456643643,30.2505732092048],[-97.8136836425254,30.2508562084636],[-97.813821643516,30.2511712101843],[-97.8139406424434,30.2513612105121],[-97.8143436437478,30.2516872094016],[-97.8145006432083,30.2519372107307],[-97.8147526422051,30.2522572101688],[-97.8150036431736,30.2525242109222],[-97.8153496436783,30.252811210141],[-97.8160036432563,30.2531862099332],[-97.816598643283,30.2535112095264],[-97.8169466443359,30.2536542111795],[-97.8172696443761,30.2537802104177],[-97.8175336448651,30.2538772108728],[-97.8177766427427,30.2539672096976],[-97.8186886456568,30.2542652101836],[-97.8194386445959,30.254678210162],[-97.8203566446629,30.2553022101272],[-97.8211786453686,30.2560332103269],[-97.8214356452866,30.2562552114071],[-97.8220396446359,30.2569022095923],[-97.822196645893,30.2570702102278],[-97.8224236456737,30.2573792110897],[-97.8225806451342,30.2575372106325],[-97.82268064649,30.2577112112689],[-97.8227066446326,30.2579442105235],[-97.8226686440995,30.2581022107092],[-97.8226826461398,30.2582182117937],[-97.8227326463685,30.2583652111717],[-97.8229146450451,30.2586642109011],[-97.8231456450238,30.2590212117108],[-97.8233546461595,30.2596632110429],[-97.8234206462817,30.2600072108267],[-97.8235906452627,30.2604912107286],[-97.8236406463897,30.2606922109824],[-97.8236346465419,30.261012212159],[-97.8235656451483,30.2615982115134],[-97.8234706456121,30.2619082122336],[-97.8233886464946,30.2621642116402],[-97.8231696453132,30.2627712114998],[-97.8231126463101,30.2630322108432],[-97.8230296455711,30.2634002118721],[-97.8229266447406,30.264016212903],[-97.8229326463851,30.2642772120408],[-97.8229576456011,30.2646132126204],[-97.8229956461343,30.2648362122594],[-97.8231736464095,30.2654752120632],[-97.8234256454063,30.266463212509],[-97.8238026449748,30.2677102130332],[-97.82407064656,30.2684342134728],[-97.8242676462035,30.2687902136082],[-97.8246956449274,30.269441211694],[-97.8248646458801,30.2696312131425],[-97.8250216471372,30.2697512132552],[-97.8251706462019,30.2698352134797],[-97.8253366467815,30.2698922128706],[-97.825612646966,30.269962213738],[-97.8258706467089,30.2700112133844],[-97.8262096475409,30.2700332122835],[-97.8264866475504,30.2700112126085],[-97.826718647354,30.2699732135815],[-97.8272276480653,30.2698812137938],[-97.8280456476748,30.2698102135866],[-97.828950647323,30.2697612122882],[-97.8298296470318,30.2697452129039],[-97.8303506492354,30.2698212134473],[-97.8307276479056,30.2699302127048],[-97.8308726476706,30.2700172129436],[-97.8309856476485,30.2701142128781],[-97.8311116480452,30.2702452129894],[-97.8311926473377,30.2704182127797],[-97.8312996483662,30.2707602128045],[-97.8315636470585,30.2712492134517],[-97.8319726482107,30.2716832141972],[-97.8323096475963,30.2719942133689],[-97.832431647795,30.2721062141964],[-97.8328656490616,30.2725802139006],[-97.8334146490576,30.2732842136625],[-97.8337456485954,30.2736932134887],[-97.8340476487192,30.2739692135123],[-97.8343116483098,30.2741482138042],[-97.8345126490496,30.2742622137507],[-97.8348146500717,30.2744202132804],[-97.8352357497342,30.2745820132121],[-97.8353716495653,30.2746342138389],[-97.836844649476,30.2751609137086],[-97.8373603498228,30.2744469141123],[-97.8405633495621,30.2694640129424],[-97.8447943516683,30.2629894117624],[-97.8451676510762,30.2613482107204],[-97.8455726511321,30.2611572109425],[-97.8453986510549,30.2609932109059],[-97.8455109512451,30.2608064112213],[-97.8457016510036,30.260489210423],[-97.8463203521808,30.2595488100629],[-97.8490780525423,30.2553497094101],[-97.8474075517281,30.2545494085296],[-97.8464136512062,30.2540732103802],[-97.8494186523755,30.2497212088535],[-97.8519876517301,30.2511502088594],[-97.8528327526134,30.2515450080292],[-97.8547576527227,30.2524442092439],[-97.8575726539212,30.252986207739],[-97.8569876539402,30.2541162088896],[-97.8601566551411,30.2551872081335],[-97.8626706551424,30.2561692092586],[-97.8619665547243,30.2568751090342],[-97.8573466539654,30.2615072102277],[-97.8585416540418,30.2635832101963],[-97.8573996554655,30.2655372113893],[-97.8549616538355,30.2658152112654],[-97.8549116536068,30.2675672116741],[-97.8547676536668,30.2703862126711],[-97.8533878530685,30.2714715129628],[-97.8532216539611,30.271602211794],[-97.8523936534076,30.2721462132418],[-97.8529259546207,30.2724378131372],[-97.852999653305,30.272478213146],[-97.8535176551354,30.2730152126657],[-97.8536206541693,30.2730532128426],[-97.8541686543404,30.2745762125373],[-97.8543586525146,30.2747362131288],[-97.8545886544649,30.2749912124413],[-97.8546636539097,30.2751082137479],[-97.854743655174,30.2752402134034],[-97.8547946543293,30.2754032136911],[-97.8548056550982,30.2755532129408],[-97.854808654573,30.2756982127476],[-97.8547876537583,30.2758482138739],[-97.8547096530422,30.2761352131969],[-97.854595655036,30.2764752134931],[-97.8544906545557,30.27670921398],[-97.8543086549808,30.276998213082],[-97.8541776545612,30.2771842131599],[-97.8541636543175,30.2772182141203],[-97.8541076533427,30.2773522132275],[-97.8540696537079,30.2775802133026],[-97.8537886543988,30.2775052140917],[-97.8526606551679,30.2774532143673],[-97.8513436539944,30.2774472129353],[-97.8511666526458,30.2774662133313],[-97.850026652821,30.277166213468],[-97.8492286524047,30.2771532144643],[-97.8486956523022,30.2772292131508],[-97.8484006527494,30.2773832134118],[-97.848311653061,30.2774852144994],[-97.8481936530602,30.2776642130335],[-97.8481596518267,30.2779782141242],[-97.8485076528795,30.2780712132786],[-97.8488666529048,30.2783952135479],[-97.8491026529063,30.278579214144],[-97.8493886522383,30.2788112135607],[-97.8496296522627,30.2789662144068],[-97.8498926529267,30.2791072139729],[-97.8503526532343,30.2793582137225],[-97.8506716548731,30.2795762149837],[-97.8510696534598,30.279823214486],[-97.8517486531521,30.2802492141674],[-97.8521856538934,30.2806552138288],[-97.8524436536363,30.2811442140494],[-97.8524346543138,30.2816562134948],[-97.8526056531197,30.2822682150537],[-97.852644654376,30.2825042155476],[-97.8526446534777,30.2827672142526],[-97.852572654406,30.2831502153769],[-97.8523196537877,30.2837772148854],[-97.8521846549668,30.2841452141661],[-97.8519486540669,30.284398215586],[-97.8512086542752,30.2851372155711],[-97.8510296541751,30.28530721501],[-97.8507046535868,30.2855972150614],[-97.8504396541712,30.2857922157373],[-97.8503286538431,30.2858732149614],[-97.8495076538606,30.2863292145452],[-97.8487086536193,30.2866842150454],[-97.8485796537479,30.2867472163743],[-97.8481316531359,30.2869412148811],[-97.848058653341,30.2869992150799],[-97.8480026523662,30.2871342146742],[-97.8477506533694,30.2873142156543],[-97.8472566527267,30.2876982151935],[-97.847094652345,30.2878962151926],[-97.8470106526794,30.2880422160252],[-97.8469206540643,30.2881432162455],[-97.8467416530659,30.2882742155622],[-97.846516652935,30.2884342163141],[-97.8460966519121,30.2886902163538],[-97.8458276531969,30.2888062162003],[-97.8455366538421,30.2888902164048],[-97.8451036524004,30.289008216515],[-97.8446266523744,30.2892722170366],[-97.8442966517632,30.2895402162752],[-97.843724652201,30.2900492157885],[-97.8434846528998,30.2902932165267],[-97.8433606512546,30.2903992159969],[-97.8432766524873,30.2905152161495],[-97.8432486519999,30.2905922167434],[-97.8432486519999,30.2906802163508],[-97.8432426521522,30.2909172166197],[-97.8431976519463,30.2911012170031],[-97.8430856526916,30.291396217732],[-97.8430236527673,30.29165821681],[-97.8429826518611,30.2919072165876],[-97.8429876527823,30.2921912167648],[-97.8429946515567,30.2922742165685],[-97.8430216531175,30.2924032169182],[-97.8430706508264,30.2925092172109],[-97.8431926510251,30.2926812174859],[-97.8433656512775,30.2928532166837],[-97.8435106519407,30.2929412173652],[-97.8435887523698,30.292963916972],[-97.8436896529392,30.2929932174135],[-97.8438526513492,30.2930082170643],[-97.8440316523477,30.2929932166379],[-97.8443396532175,30.292956217024],[-97.8445766521457,30.2928892165137],[-97.844789652581,30.292798217866],[-97.844927651775,30.2926922155587],[-97.8452426523176,30.2923492169007],[-97.8455076526314,30.2920862159594],[-97.8458086529303,30.2918572164058],[-97.8461466530391,30.2916102169483],[-97.8464246528735,30.2913822161215],[-97.8466316525627,30.2912902162365],[-97.8469006539728,30.2912032170163],[-97.8471926531526,30.2911892161538],[-97.847422652408,30.2911932162896],[-97.848571653352,30.2913342169005],[-97.8490036531721,30.2913872168631],[-97.849462654553,30.2914842158425],[-97.8498946534749,30.2916242161994],[-97.8502536543984,30.2918032168633],[-97.8504996544457,30.2919492157589],[-97.8507186538305,30.2921662163616],[-97.8508696534432,30.2923702163939],[-97.8509766535733,30.2926362160496],[-97.8511446547012,30.293143216921],[-97.8512956552122,30.2937192163416],[-97.8514366538809,30.2940632162244],[-97.851503653828,30.2945662167016],[-97.8515316543154,30.2946822165797],[-97.8516096541332,30.2947312178444],[-97.8516326545978,30.2948032168881],[-97.8516656551081,30.2950312175187],[-97.8516266538517,30.2951762164635],[-97.8516546543391,30.2953452173221],[-97.8518016555505,30.2955972172078],[-97.8518116546979,30.2956812162502],[-97.8518016546522,30.2958762170462],[-97.8517426542026,30.295977216956],[-97.8517726543399,30.2961122181552],[-97.8518696535259,30.2961972165454],[-97.8519132550549,30.2963307173724],[-97.8519386549195,30.29640821756],[-97.8521916555378,30.2971632173837],[-97.8522086552562,30.2973022176124],[-97.8522586545866,30.297443218748],[-97.8522526538406,30.2974482176293],[-97.8523876553564,30.2976462165612],[-97.8525056544589,30.2978152178168],[-97.8525606547104,30.2982292173857],[-97.8525606547104,30.2987552174154],[-97.8526156540637,30.2993602171558],[-97.8526716559368,30.2999952188614],[-97.8526776557846,30.3001452177417],[-97.8527506546813,30.3003722178394],[-97.8529356537308,30.3006532175397],[-97.8530036552995,30.3009042172288],[-97.8530756552696,30.3013932181118],[-97.8531136549044,30.3017002180273],[-97.8531326542727,30.3019712173965],[-97.8530766541962,30.3022422183434],[-97.8530036552995,30.3025132193167],[-97.8529296556797,30.3029582190726],[-97.8530176546449,30.3034262195699],[-97.8532356551031,30.3038132179804],[-97.8533036557735,30.3039292185531],[-97.8534096551804,30.3040932189681],[-97.8535376561253,30.3042162187116],[-97.8539996560826,30.3045192195019],[-97.8544966553017,30.3047742189576],[-97.8549396558908,30.304933218684],[-97.8553266555052,30.3050282188266],[-97.8555816557733,30.3050552184504],[-97.8557216564137,30.3050452183608],[-97.8560236565375,30.3049392184345],[-97.8563786563647,30.3048052182319],[-97.8567956552179,30.3046252183312],[-97.8570366561407,30.3044992192125],[-97.8571936556012,30.3043592193983],[-97.857429656501,30.3039932185964],[-97.8575586563724,30.3036042183672],[-97.8577246569521,30.3032062191371],[-97.8579646562533,30.3026652184444],[-97.8580566563148,30.302171218285],[-97.8580756565814,30.3016612175785],[-97.8581496570996,30.3011202176673],[-97.8582786551744,30.300563218085],[-97.8583396561721,30.3002762180911],[-97.8583606569868,30.3000942181326],[-97.8583556569639,30.299967217318],[-97.8582636551057,30.2997852183372],[-97.8582636569024,30.2996082185654],[-97.8583516567659,30.2991292180057],[-97.8585546562572,30.2985722179714],[-97.8587936566318,30.2982092165886],[-97.8592086567335,30.2977922176172],[-97.8592556565892,30.2977442168796],[-97.859546655944,30.2974432171967],[-97.8597336573384,30.2973022168367],[-97.8599456570505,30.2971902176221],[-97.8602156564889,30.2970592162523],[-97.8605026556458,30.2969282170343],[-97.8608106565157,30.2968492171964],[-97.8610816566773,30.2968262167701],[-97.8613686576308,30.2968262175458],[-97.8617036573666,30.2968492171963],[-97.8619966572695,30.2968822162135],[-97.8621476577806,30.2969382164005],[-97.8623806565108,30.2970172161668],[-97.8626186570605,30.2971392172517],[-97.862775656521,30.2972232173001],[-97.8629586568191,30.2973572170068],[-97.8630186570935,30.2974412168685],[-97.8631656574066,30.2976802174109],[-97.8634846581472,30.2981152165885],[-97.8637006571589,30.2984292181512],[-97.8639776571683,30.2988742170529],[-97.8638336581266,30.2994972170863],[-97.8630935577236,30.2997970175867],[-97.8630561572651,30.2998615174886],[-97.8629216561109,30.2999612164876],[-97.8627866563916,30.3000612178696],[-97.8626236570833,30.3002512181978],[-97.8625666580802,30.3003592172569],[-97.8625276586205,30.3004922175863],[-97.8624126562978,30.3011552178265],[-97.8623836577821,30.3017522188602],[-97.8624126562978,30.3019672184759],[-97.8624796571433,30.3021582187167],[-97.8625756583011,30.302307218439],[-97.8626716576622,30.302423218467],[-97.8627866572899,30.3025312182359],[-97.8629216579075,30.30262221871],[-97.8632576565698,30.3027882184283],[-97.8633826571416,30.3028632184752],[-97.8635166570359,30.3029712185349],[-97.8636776575927,30.303177218793],[-97.8637686578293,30.3033242183096],[-97.8638236580809,30.3035182189277],[-97.8638256577307,30.3036482181595],[-97.8637856575477,30.3037912188993],[-97.8636886574634,30.3039922188869],[-97.8636436572575,30.3041782181956],[-97.8636316584603,30.3043062186909],[-97.863677658491,30.3044832192882],[-97.8638136580352,30.3047582183026],[-97.8644506578947,30.3059062189227],[-97.8645536587252,30.3060542186891],[-97.8646556570358,30.3061712186239],[-97.8647916574782,30.3062892181053],[-97.8650536583174,30.3064952183711],[-97.865223659095,30.3066622197445],[-97.8653266581288,30.3068192193739],[-97.8661106591998,30.3083712195039],[-97.8661676582029,30.3085472193025],[-97.8661886581193,30.3087892188973],[-97.8661566583322,30.3089702193412],[-97.866054658225,30.3092352200654],[-97.8659176597543,30.309500218522],[-97.8658606598529,30.3100692189359],[-97.8658156587487,30.3102662191012],[-97.8657016580476,30.3105212198924],[-97.8656106587093,30.3107662197387],[-97.8654966580081,30.310982220162],[-97.8653376579995,30.3112382195016],[-97.8651326579601,30.3115132197283],[-97.8649516582101,30.3117972205062],[-97.8646556579341,30.3123282187587],[-97.8645646585958,30.3124362200228],[-97.8644276583285,30.3125042199822],[-97.8642346579846,30.3125342202913],[-97.8639166579673,30.3125442203924],[-97.8637116579279,30.3125632201937],[-97.8635756574854,30.3126122210523],[-97.8634846572488,30.31274021984],[-97.8634156585502,30.3128772204596],[-97.8631886578712,30.3134962191335],[-97.8631886578712,30.3136242206441],[-97.8632116583357,30.3137222205001],[-97.8633046582221,30.3138392205876],[-97.8635296592513,30.3140072206877],[-97.8637036584303,30.314107220149],[-97.8638516585683,30.3141852204333],[-97.8639026577236,30.3142162206087],[-97.863930658211,30.314237219296],[-97.8639456573813,30.3142532215057],[-97.8639596585233,30.3142742209604],[-97.8639706592923,30.3142952196353],[-97.8639776571684,30.3143152202525],[-97.8639866582875,30.3143492207493],[-97.8640036589043,30.3144432206932],[-97.8640576584326,30.3146862208398],[-97.8641206581818,30.3149252204408],[-97.8643326587922,30.315547220463],[-97.8644996582985,30.3161012206717],[-97.864616657576,30.3164202199224],[-97.8646776585737,30.3165542205303],[-97.8647456592441,30.3166922216014],[-97.8648076582701,30.3168102208235],[-97.864858659222,30.3168922211455],[-97.8649076587275,30.3169602211146],[-97.8649616582559,30.3170292213886],[-97.8650036598853,30.3170772204379],[-97.8650506588426,30.3171302212188],[-97.865320658281,30.3174112209585],[-97.8653666583118,30.3174612212914],[-97.8653856594767,30.3174862214483],[-97.865396658449,30.3175052210669],[-97.8654066593931,30.317531220784],[-97.8654336591573,30.3176182214573],[-97.8654576585484,30.3177132209367],[-97.8654816579395,30.3178072207553],[-97.8656306579024,30.3179982211485],[-97.8649316581186,30.3181522217587],[-97.864884658263,30.3181632208514],[-97.8648376584073,30.3181732211534],[-97.8636726584681,30.318429221094],[-97.8634076581543,30.3184722208729],[-97.8630466584793,30.3185152206331],[-97.8627746575944,30.3185052219168],[-97.8625386575928,30.3184872212783],[-97.8623136583602,30.3184572204653],[-97.8620586580921,30.318409222092],[-97.8618326581363,30.3183492219599],[-97.8616296577467,30.3183342215333],[-97.8616702589026,30.3182433209468],[-97.8616966576939,30.3181812215495],[-97.861586658089,30.3181432210197],[-97.8614056574407,30.3180762214375],[-97.8611646574163,30.3179712204375],[-97.860991657164,30.3178852211964],[-97.8608396577263,30.3178002214484],[-97.8606896579385,30.3177042217083],[-97.8605916571309,30.3176372210503],[-97.860481657526,30.3175582216162],[-97.8601546581862,30.3172732216755],[-97.8598716565323,30.3170152218877],[-97.8596906576807,30.3168492206731],[-97.8594386568873,30.316607221594],[-97.8591806562461,30.3163732209099],[-97.859084656885,30.3162952208162],[-97.8589846573258,30.3162112208247],[-97.8588086567004,30.3160882213997],[-97.8585736565238,30.3159452207645],[-97.8583456569181,30.3158302215936],[-97.8580956566729,30.3157132207814],[-97.8578606573946,30.3156052208024],[-97.8571486562937,30.3152862204495],[-97.8568796557818,30.3151682209431],[-97.8566176567393,30.3150552208292],[-97.8561166555256,30.3148432207991],[-97.855302656114,30.3144962213478],[-97.8548536556771,30.3142992203795],[-97.8541646559391,30.3140042203146],[-97.8537236558981,30.3138222202522],[-97.8528926558698,30.3134412194873],[-97.8527366553358,30.3133742205674],[-97.8523396547775,30.3132022216953],[-97.8514516557461,30.3128052207296],[-97.8512586554023,30.3127122211616],[-97.8512046549756,30.3126852213205],[-97.8509806555679,30.3125672202331],[-97.8507666553077,30.3124392212195],[-97.8504926556713,30.3122342206636],[-97.8503706545742,30.3121282207565],[-97.8500086559726,30.3117982209116],[-97.8494896534189,30.311308221113],[-97.8492776546051,30.3111232202354],[-97.8490876555326,30.3109752203676],[-97.8487506534521,30.3107542209508],[-97.8484466545768,30.3106002203466],[-97.8482186531745,30.3105022204707],[-97.8480546540413,30.3104412205064],[-97.8479396535153,30.3104052193654],[-97.8478076532708,30.3103682201177],[-97.8477116539097,30.3103432196959],[-97.8476196547465,30.3103242202397],[-97.8474946541747,30.3103002194518],[-97.8473776531005,30.3102782195],[-97.84729265361,30.3102672202977],[-97.8471886538529,30.3102562203188],[-97.8470576543317,30.3102462199843],[-97.8469066538206,30.3102362204243],[-97.8467826539721,30.3102292198011],[-97.84662465289,30.3102162205257],[-97.8465056548609,30.3102062201872],[-97.8463446543041,30.3101892207725],[-97.8462006534658,30.3101762207164],[-97.8460846540132,30.3101632206585],[-97.8459566530683,30.3101452200386],[-97.8458386530675,30.3101242204745],[-97.8455996535913,30.31007022091],[-97.8455896535455,30.3101262197684],[-97.8455856533475,30.3101582200989],[-97.8455796534998,30.3102562210943],[-97.845580654223,30.310538220025],[-97.8455436535147,30.3110472206666],[-97.8455066537048,30.3112732191503],[-97.8453556540921,30.3117442199429],[-97.8452546538097,30.3119022211424],[-97.8452076530558,30.3119672202613],[-97.8443836535985,30.3127662208214],[-97.843630653388,30.3135232203021],[-97.8435566528698,30.3136862213399],[-97.8433566546499,30.3145052224218],[-97.8432896529061,30.3151672213476],[-97.8432066530654,30.3161012222226],[-97.8430476530568,30.3171842207705],[-97.8428116539536,30.3176342207884],[-97.8426136526885,30.3178912217049],[-97.8424296525655,30.3180442221416],[-97.8416826531011,30.3185882219319],[-97.8414916533054,30.3188182221949],[-97.8413846540736,30.3190662224534],[-97.8415526534048,30.3207052219793],[-97.8418736528968,30.3213472232627],[-97.8421556529291,30.3217772236805],[-97.8422936521231,30.3219242232155],[-97.8437742535777,30.3235584231845],[-97.8438131533245,30.3236195219904],[-97.8439102540202,30.3237998219833],[-97.8439990533843,30.3240745233163],[-97.8440628535324,30.3242244240889],[-97.8441466546703,30.3246262227517],[-97.8441396540993,30.3246932232823],[-97.8440626532081,30.3254412228196],[-97.8440856536726,30.3254832239076],[-97.8436694534217,30.3258841233745],[-97.8435456538975,30.3260032234429],[-97.843478653052,30.3259712236347],[-97.8434316540947,30.3259552233391],[-97.84339165481,30.3259432240848],[-97.8433726545434,30.3259362238084],[-97.8433576544748,30.3259252232621],[-97.8433236541397,30.32588722341],[-97.8431846533241,30.3257282235629],[-97.8431636543061,30.3256882238826],[-97.8431626535828,30.3256732238044],[-97.8431646532327,30.3256582229485],[-97.8431766538265,30.3256302233091],[-97.8431816547477,30.3256092239619],[-97.8431806540245,30.3255862225302],[-97.8431786534764,30.3255652239491],[-97.8431726536286,30.325543224323],[-97.8431616546562,30.3255242239369],[-97.843117653377,30.325463223244],[-97.843041653209,30.3253552223817],[-97.8430286536885,30.3253422235623],[-97.8429526535205,30.3252952226267],[-97.8429286532311,30.3252862233193],[-97.8429056536649,30.3252842227839],[-97.8428656534819,30.3252932236423],[-97.842802654631,30.3253182233513],[-97.8427776527201,30.3253232239127],[-97.8427516536791,30.32532222287],[-97.8427276533897,30.3253182233513],[-97.8426686529401,30.3252972231619],[-97.8426306542036,30.3252802232638],[-97.842601652993,30.3252562230376],[-97.842496653411,30.3251302233046],[-97.8424756534946,30.3250862230765],[-97.8424716541949,30.3250462223586],[-97.842463653799,30.3250292224169],[-97.8424496535553,30.3250122232476],[-97.8423036530671,30.3248872234725],[-97.8422776540262,30.3248582233406],[-97.8421746531957,30.3247002228722],[-97.8421676544213,30.3246842239197],[-97.8421706529977,30.3246672239151],[-97.8421776535688,30.3246482233592],[-97.8422106531807,30.3245972233179],[-97.8422126537288,30.3245772232488],[-97.842210654079,30.3245542231256],[-97.8421986525868,30.3245362235985],[-97.8421806530435,30.324524223395],[-97.8419306536966,30.3244391224008],[-97.8417836524851,30.3244032233288],[-97.8417606529189,30.3243992222218],[-97.8417036539158,30.3243962237177],[-97.8416786538015,30.324391223109],[-97.8416496534891,30.3243782218353],[-97.8416316530475,30.3243642226091],[-97.841611652956,30.3243382223791],[-97.8415736524229,30.3242912240634],[-97.8413426533425,30.3239722225255],[-97.8412966533117,30.3239172225564],[-97.8412336526642,30.3238592224851],[-97.8411536531966,30.3237832234893],[-97.8410696544293,30.3237292236977],[-97.8409726534466,30.3236812232549],[-97.8404296524001,30.3234782227536],[-97.8395146527062,30.3230832236818],[-97.839083652711,30.3229232228684],[-97.8390196531369,30.3229092234342],[-97.8389486529918,30.3228942229304],[-97.8388566529303,30.3228802227167],[-97.8387846520619,30.3228692226027],[-97.8387136519168,30.3228542236437],[-97.838678652655,30.3228372217707],[-97.8386416519468,30.3228142235652],[-97.8385276512457,30.3227302229595],[-97.8383746519831,30.3226202223712],[-97.8382626518301,30.3225512221576],[-97.838234652241,30.3225372226703],[-97.8381996520809,30.3225292234054],[-97.8380466528183,30.3225042237599],[-97.8378616528704,30.322475223698],[-97.8378066526188,30.3224782230363],[-97.8377436519714,30.3224892231942],[-97.8376896515447,30.3225102232102],[-97.8376346521914,30.3225402235576],[-97.8374576526394,30.3226852221345],[-97.837389651969,30.3227202231226],[-97.8373236527451,30.3227432236764],[-97.8372436514808,30.3227642228626],[-97.8371636529115,30.322780222904],[-97.8370266517458,30.322785223595],[-97.8369896528342,30.3227822219398],[-97.8369556524991,30.3227722228836],[-97.8368166525819,30.3227112235786],[-97.8367946510439,30.3226982236329],[-97.8367746509525,30.3226792234704],[-97.8367086517285,30.322609222228],[-97.8366896514619,30.3225922226387],[-97.8366706520937,30.3225762233419],[-97.8365246525038,30.3224682223982],[-97.8363396516576,30.3223442235516],[-97.8361716514281,30.3222502234334],[-97.8360376515338,30.3222062226871],[-97.835937652873,30.3221812229593],[-97.8359096523856,30.3221792223604],[-97.8358896504975,30.3221812221838],[-97.8357976513343,30.3221992221437],[-97.8357766514179,30.3222062226872],[-97.8357586509762,30.3222182223992],[-97.8357026508997,30.3222602233183],[-97.8356926526506,30.3222712227252],[-97.8356816518817,30.3222882223702],[-97.8356506510212,30.32238122293],[-97.8355996509676,30.3227222221595],[-97.8355576520331,30.3228672235688],[-97.8355386508682,30.3228961234855],[-97.8355286517208,30.3229112232427],[-97.8354946513856,30.3229382225923],[-97.8353726520851,30.322976222813],[-97.8342426523061,30.3232292225192],[-97.8338317512171,30.3233425233726],[-97.8330386520089,30.3235612232081],[-97.83176364977,30.3240292238002],[-97.8305836506605,30.3245282244969],[-97.8294526501582,30.3250682236472],[-97.8284896507838,30.3256922233861],[-97.8277376503982,30.3262932240872],[-97.8269996502563,30.3268552236989],[-97.8266386505813,30.3271392234296],[-97.8264676499787,30.3273032229973],[-97.8262286505024,30.3275162257751],[-97.8262016489416,30.3275492237724],[-97.8261726504259,30.3275882247746],[-97.8261456497635,30.3276322246542],[-97.8259786493589,30.3277912237366],[-97.8251636501224,30.3284822250017],[-97.824911549616,30.3287021252715],[-97.8248576489024,30.3287492245954],[-97.8245426483598,30.3290052248117],[-97.8245116492959,30.3290662240739],[-97.8244496493717,30.3291432238511],[-97.8243606487849,30.3292232242503],[-97.8240106489805,30.3295412247449],[-97.8239606478535,30.3296122251337],[-97.8239106503197,30.3296822244729],[-97.8237526492377,30.3298282243292],[-97.8230006488521,30.3307022246745],[-97.8226586485453,30.3311342255344],[-97.822603649192,30.3312052247683],[-97.8225766476312,30.3312452252968],[-97.8223626482693,30.3314992255582],[-97.8223196477133,30.3315622244496],[-97.8222696483829,30.3316562249355],[-97.8221296477425,30.3318542253172],[-97.8212536484067,30.3329262259537],[-97.8210636484359,30.3331442251926],[-97.820939647689,30.3332782254086],[-97.8208576476732,30.3333462256332],[-97.8208026492183,30.3333962263611],[-97.8207446485936,30.3334632263197],[-97.8206076483263,30.3336652261022],[-97.8205036476709,30.333810225267],[-97.8203906485913,30.3339612252919],[-97.8203436478373,30.3340612260941],[-97.820281647913,30.3341422265296],[-97.820180648529,30.3342462255258],[-97.8200956481402,30.3343202253557],[-97.8200176483224,30.3344202257914],[-97.8199746486647,30.3345072254205],[-97.8198616477885,30.3346422262694],[-97.8197496485338,30.334769226341],[-97.8196126482664,30.3348952260783],[-97.8195116479841,30.3350162255871],[-97.8194416476639,30.3351032254621],[-97.8192556469927,30.335324225777],[-97.8190456478288,30.3355562250587],[-97.8189756484069,30.3356492262004],[-97.8187006489456,30.3359582261084],[-97.8186856479787,30.3359922268466],[-97.8186716486333,30.3360072268949],[-97.8186256486025,30.3360322269704],[-97.8185796476735,30.3360722263024],[-97.8185486486096,30.3361152260894],[-97.8185276477949,30.3361642260221],[-97.8185086475283,30.3362072265441],[-97.8184846481372,30.3362312264125],[-97.8184536490734,30.3362442268879],[-97.8183996468501,30.3362642261251],[-97.818378647832,30.3362782259763],[-97.8181156480663,30.3365582264564],[-97.8180806479062,30.3365982263488],[-97.8180686482106,30.3366352257697],[-97.8180686473123,30.3366792262361],[-97.8180576474416,30.3367192268544],[-97.8180186479819,30.336762225582],[-97.8179756483242,30.3367832256389],[-97.8179196473494,30.3367982271166],[-97.8178866477374,30.336826225889],[-97.8178556486736,30.3368702262696],[-97.8178176472421,30.3369292265376],[-97.8178016482469,30.3369472268881],[-97.8177626469905,30.3369702264268],[-97.8176926475687,30.3370002269967],[-97.8176696471041,30.337018226559],[-97.8175646475221,30.3371512259785],[-97.8175096481689,30.3372152260313],[-97.8174746480087,30.3372652271093],[-97.8174556477422,30.3373122269521],[-97.8174126480845,30.3373462256695],[-97.8173386475663,30.337396227456],[-97.8171716480601,30.3375602261278],[-97.8171136465371,30.3376312261294],[-97.8170716476026,30.3376842258677],[-97.8169826479142,30.3377872263888],[-97.816962648721,30.3378342267562],[-97.8169476486524,30.3378672267038],[-97.8169206470916,30.3379042264203],[-97.8168696488346,30.3379412261228],[-97.8168236479055,30.337985227553],[-97.8160766466445,30.3387362259712],[-97.8151666469734,30.3397662260921],[-97.8150626463181,30.3398732279988],[-97.8149536465381,30.3399802274627],[-97.814832647961,30.3401082269286],[-97.8147786475343,30.3401652265642],[-97.8137326483191,30.3413652270614],[-97.8132466480723,30.3420182273259],[-97.8130176468451,30.3422772272452],[-97.8128186475518,30.3425322284389],[-97.8126096473144,30.3427732277222],[-97.8119224469019,30.3437311285162],[-97.8116856473997,30.3440612277767],[-97.811372646507,30.3445022277049],[-97.8113296468493,30.3445892284528],[-97.8112786467956,30.3446862274935],[-97.8112286474652,30.3447502280469],[-97.8111626464447,30.3447972273968],[-97.8111116463911,30.34485122875],[-97.8110686467333,30.3448772274097],[-97.8110386474945,30.3449042292308],[-97.8110146463067,30.3449512277316],[-97.8108976461308,30.345245228332],[-97.810866647067,30.3452982293748],[-97.8108196472113,30.3453392288598],[-97.810780645955,30.3454092285839],[-97.8107426463201,30.3454802283194],[-97.8106216459463,30.3456712282364],[-97.8105826464866,30.3457652283551],[-97.8105676473162,30.3458282289201],[-97.8105556467224,30.3458592283834],[-97.8105396459305,30.3458862291583],[-97.8104856464022,30.3459292285108],[-97.8104116476806,30.3460302279973],[-97.8103266463935,30.3461842279424],[-97.8102557468597,30.3462946276653],[-97.8100386465134,30.3466452293752],[-97.810014646224,30.3466992297087],[-97.8100036463533,30.3467322282182],[-97.8099338472557,30.3468741295895],[-97.8098462462442,30.3470133283058],[-97.8096536474473,30.3472922274916],[-97.8096066466933,30.3473642282288],[-97.8095362457245,30.3475028293245],[-97.8094890464428,30.3475634286747],[-97.8091126469489,30.348069229839],[-97.8090287451997,30.3481788289588],[-97.8086346461997,30.3486422295932],[-97.8084672469431,30.348834528801],[-97.8081636460215,30.3491082288718],[-97.8080006458149,30.3492862291684],[-97.8074946463749,30.3498012301147],[-97.8074556460168,30.3498582295321],[-97.8074326464506,30.3499122288678],[-97.8073626461304,30.3499952293966],[-97.8073206453993,30.3500202305508],[-97.8072356459088,30.3500562295349],[-97.8071076458623,30.3501402284049],[-97.8069326450618,30.3502642300381],[-97.8068156466825,30.3503382293875],[-97.8065936460264,30.3504992296015],[-97.8063416470296,30.3506642295844],[-97.805839645991,30.3509392299712],[-97.8054816457907,30.3511412293515],[-97.8053686467111,30.3511852302741],[-97.8050766457347,30.3513232298329],[-97.8048316455124,30.3514332291844],[-97.804520646066,30.3515432299628],[-97.804073645279,30.3516672305933],[-97.8039526449051,30.3516902297739],[-97.8036376452609,30.3517202289331],[-97.80330364535,30.3517642295954],[-97.8026126459621,30.3517352304472],[-97.8021346443146,30.3516702305878],[-97.8017286453321,30.3515662299478],[-97.8012716453976,30.3514522291938],[-97.8007966441231,30.3512542296902],[-97.8007576437651,30.351239230428],[-97.8006726442745,30.3512272311715],[-97.8006056443274,30.3512222303827],[-97.8005396433068,30.3512022303257],[-97.8004316451484,30.3511282300793],[-97.8003646434046,30.3510642290459],[-97.8002796439142,30.3510212296241],[-97.8000886450167,30.3509602293122],[-97.7997426436137,30.3508092291518],[-97.7993876437865,30.3506072298613],[-97.7990086445681,30.350336229364],[-97.7987906441099,30.3501562309501],[-97.7986316441012,30.350034229985],[-97.7984176447393,30.3498682296984],[-97.7982286436951,30.3497262303412],[-97.7980226438308,30.3495722297681],[-97.7978086444689,30.3494192289739],[-97.7976526430366,30.3493122289755],[-97.7974816442307,30.3492032288134],[-97.7973456437883,30.3494242290797],[-97.7970076436795,30.3499742298486],[-97.7969076432221,30.349910230386],[-97.7965096437371,30.3496472304349],[-97.7924206419212,30.3469422289026],[-97.7911376419813,30.3459492296455],[-97.789782641173,30.3447792292649],[-97.7885946407693,30.3436722292548],[-97.7876126411283,30.342580228945],[-97.7865156409612,30.3411142279034],[-97.785419640619,30.3394442280752],[-97.7838763385542,30.3368614280559],[-97.7832173398516,30.3357584275334],[-97.7808176369955,30.3317422260432],[-97.7789908383051,30.3285211271598],[-97.778684637659,30.3279812261346],[-97.7784993376738,30.3275723255429],[-97.7776456381166,30.3256882254334],[-97.7768856373351,30.3237392249825],[-97.7768157367279,30.3234868252144],[-97.7764466378422,30.3221532262031],[-97.7761466373682,30.3206702256994],[-97.7760406361648,30.3188592242383],[-97.7761716365843,30.3169342243479],[-97.7764916371498,30.3150852242348],[-97.7769506376324,30.3134702237743],[-97.7774486357781,30.3108512224862],[-97.77764853698,30.3102052228676],[-97.7781076371756,30.308721221789],[-97.7782768375543,30.3083573219122],[-97.7785923366619,30.3076791232504],[-97.7792346374799,30.3062982214841],[-97.7806386377937,30.3042232220909],[-97.7813799374476,30.3033895209376],[-97.7820426381074,30.3026442211557],[-97.7834336380024,30.3010012215314],[-97.7849626370913,30.2989432207523],[-97.7858826377064,30.2973892191787],[-97.7859434383797,30.2972631200126],[-97.7862246380131,30.2966792199212],[-97.7862496381275,30.2961552199689],[-97.7861716383097,30.295481218412],[-97.7859646386205,30.2947262196002],[-97.7859485381156,30.2946892198644],[-97.7856526393492,30.2940082188608],[-97.7855766373846,30.2938722188308],[-97.785496637917,30.2937302189518],[-97.7854666377797,30.2936772202553],[-97.7854366376425,30.2936122190927],[-97.7854196379241,30.2935702190822],[-97.7854016374824,30.2935222193806],[-97.7853706375203,30.2934242194969],[-97.78535563835,30.2933672190368],[-97.7853386386316,30.2932812191506],[-97.7853306382356,30.2932052197116],[-97.7853226378397,30.2931282196177],[-97.7853246365912,30.2930492190457],[-97.7853276378626,30.2929892196781],[-97.7853396384565,30.2929172193026],[-97.7853556374517,30.292843219228],[-97.7853786388145,30.2927582187064],[-97.7853986380077,30.2926922186613],[-97.7854206368507,30.292619219018],[-97.7854666377797,30.2924992189444],[-97.7858016375155,30.2916172181255],[-97.7855396366764,30.2916072182167],[-97.7852836374817,30.29159921953],[-97.783546437656,30.2915673186326],[-97.7833106379787,30.2915662187352],[-97.7830856360512,30.2915622186146],[-97.7830230378489,30.2914600188521],[-97.7829934365637,30.2914243186815],[-97.7829770369199,30.2914017187798],[-97.7829523368428,30.2913678189174],[-97.7828996371767,30.2912992186656],[-97.7826226380656,30.29094121905],[-97.7819726368889,30.2901022179969],[-97.7810986372029,30.2889512189184],[-97.7802276369916,30.2878202177866],[-97.7785676356865,30.2856322176577],[-97.7776126358097,30.2843752184458],[-97.7767646351646,30.2831772171456],[-97.7764846356804,30.2827452174319],[-97.776120634734,30.2822282178063],[-97.7752026346671,30.2808932173166],[-97.7747066343746,30.2801612168396],[-97.7745406337949,30.2799242161857],[-97.7744536346545,30.2798022169615],[-97.7743246347831,30.2796122165831],[-97.774206633884,30.2794572167574],[-97.7740146333651,30.2792282179781],[-97.7739026341104,30.2790992165944],[-97.7738006331049,30.278998215597],[-97.7736506342154,30.2788702162039],[-97.7735176350443,30.2787692165225],[-97.773181633687,30.278525216602],[-97.7732986347612,30.2784162168039],[-97.7733756347541,30.2783612168741],[-97.7735626343518,30.2780382164666],[-97.7736716341317,30.2778812173064],[-97.7737436350001,30.2777542164334],[-97.7737786342619,30.277707217504],[-97.7738076336759,30.2776922162894],[-97.7738566340797,30.2776722159594],[-97.7743076341664,30.2768702172864],[-97.7744026337026,30.2768212156335],[-97.7742266339756,30.2767422158935],[-97.7742006340363,30.2767172154323],[-97.774178634295,30.2766772159223],[-97.7741366344622,30.2766392155969],[-97.7740766341877,30.2766242157706],[-97.7739346338975,30.2765202153606],[-97.7738836338439,30.2764762158104],[-97.7738326355869,30.2764392161734],[-97.7737146346878,30.2763642153147],[-97.773668634657,30.2763382155415],[-97.7735996350601,30.2763232172209],[-97.7735526334078,30.2762942159098],[-97.7734536336735,30.2762382163498],[-97.7734146342138,30.2762052165942],[-97.7733676334598,30.2761792152274],[-97.7733376342209,30.2761302163326],[-97.7733156335813,30.2760782158796],[-97.7732676339007,30.2760382161092],[-97.7731626334204,30.2759922171288],[-97.7715406335468,30.2744702161427],[-97.7714486334853,30.2743862160055],[-97.7715576332652,30.2742442158503],[-97.7718176335562,30.2738922153884],[-97.7719056334197,30.2737692156302],[-97.7718045334244,30.2736719159659],[-97.7717223330844,30.2735927158594],[-97.7717186329237,30.2735892154035],[-97.7714946344143,30.2734312153118],[-97.7709036345855,30.2730142149679],[-97.7705286328702,30.2727352160536],[-97.7701496327535,30.272347516257],[-97.7694346321778,30.2716162162274],[-97.7682876326803,30.2707412149895],[-97.7671266320409,30.270100215213],[-97.7660056315843,30.2696452155295],[-97.7649716320647,30.2692413147561],[-97.7623296302203,30.2682092148746],[-97.7621217313174,30.2681280148656],[-97.761172630677,30.2677572151977],[-97.7615126295373,30.2672472155663],[-97.7614896308695,30.2669852149265],[-97.7614846317449,30.2669262152248],[-97.7630606306895,30.2661072147977],[-97.7637026305719,30.2657622153351],[-97.7649526317982,30.2651772145554],[-97.7652936313817,30.2650172146768],[-97.7655866303864,30.2648342151458],[-97.7659156311726,30.2646182139504],[-97.7663326309242,30.2644632137229],[-97.7669596316363,30.2642442144711],[-97.7676136330109,30.2640202141465],[-97.7677616331489,30.2639842138112],[-97.7679046314674,30.2639772145419],[-97.7690326324949,30.2640012126996],[-97.769389631972,30.2639892143973],[-97.7697196334815,30.2639502144738],[-97.7702766329751,30.2638672139879],[-97.7704866330374,30.2638382144279],[-97.770725633412,30.2637852143271],[-97.7709186328575,30.2637202143108],[-97.7711216332471,30.2636322130264],[-97.7713286329364,30.2635552130017],[-97.7715436321232,30.2634912137313],[-97.771816632833,30.2634202135583],[-97.7718656341351,30.263414213596],[-97.7721026330632,30.2633852139022],[-97.7723206326231,30.263373213973],[-97.772538632183,30.263373213973],[-97.7735196337958,30.2634322134818],[-97.7744876340915,30.2634322142577],[-97.7752096343398,30.263444213404],[-97.7755076342656,30.2634072142861],[-97.7757276334753,30.2633962129309],[-97.7759596341773,30.26334921411],[-97.77638163485,30.263232214306],[-97.7767052349647,30.2631376136157],[-97.7773086342394,30.2629612142178],[-97.7779286352789,30.2628522134304],[-97.7780826343663,30.2628322131802],[-97.7782416352733,30.2628362136961],[-97.7784276341478,30.2628442139515],[-97.7785456350469,30.2628242129239],[-97.778685634789,30.2627772138291],[-97.7788036347898,30.2627302131601],[-97.7789086334734,30.2626992130036],[-97.7790266343725,30.2626912135123],[-97.7791446343733,30.2626952124821],[-97.7792436341075,30.2627112137911],[-97.7793256359199,30.2627342129042],[-97.7794296347787,30.2627502142069],[-97.7795616350231,30.2627422139438],[-97.7796796359222,30.2627192132809],[-97.7797746345602,30.2626872129905],[-97.7798976354821,30.2626322135581],[-97.7801376347833,30.2625052131289],[-97.7802876354694,30.2624582131055],[-97.7804006363457,30.2624392129081],[-97.7805006359048,30.2624272128632],[-97.7807816352139,30.2624002131448],[-97.7810266354362,30.2623532130712],[-97.781108635452,30.2623252131983],[-97.7813026365191,30.2622472127896],[-97.7817466351365,30.2620152122426],[-97.7821876351774,30.261820212429],[-97.7824686362831,30.2617252131157],[-97.7826946344423,30.2616772133543],[-97.7828896353343,30.2616492132885],[-97.7832166355725,30.2616222125803],[-97.783611636481,30.2616142130013],[-97.7836886355756,30.2616022120796],[-97.7837576369692,30.2615772131938],[-97.7838516357822,30.2615442123892],[-97.7839516353413,30.2614812135027],[-97.7840466357759,30.2613952136026],[-97.7841426360353,30.2612972118925],[-97.784214635107,30.2612502128428],[-97.7842966369194,30.2612302130424],[-97.784449636182,30.2612282127516],[-97.7846676366402,30.2611932123143],[-97.784821636626,30.2611262133932],[-97.784962636193,30.2610512132495],[-97.7853656365991,30.2606722118442],[-97.7855426361511,30.260515212066],[-97.7856256359918,30.2603962132333],[-97.7856426366085,30.2602762117736],[-97.7856156350477,30.2601472126402],[-97.7855696359153,30.2600652129767],[-97.785478636577,30.2599832116929],[-97.7853026359516,30.2598962126499],[-97.7852386363775,30.2598732120962],[-97.78517563573,30.2598572126525],[-97.7851296356992,30.2598532127912],[-97.7850836365668,30.2598572118766],[-97.7850156358964,30.2598802132099],[-97.7849526352489,30.2598842122942],[-97.7848886365731,30.259880212434],[-97.7848076363823,30.2598612125137],[-97.7846316366552,30.2597582131269],[-97.7845266361749,30.2596762123627],[-97.7843866355345,30.2595582126756],[-97.7842326355487,30.2593982121765],[-97.7839966355471,30.2591642115495],[-97.7837566353476,30.2589162118812],[-97.7835796357956,30.2586892128562],[-97.7835166360464,30.2585712119833],[-97.7834936355819,30.2584852126387],[-97.7834796353382,30.2583912118253],[-97.7834796353382,30.2582662132458],[-97.7834946345085,30.2581262126305],[-97.7835266351939,30.2579982124031],[-97.7836126354076,30.2577802113289],[-97.7837786350889,30.2574662123623],[-97.7838326364139,30.25738821275],[-97.7839056362088,30.2572812123555],[-97.7839646357601,30.2572222114789],[-97.7840226363847,30.2571702118737],[-97.7841406363855,30.2570942124012],[-97.784297635846,30.257018212094],[-97.7844646353523,30.256955211856],[-97.7846676357419,30.2569082122803],[-97.785583636159,30.2567602128585],[-97.7857616364342,30.2567212123918],[-97.7868386365098,30.2564142114004],[-97.7877676364474,30.2561352118711],[-97.787970636837,30.2560652120095],[-97.7881286379191,30.2559992121165],[-97.7881646370058,30.2559792120226],[-97.7882366360775,30.2559212121152],[-97.7882986369001,30.2558762116684],[-97.7883576373496,30.2558452124522],[-97.7884296364213,30.2558292115764],[-97.7885246368559,30.2558122112734],[-97.7887236370475,30.2557652119267],[-97.7888226367817,30.2557342111235],[-97.7891776366089,30.2555832124282],[-97.7892546366018,30.2555572110313],[-97.7895246378369,30.2554832114944],[-97.7897006366657,30.2554342115816],[-97.7898856366136,30.2553812108249],[-97.7899256367966,30.2553662108545],[-97.7901026363486,30.2552922119496],[-97.7911746364013,30.2547582107969],[-97.7927866389241,30.254042211371],[-97.7933276376259,30.253820210721],[-97.793582637894,30.2537442102084],[-97.7938686390226,30.2536802107522],[-97.7940986382781,30.2536452107288],[-97.7943176376629,30.2536042109073],[-97.7945426386921,30.2535572112801],[-97.7947416379854,30.2534992107185],[-97.7950026381013,30.253402210666],[-97.7951966382701,30.2533082104199],[-97.7953366380122,30.2532272114812],[-97.7954336389949,30.2531512112858],[-97.7955416389499,30.2530462106128],[-97.7956476383568,30.2529232095709],[-97.7957666381825,30.2527512102276],[-97.7958696381146,30.2525412102423],[-97.7962936375389,30.251424209682],[-97.7963456374174,30.2512482098305],[-97.7965436377841,30.2503602100036],[-97.7968436382581,30.248768210921],[-97.7969116389284,30.2484762101555],[-97.7969716383046,30.2481572103206],[-97.7969896387462,30.247990209466],[-97.7969766383275,30.2477912101682],[-97.7969356383196,30.2476432102029],[-97.7968776385932,30.24751120992],[-97.796800637702,30.2473402091486],[-97.7967056381658,30.2471802089244],[-97.7965956385609,30.2470012099119],[-97.7965325382005,30.246921309275],[-97.7964266376082,30.2467872088827],[-97.7963006381098,30.2466542102601],[-97.7962166384442,30.2465882094765],[-97.796157638893,30.2465642101682],[-97.7960436381919,30.2465342098606],[-97.7958406378023,30.2464992096194],[-97.7952546370981,30.2463742090999],[-97.7950516385051,30.246334208869],[-97.7949526378726,30.2463202085903],[-97.7948306385722,30.2463102094986],[-97.7945336384713,30.2462952089192],[-97.7942096368095,30.2462952089192],[-97.7940176371889,30.2463072101589],[-97.7938716384973,30.246334208869],[-97.7936306375746,30.2464062100488],[-97.7932366373893,30.2465382087122],[-97.7928896370597,30.2466742099244],[-97.7925796374383,30.2468062090037],[-97.7922686370937,30.2469102106227],[-97.7919616378453,30.2469902090471],[-97.7916666364959,30.2470442099645],[-97.791358638321,30.2470732090509],[-97.7912206373304,30.2470752096298],[-97.7910836379613,30.2470762099192],[-97.7908196365741,30.2470482095714],[-97.79071863719,30.2470282099832],[-97.7906066361387,30.2469962100127],[-97.79043063731,30.2469202104293],[-97.790097637224,30.246741209391],[-97.789715635836,30.2465192100913],[-97.7895156358194,30.2463872106264],[-97.7893816359252,30.2462822097085],[-97.7893256358486,30.2462172097492],[-97.7892466362059,30.2461112099024],[-97.7891446360987,30.2459542101316],[-97.7890746375751,30.2458702088809],[-97.7889736363944,30.2457472097191],[-97.7888756355868,30.2456102084716],[-97.788805636165,30.2454452101085],[-97.7887676365301,30.2453212093315],[-97.7887406367659,30.2452142097619],[-97.7886996358597,30.2450722093263],[-97.7886856365143,30.2448352093337],[-97.7886856365144,30.2443142097931],[-97.7887266365222,30.2439952088628],[-97.7888096372612,30.2436042091491],[-97.7889056357241,30.2433202096282],[-97.7890696357556,30.2429772083912],[-97.7892616362745,30.242704208404],[-97.789292736848,30.2426663090111],[-97.7894946368013,30.2424202086104],[-97.7896996359424,30.2422422082503],[-97.7898236375876,30.2421482081916],[-97.7899466358147,30.2420772088885],[-97.7900426360741,30.2420412082714],[-97.7901526365773,30.2420182089695],[-97.7903856371041,30.2420062095341],[-97.7906456373951,30.2419942085451],[-97.7910026359739,30.2419942085451],[-97.7912076360133,30.2419942085451],[-97.7914816383446,30.2419582094496],[-97.791701636656,30.2419112089077],[-97.7918796360329,30.2418752082298],[-97.7919756362924,30.2418642091194],[-97.792084637869,30.241852208113],[-97.7922356374817,30.2418752082298],[-97.7923586375053,30.2419112081317],[-97.7924546377648,30.2419462076788],[-97.792578636715,30.2420182089695],[-97.7927156369824,30.2420652086842],[-97.792838637006,30.2421122091525],[-97.7929756372734,30.242136208772],[-97.7931126375407,30.2421482089677],[-97.7932496378081,30.2421602091618],[-97.7933866380754,30.2421952086202],[-97.7935786367978,30.242254209209],[-97.7936746370572,30.2423022083727],[-97.793756637073,30.2423612081213],[-97.7938106374997,30.2424322079952],[-97.7938516375076,30.2425152079687],[-97.7938796370967,30.2426092076763],[-97.7938936373403,30.242704208404],[-97.7939066368608,30.2427752088062],[-97.7939066368608,30.2428462083811],[-97.7938796379949,30.242953208201],[-97.7938796370967,30.2430242091994],[-97.7938936373403,30.2431072086728],[-97.7939346382465,30.2431542094188],[-97.7939866372268,30.2431932082871],[-97.7940436380265,30.2432252094959],[-97.7946746380382,30.2435332093458],[-97.7955246383331,30.2439002086071],[-97.7956746390193,30.2439712096972],[-97.7958116383883,30.2440542091469],[-97.7962366385357,30.2443742094266],[-97.7967026377927,30.2447052090098],[-97.7968266385396,30.2447772082792],[-97.7969466381902,30.2448262104033],[-97.7970726385869,30.2448592090642],[-97.7977586379519,30.2450012090316],[-97.798498638642,30.2451902085659],[-97.7986216386656,30.2452022091646],[-97.7989506403502,30.2452142089858],[-97.7993756395993,30.2452022091647],[-97.799773638186,30.2452262088056],[-97.7998686404172,30.2452262088056],[-97.8001436398785,30.2452852091267],[-97.8003626383649,30.2452972104898],[-97.8005406395385,30.2452972097138],[-97.8007326400574,30.2452622090321],[-97.8010756401891,30.2451792090505],[-97.8013496398255,30.2451082088331],[-97.8016236394619,30.2450012090316],[-97.8019686401417,30.2448642098481],[-97.8022506383773,30.2447492096043],[-97.8025016402442,30.2446572079155],[-97.8031059387324,30.2444035088527],[-97.803255239631,30.2443160086573],[-97.8033890400993,30.2442645089759],[-97.8038678403491,30.2440483096633],[-97.8042281402365,30.24386820917],[-97.80453704032,30.2436828095011],[-97.8049643410529,30.2434254084993],[-97.8053040398759,30.2432350079045],[-97.8056180396952,30.2430908083842],[-97.806014440179,30.2428232077156],[-97.8063556409851,30.2425152079687],[-97.8069051404444,30.2418350082719],[-97.8069772410257,30.2417526076198],[-97.8076376402018,30.2410312074403],[-97.8080486401055,30.2405322072091]]]},"properties":{"ZIPCODE":"78746"}},{"type":"Feature","geometry":{"type":"Polygon","coordinates":[[[-97.7359702229046,30.2513619135554],[-97.7358983235458,30.2510088121859],[-97.7358433232943,30.2507466130245],[-97.7358116226462,30.2505859121947],[-97.735788323941,30.2504760122649],[-97.7359408228419,30.250554313019],[-97.7359599237198,30.2505635131829],[-97.7362030240054,30.2506750123329],[-97.7368786235743,30.2510097131087],[-97.7370976229592,30.2511182125595],[-97.7372274232295,30.2511885131495],[-97.7375646247361,30.2513712121937],[-97.7382056247935,30.2517502137944],[-97.7385016232729,30.2519472139056],[-97.7394167244764,30.2526841139825],[-97.7395696249243,30.2528072123207],[-97.7404625251639,30.2539424137232],[-97.7405426252429,30.254044212584],[-97.7412026246686,30.2553292133489],[-97.7413275246291,30.2556923128459],[-97.7418801250727,30.2572993134616],[-97.7419004260998,30.2573583135159],[-97.7419243239813,30.2574277142078],[-97.7420476267372,30.2577862131873],[-97.7425796252182,30.25916621421],[-97.7432776251771,30.2601962140813],[-97.7435186260998,30.2604252145857],[-97.7442136256857,30.2610842134439],[-97.7451776257834,30.2617732151815],[-97.7479966271798,30.2628972145603],[-97.7486687269125,30.2631078146704],[-97.7526396281163,30.2643522143757],[-97.7545956287991,30.2649052142963],[-97.754213630106,30.2656432151022],[-97.7538956291904,30.2661372153346],[-97.7534536284262,30.266800215007],[-97.7533756295067,30.2671422152221],[-97.7533466291944,30.2672872150398],[-97.7533376289735,30.2674502161203],[-97.7533426271998,30.2675812151314],[-97.7533676282125,30.2677152157572],[-97.7534006278244,30.2678462151905],[-97.7534516287764,30.2679582153195],[-97.7535186278252,30.2680602153398],[-97.7536066294854,30.2681722160006],[-97.7537076288694,30.2682812147614],[-97.7539726291833,30.2684832162094],[-97.7538126293497,30.2685232151793],[-97.7537676300421,30.2686192157441],[-97.75371862874,30.268694216314],[-97.7536846293032,30.2687512148158],[-97.7536456298434,30.2688322156923],[-97.7531716283939,30.26976221545],[-97.7530956282259,30.2697362154798],[-97.7530186291313,30.2697142157382],[-97.7529266281715,30.2696942153341],[-97.752682627774,30.2696442162457],[-97.7524286282291,30.2695962157004],[-97.7525216281155,30.2695472158468],[-97.7525626281234,30.269520214207],[-97.7526556289082,30.2694182164796],[-97.7527056291369,30.2692932156439],[-97.7527126297079,30.2691712156183],[-97.752696628916,30.2690222159918],[-97.7526556289082,30.268913216502],[-97.7526176274767,30.2687962163454],[-97.7525806285651,30.2687242152846],[-97.7525576281005,30.2686682145092],[-97.7524716287851,30.268576215826],[-97.752401628465,30.2685492154709],[-97.7522926277867,30.2685202157421],[-97.7522586274515,30.2685172163048],[-97.752216628517,30.2685142153156],[-97.7521346285012,30.2685172155289],[-97.752028628196,30.2685162154578],[-97.7519886280131,30.2685202165179],[-97.7519676280967,30.2685242152504],[-97.7512336281527,30.2685162162336],[-97.7509506273972,30.2693112160037],[-97.7505946268467,30.270263216278],[-97.7512396288988,30.2704992153841],[-97.7510546289509,30.2709442153012],[-97.7508346270463,30.2714652163507],[-97.7508286280968,30.2715202162659],[-97.7508356277695,30.2715772170059],[-97.7509976290495,30.2718942167337],[-97.7510246279154,30.2719632153617],[-97.7510296288366,30.2720042168284],[-97.7510226282655,30.2720592164416],[-97.7510156285929,30.2721342167108],[-97.7509976281512,30.2721752165544],[-97.7509766282348,30.2722072168557],[-97.7509116288358,30.272286215591],[-97.7508596289573,30.2723472152388],[-97.750832629193,30.2724102164631],[-97.7508326282947,30.2724702152272],[-97.7508536282111,30.2725822155116],[-97.7508856279982,30.272654216846],[-97.7509546275952,30.2727302166887],[-97.7510216284406,30.2727832166157],[-97.7510936284107,30.2728222161339],[-97.7511776289745,30.2728612171881],[-97.7512556278941,30.2729062160579],[-97.7513066279477,30.2729622159672],[-97.7513176278183,30.2729972160883],[-97.7513286294856,30.2730132157184],[-97.7513286285873,30.2730442172731],[-97.7513256282142,30.2730752157148],[-97.7513136285187,30.2731022163767],[-97.7512806280084,30.2731862152853],[-97.7512646281149,30.2732432166095],[-97.7512676284879,30.2733032156403],[-97.7512936284272,30.2733702171136],[-97.7513326278869,30.2734492164645],[-97.7513976281843,30.2735162162865],[-97.7514956289919,30.273596216315],[-97.7520056295281,30.2740042163776],[-97.7520266294445,30.274031216784],[-97.7520586283333,30.2740922168989],[-97.7520656298026,30.2741592170578],[-97.7520396280667,30.2742322164725],[-97.7520066284547,30.2743052173845],[-97.7518776285833,30.2744732161739],[-97.7516826276913,30.2747022175148],[-97.7516156295408,30.2747892166274],[-97.7515496285202,30.2748242168728],[-97.7515016288397,30.2748752164323],[-97.7514576284587,30.2749632169484],[-97.7514096278798,30.2750432157976],[-97.7513766291662,30.27511821689],[-97.751338628633,30.2752162164414],[-97.7512936284272,30.2753392167136],[-97.7512416285487,30.2754782160599],[-97.751194628693,30.2755722160309],[-97.7511566281598,30.2756312175182],[-97.7510996273601,30.2756982166266],[-97.7510546289509,30.2757432172989],[-97.7509866282805,30.2758092171097],[-97.7509016269934,30.2758802168567],[-97.7508136280282,30.2759482173419],[-97.7507166279438,30.276017216999],[-97.7506366275778,30.2760802166435],[-97.7505656283311,30.2761212171662],[-97.7504726284446,30.2761642176583],[-97.7503876280558,30.2762032181603],[-97.7502906288698,30.2762642177011],[-97.7502246278492,30.2763262171955],[-97.7501866291127,30.2763722167951],[-97.7501556291505,30.2764242163165],[-97.7501416280085,30.2765152177401],[-97.750132628686,30.2766532169842],[-97.7501676279478,30.2767622171889],[-97.7501956284352,30.2768402169265],[-97.7502176290748,30.2768972161286],[-97.7502436281158,30.2769522168789],[-97.750266627682,30.2770042176446],[-97.7502976276441,30.2770692173993],[-97.7503266279565,30.2771292171943],[-97.7503926280787,30.2772832176122],[-97.7504296278886,30.2773542178443],[-97.7504986283839,30.2775232168246],[-97.7505236284983,30.2775772180211],[-97.7505526279123,30.277631218412],[-97.7505876280724,30.2776712167574],[-97.7506206285827,30.2776982169308],[-97.7506846281567,30.2777352168689],[-97.7507466271827,30.277769216087],[-97.7507966292081,30.2778012176675],[-97.7508356277695,30.277833217686],[-97.7508776285006,30.2780782169734],[-97.7509776280597,30.2783042177465],[-97.7510146296663,30.2784062178768],[-97.7510476283799,30.2785322179371],[-97.7510656288216,30.2786602169954],[-97.7510726284943,30.2787442165776],[-97.7510726293926,30.2788112174395],[-97.7510586282506,30.2789362170149],[-97.7510506287529,30.2789972164085],[-97.751046628555,30.2790532174972],[-97.7510346297577,30.2791302177783],[-97.7509986288744,30.2793392175717],[-97.7509666290874,30.279507217829],[-97.7509346293003,30.2796492173512],[-97.7508736292009,30.2799852180683],[-97.7508676275565,30.2800592169818],[-97.7508246278988,30.2802592175612],[-97.7507756292917,30.2804822173427],[-97.7507606283247,30.2808032183472],[-97.7507836287893,30.2813342176674],[-97.7508616295054,30.2817042182269],[-97.7509796286078,30.282015218226],[-97.7512176291575,30.2823542183893],[-97.7512396288988,30.2823732186109],[-97.7512546280691,30.2823922180531],[-97.7512976286251,30.2824232189724],[-97.7513446293791,30.2824482187557],[-97.7514606297301,30.2824862183831],[-97.751851628644,30.2826762186267],[-97.7522066302679,30.2829232180831],[-97.7523406292639,30.282982217478],[-97.7525976291818,30.2830582178561],[-97.7528576294728,30.2831862179921],[-97.7530726286597,30.2833542186446],[-97.7533006282653,30.2835772183737],[-97.752501628024,30.2837322186729],[-97.7523296284949,30.2837822175663],[-97.7521496285699,30.2836772178441],[-97.7520176292237,30.2836262182045],[-97.751960628424,30.2836772178441],[-97.7519116289185,30.283715218547],[-97.7518756289334,30.2837342185051],[-97.7518044293624,30.2837653182938],[-97.7517412292889,30.2837845183804],[-97.7515240283313,30.2838300180172],[-97.7513606292727,30.283859218015],[-97.7509736287601,30.2838922182997],[-97.7502426273926,30.2839382182313],[-97.7501416280085,30.2839412187489],[-97.7500156294085,30.2839342177997],[-97.7498706287452,30.2839232187451],[-97.7497526287444,30.2839072193422],[-97.7496026280583,30.2838882186419],[-97.7494876275322,30.2838642191401],[-97.7493446274171,30.28382721841],[-97.7482866285064,30.2835302183547],[-97.7471936276389,30.2832172186605],[-97.7467406288007,30.2830902184875],[-97.7461906280815,30.2829342195771],[-97.7459176273717,30.282857219178],[-97.7453266266446,30.2827002191947],[-97.7452476270019,30.2826792184071],[-97.7451596271383,30.2826572184638],[-97.7450496284318,30.2826212187574],[-97.7447556278056,30.2825322181982],[-97.7442126267591,30.2823772183305],[-97.7437836264137,30.2822482187592],[-97.7435866276685,30.2821882189911],[-97.7432006269808,30.282082218406],[-97.7426996257671,30.2819362195643],[-97.7424036254911,30.2818472176081],[-97.7423306265945,30.2818242198699],[-97.7422224263151,30.2817969182911],[-97.7419466273532,30.2817272183205],[-97.7415800266824,30.2816246181111],[-97.7413003263372,30.2815466182976],[-97.7410076264716,30.2814612185619],[-97.7405066261561,30.2813182178424],[-97.7402416258423,30.2812432183853],[-97.7399826253762,30.2811702187553],[-97.7398106249487,30.2811222191921],[-97.7394696262635,30.2810202180061],[-97.7392712261465,30.2809741189617],[-97.7386146250475,30.2807782181448],[-97.7381372252712,30.2806377182384],[-97.7377529250943,30.2805402182568],[-97.7376016254443,30.2804962181817],[-97.7367936240838,30.2802822179935],[-97.736286624819,30.2801412185642],[-97.7360426253198,30.2800732178812],[-97.7357466250438,30.2799822182055],[-97.7361256251605,30.2789162177141],[-97.7350806257703,30.2786552187081],[-97.7348506256165,30.2789492181097],[-97.734830625525,30.2789702173683],[-97.7348136240099,30.2789992171129],[-97.7347976250147,30.2790262176966],[-97.7347786238498,30.2790602180189],[-97.7347576248318,30.2791152183327],[-97.7347436245881,30.2791692186532],[-97.7347276237962,30.27921921832],[-97.7347056249532,30.2792942169967],[-97.7346896250597,30.2793412182691],[-97.7345676239626,30.2796512180422],[-97.7327176244834,30.2791352183687],[-97.7324056234155,30.2790432178592],[-97.7322006233761,30.278981217754],[-97.7316386238596,30.278832219055],[-97.731511623638,30.2787992193958],[-97.7313016244741,30.2787452173202],[-97.7311076225087,30.2786992188329],[-97.7308716234054,30.2786422183501],[-97.7305086240806,30.2785612185869],[-97.730273623904,30.2785412184339],[-97.7301828230934,30.2785800178426],[-97.7300383227917,30.2785657188341],[-97.7300696227911,30.2785062179626],[-97.7300876241311,30.2784622177512],[-97.7301456238574,30.2783472180577],[-97.7302006232107,30.2782252184245],[-97.7302446235916,30.2781132183733],[-97.7302566223889,30.2780732178807],[-97.7302876232493,30.2778482181033],[-97.7307266227422,30.2769722181315],[-97.730753624303,30.2769152174213],[-97.7308976224464,30.2765772178517],[-97.7309086241137,30.2765492173808],[-97.7310126238708,30.2762812175664],[-97.7312675235276,30.2755137172232],[-97.731309924009,30.2753696170674],[-97.7313689244585,30.2751650176791],[-97.731442324902,30.2749222174935],[-97.7314626232342,30.2748518167472],[-97.7314714231308,30.2748113168613],[-97.7314879242842,30.2747540177644],[-97.7315165239479,30.274669216467],[-97.7315381230406,30.2746023175105],[-97.7315775240473,30.2744941178633],[-97.7316502229066,30.2742345175106],[-97.731949623306,30.2733182175257],[-97.732096623619,30.2728602171613],[-97.7322546238028,30.2724052170817],[-97.7323406231182,30.2721692171271],[-97.7324458230245,30.2718931173917],[-97.7324819236208,30.2718008168317],[-97.732548624429,30.2716092167263],[-97.7325712233466,30.2715064166371],[-97.7326342230958,30.2713293161855],[-97.7327996244991,30.2708768164978],[-97.732884023915,30.2706762172508],[-97.7329647231703,30.2704755167352],[-97.7328212244901,30.2704322173821],[-97.7327701229269,30.2704184168244],[-97.7326206235007,30.2703791168787],[-97.7324888226822,30.2703437162687],[-97.7326406235922,30.2699012157115],[-97.7329136234036,30.2691735159992],[-97.7331396233594,30.2685522156832],[-97.7331772241423,30.2684494162718],[-97.7332406227435,30.2682762159455],[-97.7334138242185,30.267836315272],[-97.7334646230494,30.2677072158986],[-97.7335046232324,30.2676022160463],[-97.7335316238949,30.2675322150479],[-97.7335436235905,30.2674882168998],[-97.7338546248334,30.2665882161721],[-97.7341726230541,30.2656472155035],[-97.734321623017,30.2656992152754],[-97.7344166234516,30.2657332163349],[-97.7345408236245,30.265774114885],[-97.7348968241749,30.2647943147614],[-97.7351136244839,30.2642372144444],[-97.7351760250568,30.2640805159783],[-97.7351854241296,30.2640437157269],[-97.7351973241122,30.2640055157634],[-97.7352098241694,30.2639714140164],[-97.7352230240142,30.2639388143738],[-97.7352344236351,30.2639050144235],[-97.7352509247886,30.2638573159959],[-97.7352643240593,30.2638231141079],[-97.7352772238668,30.2637889160874],[-97.7353176238001,30.2636882143466],[-97.7353626231076,30.2635632147503],[-97.7355116239688,30.2631562156451],[-97.7355454248781,30.2630667140534],[-97.7356026242054,30.2629122149323],[-97.7359446236139,30.2619592146237],[-97.7359746237511,30.261870214726],[-97.7361006232495,30.2614802149117],[-97.7362096239278,30.2611692150222],[-97.7363846247283,30.2606892144096],[-97.7364386242566,30.2605252151433],[-97.7366006246383,30.2600452144867],[-97.7367396236572,30.2596212143476],[-97.7368426235894,30.2592672138871],[-97.7369216232321,30.2589482141764],[-97.736979624755,30.2586492137598],[-97.7370206247629,30.2583492145861],[-97.7370496241769,30.258049214496],[-97.7370586234994,30.2579062138098],[-97.7370666247937,30.2576612146137],[-97.7370656249687,30.2573892137104],[-97.7370646233472,30.2573012137361],[-97.7370586243977,30.2571412134398],[-97.7370426245042,30.2568922139054],[-97.7370256238874,30.2567112128069],[-97.7370066245192,30.2565532134872],[-97.7369576241154,30.2562462142985],[-97.7368996225924,30.2558942129359],[-97.7366786235578,30.254623213228],[-97.7366246231311,30.2543342126644],[-97.7366096230625,30.254251212587],[-97.7363586238907,30.2530382142151],[-97.7362176234254,30.2524698126125],[-97.7361478234295,30.2521506131261],[-97.7361182239409,30.2520195120526],[-97.7360928231779,30.2519010119706],[-97.7360759231725,30.2518440122241],[-97.7360400237987,30.2516579129234],[-97.7359702229046,30.2513619135554]]]},"properties":{"ZIPCODE":"78701"}},{"type":"Feature","geometry":{"type":"Polygon","coordinates":[[[-97.7861259311297,30.1672388953243],[-97.7861973319234,30.1671303942212],[-97.7864016321752,30.1671391944461],[-97.7865576318109,30.1671481942693],[-97.7868519333727,30.1671479938936],[-97.7873737323819,30.1671726936977],[-97.7875766321601,30.1671761932826],[-97.7879246323147,30.1671851946558],[-97.7885346333083,30.1672011944198],[-97.788513633392,30.1679841941144],[-97.7885076335442,30.1681941944478],[-97.788502632623,30.1682711945873],[-97.7884926325772,30.1683441949667],[-97.7884816318083,30.1684021952614],[-97.7884676315646,30.1684751939904],[-97.7884466325465,30.168563194227],[-97.7884206326072,30.1686361951667],[-97.7883946335663,30.1687001948184],[-97.7883656323556,30.1687711950386],[-97.7883356331167,30.1688371952193],[-97.7883066328044,30.168898194594],[-97.7882806328651,30.1689451950668],[-97.7882536322026,30.1689951948841],[-97.7882256335119,30.1690411950044],[-97.7881876329787,30.1690971942776],[-97.7881536317452,30.1691431951269],[-97.7880886323462,30.1692231938852],[-97.7880426323155,30.1692761944733],[-97.7879906324369,30.1693311940863],[-97.7879396323833,30.1693811944844],[-97.7879016318501,30.1694181940327],[-97.7878646320402,30.1694521942142],[-97.7878236329307,30.1694921954177],[-97.7877916322453,30.1695201945418],[-97.787733632519,30.169570194844],[-97.7876396328077,30.1696441953382],[-97.7872476322722,30.1699551942255],[-97.7862626322581,30.1707611949978],[-97.7862136318543,30.1708091948705],[-97.7861836326154,30.170840196038],[-97.7861496322802,30.1708791963905],[-97.7861216326911,30.1709151950892],[-97.7860726331856,30.1709741949343],[-97.7860406325002,30.1710161945393],[-97.7860056314418,30.171058194903],[-97.7859626326824,30.1711181949479],[-97.7859116326288,30.1711911955485],[-97.7858826323165,30.171233195061],[-97.7858586329254,30.1712721944813],[-97.7858406315854,30.1713021944431],[-97.78582663224,30.1713261958039],[-97.7858106314481,30.1713561957494],[-97.7857906313566,30.1713971949092],[-97.7857676326887,30.1714451944722],[-97.7857426316761,30.1715121946968],[-97.785566631949,30.1720691952064],[-97.785273632046,30.1729801966128],[-97.7848236326825,30.1744111945338],[-97.7843506319562,30.1759821962489],[-97.7839552321957,30.1772133965498],[-97.783604633215,30.1783051971733],[-97.7833946313561,30.178971196501],[-97.7832136325044,30.1795581973391],[-97.7829156316803,30.1804501965594],[-97.7826886327979,30.181206197881],[-97.7823286320495,30.1823561971609],[-97.7821326322309,30.1829781968062],[-97.782062632809,30.1831981970989],[-97.7827936323799,30.1830791978699],[-97.7830646316432,30.183113197997],[-97.7832596316369,30.1831541969243],[-97.7834446333814,30.1831771967886],[-97.7835866309767,30.183185197314],[-97.7836756315635,30.1831681976526],[-97.7837696321731,30.1831341975444],[-97.7838586327599,30.1830781977061],[-97.7839476324484,30.1830141972972],[-97.7844626321092,30.1827431966215],[-97.7844656324823,30.1825421962005],[-97.7845646313181,30.1825501967775],[-97.7846736319964,30.1825591975231],[-97.7847866328726,30.1825761972896],[-97.7848856326068,30.1826021970182],[-97.7849846332393,30.1826571985121],[-97.7850636328821,30.1827041970819],[-97.7851336332023,30.1827641970243],[-97.7852176328678,30.1828351972067],[-97.7853016334317,30.1828901970175],[-97.7853856330973,30.1829261983171],[-97.7854646318417,30.1829481980695],[-97.7856076319569,30.1830201982837],[-97.7857166326351,30.1830631968011],[-97.7857840332309,30.1830768970272],[-97.7858356315625,30.1830851972994],[-97.7859636334056,30.1831021977516],[-97.7861026315262,30.1831101975067],[-97.7862206324253,30.1830931978323],[-97.7863576317943,30.1830181971783],[-97.7864251338997,30.1830026969584],[-97.7867308323875,30.1831718985658],[-97.7872786322343,30.1830421972385],[-97.7877522330352,30.1829294977755],[-97.7881316338005,30.1828391963186],[-97.7882236338621,30.1828171973184],[-97.788379634396,30.1827781970315],[-97.7885366329582,30.1827461978996],[-97.7886956338652,30.1827251967164],[-97.7888566335236,30.1827211968234],[-97.7889756333493,30.1827271978277],[-97.7890316334258,30.1827311977205],[-97.7890526333422,30.1825821975262],[-97.7890676334108,30.1825121965545],[-97.7890976344464,30.1824401967456],[-97.7891416330307,30.1823681976606],[-97.7892016333051,30.1822961969699],[-97.7892816336711,30.1822201970898],[-97.7893746335575,30.1821491980172],[-97.7894756338398,30.1820871973524],[-97.7895846345181,30.1820341974421],[-97.7896976335977,30.1819921978739],[-97.7897296333847,30.1819831970767],[-97.7898996341624,30.1819281967594],[-97.7899776339802,30.1820631970596],[-97.7900746340645,30.1821711971666],[-97.7902676335101,30.1822781977597],[-97.7904396339375,30.1823501969105],[-97.7906746332158,30.1824331963299],[-97.7909506342987,30.1825111971615],[-97.7911716342316,30.1825831969185],[-97.7913236345676,30.182606196916],[-97.791442633495,30.1826121979273],[-97.7919376348609,30.1825291963291],[-97.7921796347103,30.1824871961954],[-97.7923246344752,30.1824691962435],[-97.7924896343316,30.1824691970201],[-97.7927646346913,30.1824741963168],[-97.7928446341589,30.1824941973838],[-97.7929666334593,30.1825291971057],[-97.7930826356069,30.1825751971207],[-97.7931926352117,30.182631197245],[-97.7932926347709,30.1826951979027],[-97.7933136346873,30.1827101973107],[-97.7934706350461,30.1828271974293],[-97.7932846334766,30.1830641969649],[-97.7930316337566,30.1833931975476],[-97.7927874339332,30.1837078974217],[-97.7926366337464,30.1839021972186],[-97.7927036345919,30.1839641975175],[-97.7927976343032,30.1839891975018],[-97.7931530347791,30.1842922982193],[-97.7937286338907,30.1847831974282],[-97.7940446342581,30.1850691977526],[-97.7942466348228,30.1852241973669],[-97.7944026353567,30.1853281973272],[-97.7944916341469,30.1853721973072],[-97.7946976349095,30.1854591970686],[-97.7948136352605,30.1854901975094],[-97.7949154359417,30.1855092987706],[-97.7949256354135,30.1855111973266],[-97.795042634691,30.1855181983],[-97.7962816351483,30.1855151978829],[-97.7969336350765,30.1855061974075],[-97.797487636892,30.1855091962719],[-97.7976116349439,30.1855101971875],[-97.7978376366964,30.1855171973845],[-97.7979216363619,30.1855201978015],[-97.7980686357767,30.1855321971393],[-97.7981446350464,30.18554019825],[-97.7992196354722,30.1857041968048],[-97.7993686354351,30.1857341970318],[-97.7994616362198,30.1857541982133],[-97.7994934365809,30.1857591981198],[-97.7996206362285,30.1857791977432],[-97.7997816367853,30.1857891975535],[-97.7999436362687,30.1857881966407],[-97.800106635577,30.1857761973341],[-97.800474635823,30.1857401970761],[-97.8009507366354,30.1856988971651],[-97.8009976376764,30.1856971973976],[-97.8011466358426,30.1856891978527],[-97.8014856366747,30.1856831970288],[-97.8021556370445,30.1856744962994],[-97.8028776363945,30.1856651968844],[-97.8033977375878,30.1856633985005],[-97.8037266368645,30.1856621972483],[-97.8043626368991,30.1856421983776],[-97.8058976367341,30.1855851967206],[-97.8063330375759,30.1855730964436],[-97.8067586368997,30.1855611980565],[-97.8081936380739,30.1855391981112],[-97.8095386388364,30.185524197581],[-97.8095406384862,30.1856401973255],[-97.8107196377708,30.1856121973461],[-97.8116923398486,30.185578197305],[-97.8120916391958,30.1855641969192],[-97.8121756397596,30.1855621966421],[-97.8124436404466,30.1855811977202],[-97.8128296393377,30.1856421968246],[-97.8131566404741,30.1856921967115],[-97.8134576398747,30.1857361973054],[-97.8136226397311,30.1857501968903],[-97.8137656389479,30.1857511970269],[-97.8141236400465,30.1857221969421],[-97.8143486401774,30.185692197488],[-97.8145706399353,30.1856521966487],[-97.8148956405236,30.1856001964651],[-97.8150796397483,30.1855831979969],[-97.8152306402594,30.1855811977202],[-97.8153586394076,30.1855891957209],[-97.8154756395834,30.1856041970178],[-97.81558464116,30.185632196223],[-97.8156706395771,30.1856611971107],[-97.8157466397451,30.1856591968356],[-97.8162946390179,30.1859081966147],[-97.8168701402131,30.1861813961733],[-97.8194506406982,30.1874061965274],[-97.8195716401737,30.1874571964146],[-97.8208386420168,30.1880911970418],[-97.8209946416524,30.1881681963869],[-97.8211416419655,30.1882401966679],[-97.8213726419441,30.1883521982084],[-97.8216876424867,30.1884951967871],[-97.8229046423044,30.1890721980817],[-97.8232906429921,30.1892681978735],[-97.8239956426237,30.1896431977428],[-97.8246086421938,30.1899271977434],[-97.8253706435234,30.190321198373],[-97.8263766434539,30.1887161965116],[-97.8268766430461,30.1879531968951],[-97.8269166432291,30.1879091972916],[-97.8269616425366,30.1878851968643],[-97.8270286424838,30.1878701959148],[-97.8270676437402,30.1878701959148],[-97.827105643375,30.1878751964904],[-97.8271526432306,30.1878851968643],[-97.8272236433758,30.1879141963122],[-97.827477643819,30.1880461973865],[-97.8277656428008,30.1881811962905],[-97.8280006429774,30.1882881973436],[-97.8281366425215,30.1883561963198],[-97.8288976440262,30.1887201969377],[-97.8290616440578,30.1888001976611],[-97.8296588440587,30.1890905967128],[-97.830077644034,30.1892941966122],[-97.8310036444969,30.1897521966232],[-97.8312706435622,30.1898941961805],[-97.8313986445071,30.1899611962833],[-97.8315086432136,30.1900111970836],[-97.8318866435054,30.1901941976997],[-97.8333729438722,30.1909248969651],[-97.8335388447389,30.1909980971945],[-97.8347226446203,30.1915601968006],[-97.8358686460895,30.1921151971906],[-97.8361666460153,30.1922611975052],[-97.8375096453314,30.1929371970659],[-97.837607646139,30.1929921974474],[-97.837907646613,30.1931581976926],[-97.838127646721,30.1932791980645],[-97.8388756469086,30.1936441976247],[-97.839633647142,30.1939941973681],[-97.8403896477255,30.1943501977166],[-97.8411416472128,30.1947111970065],[-97.8422656471441,30.195261198071],[-97.8423736479974,30.195317197194],[-97.8418206478035,30.1961621974521],[-97.8414276474431,30.1967621978773],[-97.8411466472357,30.1971791988104],[-97.8407896477586,30.1977341978098],[-97.8401876471609,30.1986691988203],[-97.8396786473478,30.1994881998905],[-97.8396278467202,30.1995700994676],[-97.8395094469691,30.1997606987361],[-97.8390166464756,30.2005541996182],[-97.8388584459676,30.2008070987837],[-97.8388146477076,30.2008771985513],[-97.8385556472415,30.2012761995149],[-97.8381176457769,30.2020061985473],[-97.8378776473741,30.202392199238],[-97.8376876456066,30.2026982005081],[-97.8374336451634,30.2031081998662],[-97.837206646281,30.2034631991334],[-97.8367596463923,30.2042061999201],[-97.8365446454088,30.2045601999397],[-97.8362486469294,30.205045201097],[-97.8360716464791,30.2053342006134],[-97.8357246461495,30.2059022008865],[-97.8354396466424,30.2063492005241],[-97.835003645726,30.2070301999981],[-97.8346656456172,30.2075502007738],[-97.8345726466291,30.2076942001087],[-97.8335206457696,30.2093302007234],[-97.8332796448468,30.2096332009252],[-97.8330626442135,30.2099062011304],[-97.8325086450929,30.2105952014598],[-97.8322316450835,30.2109702023856],[-97.8321196449305,30.2111362018154],[-97.8319706449676,30.2113732015308],[-97.831717144886,30.2117719014375],[-97.8313736443927,30.2123122020929],[-97.8310696446191,30.2127832026883],[-97.830908645859,30.2130442020522],[-97.8306241449169,30.2135052021493],[-97.8305426461611,30.2136372015167],[-97.8304836457115,30.2137342019974],[-97.8303976454978,30.2138812011512],[-97.8302296461666,30.2141452025813],[-97.8296976449907,30.2149792028864],[-97.8289236457621,30.2163402012756],[-97.8287536449845,30.2166102035855],[-97.828585644755,30.2168762027674],[-97.8283956456826,30.2171792022434],[-97.8281256444475,30.2176152023931],[-97.8271416451566,30.2191562025139],[-97.8267136437378,30.219841202558],[-97.8263585441976,30.2204294027627],[-97.8261096443886,30.2208382034932],[-97.8258486433743,30.2212652034149],[-97.8256786443933,30.2215312032054],[-97.8255976433042,30.2216592043598],[-97.8253926441631,30.2219902043591],[-97.8249026446166,30.2227772045351],[-97.8246826445086,30.2231202048428],[-97.8244986443856,30.2233952036145],[-97.8244026441261,30.2235342027294],[-97.8241026445505,30.2240032036595],[-97.8239306450213,30.2242672043164],[-97.8237086443652,30.2245882035518],[-97.8235956443872,30.2247652043143],[-97.8232986442863,30.2252022047274],[-97.8228911442189,30.2258015049566],[-97.8227866432019,30.2259552039722],[-97.8226816445183,30.2261072044542],[-97.8224476432682,30.2264512052903],[-97.8223516430087,30.2265932054605],[-97.8220797436335,30.2270007053107],[-97.8218607442487,30.2273289039673],[-97.8215776428819,30.2277532056765],[-97.8213286442581,30.228141204903],[-97.8213007443821,30.2281847052979],[-97.8210456444009,30.2285817063449],[-97.820968943547,30.2287011054027],[-97.8204766434151,30.2294672042535],[-97.8204406434301,30.2295222051766],[-97.8204006432472,30.2295812048344],[-97.820145642979,30.2299582057191],[-97.8199844438945,30.230195905195],[-97.8199295442543,30.2302786042637],[-97.8198790427656,30.2303602050081],[-97.8194567438523,30.2309903046842],[-97.8194141430465,30.231049605382],[-97.819130643726,30.2314952054708],[-97.8190171424882,30.2316612059672],[-97.8187246438452,30.2320892059073],[-97.818643642756,30.2322402065568],[-97.8186006430983,30.2323292053558],[-97.8186297440219,30.2326208062685],[-97.8185446430218,30.2326662054326],[-97.8184846436456,30.2326772055723],[-97.8184276428459,30.2326702064009],[-97.8184146433255,30.2327802054091],[-97.8184089426167,30.2328759071704],[-97.8184077433657,30.2329105063463],[-97.8184044438537,30.2329421065386],[-97.8184016429067,30.2330092069502],[-97.818397643607,30.2330952060864],[-97.8183926435841,30.2332242058137],[-97.8183136430431,30.2333062053719],[-97.8182516422205,30.2333652058635],[-97.8181446420904,30.2334712062632],[-97.8180666422726,30.2334732055668],[-97.817957643391,30.2334752064225],[-97.8175966428176,30.2334942060127],[-97.8174206439888,30.2335082057901],[-97.8172506423129,30.2335242056441],[-97.8170606423421,30.2335252068476],[-97.8169576424099,30.2335372065422],[-97.8167246418831,30.2335662065097],[-97.8140816420104,30.2338412063381],[-97.8139396417202,30.2338576058418],[-97.8131008407219,30.2337362067625],[-97.8135589419909,30.2334082064495],[-97.8128833424219,30.2331742060117],[-97.8128256409363,30.2330502076036],[-97.8126606419782,30.2330632070122],[-97.8124076422582,30.2330752067632],[-97.8121166411067,30.2330812070263],[-97.811933641707,30.2330832063377],[-97.8117499416213,30.233245706916],[-97.8116516407763,30.2334762068504],[-97.8116766408907,30.2336442064066],[-97.8116786405405,30.2337372064116],[-97.8117746408,30.2338152069489],[-97.8118206426274,30.2338612070576],[-97.8117466412109,30.2339412067905],[-97.8109876402543,30.2339762068472],[-97.8111956424634,30.2340272058875],[-97.8110806428357,30.2340172063212],[-97.8108856419437,30.2340012073236],[-97.8106876406786,30.2339752072006],[-97.8105186397259,30.2339492062946],[-97.8103346413995,30.233916207075],[-97.8101256411622,30.2338702062159],[-97.8099306420668,30.2338172062454],[-97.8097706413349,30.2337712068922],[-97.8095776409911,30.2337092069201],[-97.8093636407308,30.2336292062223],[-97.8090066412538,30.2334962068681],[-97.8087866411457,30.23340520594],[-97.8085636406647,30.2333212063816],[-97.8068216402421,30.2326312064619],[-97.8066646407816,30.2325802066974],[-97.8065126404456,30.2325342059893],[-97.8063536395387,30.2324932066729],[-97.8061826398344,30.2324472059241],[-97.8059516407541,30.2323972072792],[-97.8056006402265,30.2323382062066],[-97.8054486398905,30.232319206393],[-97.8052386389299,30.2322942062651],[-97.8047486393835,30.2322692069069],[-97.8045926388495,30.2322682064668],[-97.8044406394119,30.2322702065708],[-97.8041356407117,30.2322782062108],[-97.8040669393554,30.2323734070771],[-97.8027676394846,30.2341742073104],[-97.80148164007,30.2361802066295],[-97.8013366385084,30.236263207226],[-97.8010976390321,30.2362142070413],[-97.800831637995,30.2360042074143],[-97.8006716381614,30.2357622075909],[-97.8002476387372,30.2353702080881],[-97.8001546388508,30.2353182070071],[-97.8000746375865,30.2351692072498],[-97.8000846376323,30.2352312070773],[-97.800029638279,30.2353682072709],[-97.7998036383232,30.2358844074402],[-97.7995374387584,30.2356561079911],[-97.7992075378602,30.2353516070061],[-97.7987633389185,30.2347489073819],[-97.798490538533,30.2342921070969],[-97.7982939386398,30.2340256062985],[-97.7980716388447,30.2336492062088],[-97.7979896370323,30.2336682073176],[-97.7977936381121,30.2337212065923],[-97.7976026383163,30.2337862070549],[-97.7974136372721,30.2338582065619],[-97.7972316376973,30.2339392067204],[-97.7971376388842,30.2339862079699],[-97.7970686374906,30.2340182067436],[-97.7968988370373,30.2341024074982],[-97.796775937625,30.2341623070371],[-97.7967236386075,30.2341892066354],[-97.796537637038,30.2340482069912],[-97.7965036376011,30.2340242077252],[-97.7964706379891,30.2340002076772],[-97.7963176378283,30.233893205872],[-97.7962606379269,30.2338532067703],[-97.7961535371854,30.2337852066302],[-97.7961756375381,30.2336462072588],[-97.7958616368204,30.2334552071767],[-97.7957196374285,30.2332812070472],[-97.7953496366343,30.2331422069632],[-97.795211636542,30.2330272077503],[-97.7948716376818,30.2326722064968],[-97.7944506368339,30.232479206751],[-97.7940536371739,30.2322922069376],[-97.7933376367733,30.2319422060237],[-97.7931136364674,30.2318362063039],[-97.7928216363893,30.2316862070322],[-97.7922666365455,30.2314352057367],[-97.7919576358507,30.2312962061475],[-97.7916126360692,30.2311352065172],[-97.7913086362956,30.2309972061808],[-97.7900256354574,30.2303542069075],[-97.7897366348541,30.2302192068579],[-97.7890304359715,30.2298790068423],[-97.7888227355964,30.2297773071327],[-97.7885586353944,30.2296402060091],[-97.7881136351555,30.2294362060199],[-97.7873916358055,30.22908220702],[-97.7861636343205,30.2284902064501],[-97.7856446344617,30.2282372068999],[-97.7853766346731,30.2281102062513],[-97.7852546344744,30.2280542063839],[-97.7850966342906,30.2279852056301],[-97.7849566336502,30.2279292056914],[-97.7848136353317,30.2278772068841],[-97.7846306350336,30.2278162067853],[-97.7843626343467,30.2277342057532],[-97.7842216347797,30.2276972063819],[-97.7840586345731,30.2276572055357],[-97.7839066333388,30.2276242057567],[-97.7836826339312,30.2275862066325],[-97.7835026349044,30.2275572064536],[-97.7833896349265,30.227544206317],[-97.7832786337001,30.2275322058909],[-97.7831326341102,30.2275192057511],[-97.78299063382,30.2275122062125],[-97.7828266328902,30.2275042069609],[-97.7814436333911,30.2274702066416],[-97.7809966335024,30.2274712063544],[-97.7805496336136,30.2274642060362],[-97.7796556338361,30.2274212059553],[-97.7793896327991,30.2274122069829],[-97.779101632919,30.2274092070666],[-97.7783886328914,30.2273862066699],[-97.7781056330342,30.2273692068793],[-97.7779656332921,30.2273612068399],[-97.7772816326786,30.2273302071662],[-97.7765926329405,30.227307206751],[-97.7760796320312,30.2272872070268],[-97.7756496309626,30.227282206901],[-97.7753806313491,30.2272812064101],[-97.7749796323894,30.2272842063304],[-97.7742816324305,30.2272972072774],[-97.7739516327176,30.2273132065898],[-97.773788632511,30.2273162072853],[-97.7736016320149,30.2273202061426],[-97.7734106313209,30.2273202053665],[-97.7733066324621,30.2273212058569],[-97.773192631761,30.2273172069996],[-97.773084631806,30.2273122068754],[-97.772975632026,30.2273032055646],[-97.7728676311727,30.2272942073576],[-97.7727396311262,30.2272812064101],[-97.7726156321759,30.2272682062371],[-97.7724826321065,30.2272512064262],[-97.7723716308801,30.2272372073102],[-97.7722476319299,30.2272162070802],[-97.7721326314038,30.2271962073375],[-97.7719956320348,30.2271672062673],[-97.77186763109,30.227138206741],[-97.7717146309291,30.2271032058025],[-97.7715746302887,30.2270712063306],[-97.7714456313156,30.2270352072033],[-97.7713226303936,30.2269962065815],[-97.7711896303242,30.2269542060141],[-97.7710516311303,30.2269062071177],[-97.7710026316248,30.2268902061868],[-97.770920631609,30.2268622062977],[-97.7707796302454,30.2268092072067],[-97.7704709304862,30.2266603063239],[-97.7702438309925,30.2265508065397],[-97.770184930256,30.2265111071619],[-97.7701486320303,30.2264932060726],[-97.7699116313055,30.2263592066557],[-97.7697436301777,30.2262512061239],[-97.7697075304797,30.2262279058491],[-97.7696116299332,30.2261692068914],[-97.7693776304798,30.2259992067504],[-97.7692026305776,30.2258712073634],[-97.769043630569,30.2257612060592],[-97.7689606307283,30.2257032061687],[-97.7683806307701,30.2253332065173],[-97.7681796300304,30.2252062059993],[-97.767685630286,30.2248852056762],[-97.7672426314935,30.2245562071426],[-97.7664346292348,30.2239402063176],[-97.7661186297656,30.2237182059741],[-97.7658446292309,30.223535205587],[-97.7655896289628,30.2233822060326],[-97.7654826288327,30.2233182069856],[-97.7654116295859,30.2232792072184],[-97.7647595299447,30.2228848060285],[-97.7646493300155,30.2228228061779],[-97.7644153296638,30.222650805386],[-97.7641896279487,30.2225082057199],[-97.7640246289905,30.2224052059903],[-97.763820628776,30.2222782055723],[-97.7636626285923,30.2221662053732],[-97.7635016289338,30.2220692062205],[-97.7631766283455,30.2218682061352],[-97.7629936289457,30.2217622056468],[-97.7627996287769,30.2216492058644],[-97.7625526289047,30.2215152060572],[-97.7623846295736,30.2214212055854],[-97.7622156277225,30.2213312049008],[-97.7620566286122,30.2212572052077],[-97.7618876285578,30.2211782050228],[-97.7615566281217,30.2210352065706],[-97.7613356281887,30.2209382063024],[-97.7611246283015,30.2208482051759],[-97.7608956279727,30.2207592053005],[-97.7601076276021,30.2204562052081],[-97.7598486280343,30.2203352064193],[-97.7591326276337,30.2199932055031],[-97.7586586279808,30.2197672064013],[-97.7576576280732,30.2193042050057],[-97.7573146270432,30.2191362050134],[-97.7571096261055,30.2190352052309],[-97.7567536273516,30.2188542042702],[-97.7563626266411,30.2186302060381],[-97.7558986270339,30.2182942057931],[-97.7557166265607,30.2181492050856],[-97.754752626463,30.2173272053809],[-97.7546376268353,30.2172202048395],[-97.7542276267564,30.2168222054605],[-97.7540856264662,30.2166942057745],[-97.7539326263053,30.2165602054274],[-97.7538166259544,30.2164522057795],[-97.7536436266003,30.2163062048595],[-97.7535436252446,30.2162292050101],[-97.7533996253046,30.2161292044001],[-97.7533016253953,30.2160762057355],[-97.7531884259914,30.2160196059496],[-97.7531216263685,30.2159862063707],[-97.7529666265578,30.21592120501],[-97.7524656253441,30.2157792049574],[-97.7523086258836,30.215722205223],[-97.7522860260677,30.215714305151],[-97.7521996252053,30.2156842046055],[-97.7520966252732,30.2156562046313],[-97.7519916256912,30.215627204816],[-97.7520916252503,30.2154582056957],[-97.752137625281,30.2153852045253],[-97.7522406261115,30.2152152051518],[-97.752433625557,30.2148892048467],[-97.752621625878,30.2145832042205],[-97.7527266263583,30.2144052054733],[-97.7534876269647,30.2131392057296],[-97.7542846257595,30.2118592039177],[-97.7543966250142,30.211679203601],[-97.7547896253746,30.2110412039671],[-97.7551138273606,30.2105018046135],[-97.7551166256128,30.2104972034333],[-97.7557766268352,30.2093862034878],[-97.7559496270875,30.2091022037227],[-97.756106626548,30.2088452036033],[-97.7562606274321,30.2086042036156],[-97.7565966260945,30.2080842037511],[-97.7568923263332,30.2076463020532],[-97.7571032265074,30.2073339036526],[-97.7574069280403,30.206913103645],[-97.7577206269241,30.2064872028365],[-97.7578844275296,30.2062792024726],[-97.7582806267907,30.2057762031645],[-97.7583146271259,30.2057382033639],[-97.7586236278207,30.2053512026592],[-97.7591506271771,30.2046992023757],[-97.7593746274831,30.2044252017535],[-97.7608606278126,30.2025922018808],[-97.7611757271698,30.2022053013806],[-97.7616156276729,30.201665202217],[-97.7619026268298,30.2013052020067],[-97.7621416281027,30.2010352019555],[-97.7624096278913,30.2007022013642],[-97.7629076278337,30.2000682011858],[-97.7629416281688,30.2000282015274],[-97.7634436274109,30.1994032016492],[-97.7636403288137,30.1991710007503],[-97.7638094276828,30.1989755012604],[-97.7640333291741,30.1987153007696],[-97.7641496268674,30.1985802013992],[-97.7642239283212,30.1984897015575],[-97.7643106274242,30.1983822007152],[-97.7648216277853,30.1977932002277],[-97.7648926270321,30.1977062012689],[-97.7649156292933,30.1976792008534],[-97.7649676282735,30.1976182014405],[-97.7650106288295,30.1975612005039],[-97.7650626269114,30.1974962009484],[-97.7651466283737,30.1973892005833],[-97.7659782275783,30.1963019004317],[-97.7664334290856,30.1957066007849],[-97.7665998285172,30.1954925013246],[-97.7668146291764,30.1952462013508],[-97.7672616281668,30.1947241999286],[-97.7673856280154,30.1945642002772],[-97.7674896295691,30.1944292008059],[-97.7680746286518,30.1936902002132],[-97.7681856289799,30.1935502008093],[-97.7685886284877,30.1930392004031],[-97.7693436301446,30.1921011992869],[-97.769827628945,30.191474199401],[-97.7701826287722,30.1910191998832],[-97.7705166295814,30.1905691994784],[-97.7706096285694,30.1904431999905],[-97.7706416292548,30.1903971997675],[-97.77085662934,30.1901151989776],[-97.7713096281782,30.1895241993117],[-97.7718276282121,30.1888491997221],[-97.77210262947,30.1884831993632],[-97.7724706288177,30.1879631980375],[-97.7726936292988,30.187639198553],[-97.7728636291781,30.1873791979466],[-97.7730226291867,30.1871361987394],[-97.7733676289683,30.1866241975367],[-97.7735826290534,30.1862931989416],[-97.7738076300826,30.1859511985305],[-97.7745796296614,30.1847791991717],[-97.775735630278,30.1830181971783],[-97.7761156302196,30.1824381979581],[-97.7764662300986,30.18190679704],[-97.7768296309704,30.1813521965065],[-97.7769306303544,30.1811991966012],[-97.777443629467,30.1804221974345],[-97.7778846304063,30.179745196423],[-97.7779316311603,30.1796781971367],[-97.7780986306666,30.1794141964571],[-97.7788946305348,30.1782371959183],[-97.7801646309542,30.1762971962576],[-97.7805626313375,30.175695196486],[-97.7806776318635,30.1755231964305],[-97.7808596305401,30.175242196791],[-97.7822006311046,30.173202194907],[-97.7823756310068,30.1729261961964],[-97.7825506318073,30.1726541954616],[-97.7826206312292,30.1725551959015],[-97.7835616317607,30.1711161943774],[-97.7838746326535,30.170646194334],[-97.7850746318544,30.1688301953906],[-97.7854226311106,30.1682801950838],[-97.7855086322227,30.1681491950242],[-97.7861259311297,30.1672388953243]]]},"properties":{"ZIPCODE":"78745"}},{"type":"Feature","geometry":{"type":"Polygon","coordinates":[[[-97.742977627398,30.3053342231748],[-97.7430766280306,30.3051782231912],[-97.7431447275156,30.3052096233024],[-97.7431938285308,30.3052322231242],[-97.7432594280044,30.3052617230965],[-97.7433946280479,30.3053242231138],[-97.7435146276985,30.3053792242128],[-97.7436806273798,30.3054572229123],[-97.7441486289816,30.3056762217035],[-97.7443806278869,30.305780223777],[-97.7445906279492,30.3058752230988],[-97.7450461285954,30.3060802229953],[-97.7455706288387,30.3063162235861],[-97.7457596280863,30.3064042230432],[-97.746391627923,30.3066992234934],[-97.7465506288299,30.3067652234174],[-97.7466926282219,30.3068232243009],[-97.7468366299585,30.3068772241032],[-97.7469736284292,30.3069172237079],[-97.7473336282793,30.3070122234788],[-97.7474646295972,30.3070462226317],[-97.7475606298567,30.3070702226652],[-97.7476280286558,30.3070867231696],[-97.7476622302136,30.3070974233683],[-97.7477586293251,30.3070802233237],[-97.7479296299276,30.3071242238825],[-97.7480036295475,30.3072002233911],[-97.7480174285686,30.307208522492],[-97.7481486302107,30.3073382228992],[-97.7481796283763,30.307373223165],[-97.748207629762,30.3074292243399],[-97.7482276298535,30.307475222539],[-97.7482396286507,30.3075202225941],[-97.7482486306682,30.3075672227501],[-97.7482556285443,30.307619223573],[-97.7482646296634,30.3076502227231],[-97.7482856286815,30.3076902227878],[-97.748304628948,30.3077462230061],[-97.748322630288,30.3078112233301],[-97.7483366296334,30.3078672234792],[-97.7483536293518,30.3079322237229],[-97.7483646301208,30.3080052228238],[-97.7483946293598,30.3080822236437],[-97.7484656295049,30.3082062242528],[-97.7485616279677,30.308388222336],[-97.7486146294678,30.3084842226716],[-97.7486936300088,30.3086442230221],[-97.7487006287832,30.3086752233991],[-97.7487036291562,30.3086982225967],[-97.7486996289582,30.3087892235504],[-97.7487016295064,30.3088252237339],[-97.7487256288975,30.3089262234888],[-97.7487536302832,30.3090142237048],[-97.7487796293242,30.3091402232244],[-97.7487986286925,30.3092642232706],[-97.7488256302533,30.3094022237504],[-97.7488426290734,30.3095492240141],[-97.7488886300025,30.3098852246752],[-97.7489326294851,30.3103432235736],[-97.7489396291578,30.310638223026],[-97.7489396291578,30.3109482239256],[-97.7489396300561,30.311302224079],[-97.7488836290813,30.3116782241471],[-97.7488476290962,30.3120632240709],[-97.7488116300096,30.3124702242737],[-97.7488116291113,30.3128552249637],[-97.7488926302004,30.3130992247873],[-97.7489556299496,30.3133502236286],[-97.7490046303534,30.3136162237535],[-97.7490776301483,30.3138872243015],[-97.749113629235,30.3141902238895],[-97.7491616298139,30.3147212246855],[-97.7491686285883,30.3148922243951],[-97.7491856301034,30.3152842243627],[-97.7491736295095,30.3157322253967],[-97.7491616298139,30.3159512252693],[-97.7491376304228,30.3161282249999],[-97.7491006297146,30.3163302240871],[-97.7489386302312,30.3167382247587],[-97.7488756295837,30.3169122251099],[-97.7488346295758,30.3170752251631],[-97.7488216300553,30.3171872249236],[-97.7488266291799,30.3173072250233],[-97.7488526309158,30.3174392244981],[-97.7488846298045,30.3175432257214],[-97.7489206297895,30.3176322255249],[-97.7489656299954,30.317729224905],[-97.7490506294859,30.317888225328],[-97.7491046308108,30.318019225229],[-97.7491376304228,30.3181552258821],[-97.7491426304457,30.3182672251836],[-97.7491486293952,30.3183792259078],[-97.7491516297682,30.3185822261188],[-97.7490496296609,30.3186932253724],[-97.7490416301633,30.3188032249419],[-97.7490486307344,30.3188592242383],[-97.7490546287855,30.3189112252733],[-97.7490666302777,30.3189692251723],[-97.7490826301712,30.3190312255879],[-97.7491126303084,30.3191132248267],[-97.7492396305301,30.3193402267493],[-97.7492756296168,30.3195912251131],[-97.7493066295789,30.3198432254836],[-97.7493156297997,30.3200482256299],[-97.7493246300206,30.3202962258766],[-97.7493276303936,30.3204472250253],[-97.7493256307438,30.3205372248334],[-97.7493176294495,30.3206152254273],[-97.7492926302335,30.3206762260373],[-97.7492596306215,30.3207332261282],[-97.7492186297153,30.3207832255412],[-97.7491526295931,30.3208292260022],[-97.7490816303463,30.3208582250005],[-97.7489706300182,30.3208862244532],[-97.748846631068,30.3209012260398],[-97.748730630717,30.3209012260398],[-97.7486356293842,30.3208902249281],[-97.7485366305483,30.3208722255033],[-97.7484456294133,30.3208512259116],[-97.7481396299899,30.3207372258341],[-97.7478416300641,30.3206122268074],[-97.7475686302526,30.3204942267361],[-97.7473126301596,30.3203872261412],[-97.747076630158,30.3202942260147],[-97.7468866292889,30.3202192261237],[-97.7466846296226,30.3201512253146],[-97.7465026300477,30.3201052260861],[-97.7463496289885,30.3200732259021],[-97.7462416290334,30.3200582257396],[-97.7461386299996,30.3200582257396],[-97.7460476288647,30.3200732251266],[-97.7459896291384,30.3200872249662],[-97.7459076300209,30.3201122252284],[-97.745812628688,30.3201692248719],[-97.7457386281699,30.3202262260332],[-97.7456516299279,30.3203052256425],[-97.7455896291053,30.3203792259254],[-97.7455236298814,30.320454225694],[-97.7454776289523,30.3205222255173],[-97.745415629028,30.3206182263735],[-97.7453626302229,30.3207182260667],[-97.7453006302986,30.3208572262385],[-97.7452636286921,30.3209862254238],[-97.7452306281818,30.3211072250581],[-97.7452056298641,30.3212572257496],[-97.7451966287449,30.3214032257576],[-97.7452096291637,30.3215742254371],[-97.7452466280753,30.3217282258543],[-97.7453046286999,30.321899225742],[-97.7453486290809,30.3219872259396],[-97.7453886283655,30.3220652261545],[-97.7454426287922,30.3221502260794],[-97.745625628192,30.3223952255414],[-97.7457876285737,30.3226362263133],[-97.7458496302946,30.3227602263411],[-97.7458966292519,30.3228832266952],[-97.7459296279656,30.3230142261207],[-97.7459486291305,30.3231492265292],[-97.7459346297851,30.3232722263948],[-97.7458866292062,30.3234612264168],[-97.745823629457,30.3236742266939],[-97.7457826294491,30.3238882275652],[-97.7457746299515,30.3241202268004],[-97.7457866296471,30.3243342274727],[-97.7457996291676,30.3245332266495],[-97.7458176296092,30.3247462276971],[-97.7458446293734,30.3250822258745],[-97.7458856293813,30.3253652266021],[-97.7459206295414,30.3255392271396],[-97.7459446298308,30.3256592270894],[-97.7459766287196,30.3257772263669],[-97.7460086285066,30.3258582274512],[-97.7460516290626,30.3259592267086],[-97.7460976299917,30.3260542258537],[-97.7459046296479,30.3259962262723],[-97.7460036302804,30.3260962266789],[-97.7461476293221,30.3261652274969],[-97.7466346293938,30.3264032275294],[-97.7463901295331,30.3264925278899],[-97.7464896296289,30.326591227459],[-97.7466056308782,30.3267312280795],[-97.7467286291052,30.3268872278706],[-97.746809629296,30.3270182273691],[-97.7468856285657,30.3271592268525],[-97.7469376293425,30.3273052273684],[-97.7469786311471,30.327446227214],[-97.7470196302566,30.3276372274235],[-97.7470546304167,30.3278632279616],[-97.7470896305768,30.3281252264987],[-97.7470896305768,30.3283612274988],[-97.7470896296785,30.3286782274579],[-97.7470546295184,30.3289442270622],[-97.7470316299522,30.3292412275682],[-97.7469906299443,30.3295532282106],[-97.7469666296548,30.32967322867],[-97.7469376293425,30.3298192277645],[-97.7469036290073,30.3299852271608],[-97.7468626298978,30.3300962274502],[-97.7468216298899,30.3301462282869],[-97.7467806307803,30.330187227915],[-97.746722631054,30.330222227773],[-97.7466586296833,30.330252227309],[-97.7465886302614,30.3303072268223],[-97.7465186299412,30.330398227091],[-97.7464606293165,30.3305232283617],[-97.7464196293087,30.3306792283157],[-97.746419630207,30.3307702282387],[-97.7464546312654,30.3308652281448],[-97.746524629789,30.3310012280214],[-97.7465886302614,30.3311122287099],[-97.7466646304294,30.33121722803],[-97.7467286300035,30.3312932274603],[-97.7468276297377,30.3314042278178],[-97.7469376302408,30.3315292285798],[-97.7471246298386,30.3317052278749],[-97.7475326302676,30.3320472274068],[-97.7479166313055,30.3323242277686],[-97.7481436301879,30.3324652281416],[-97.7483416305546,30.3325752277528],[-97.7485226303046,30.3326662282399],[-97.7486796306634,30.3327612286327],[-97.7488186305806,30.3328692275309],[-97.7489936304828,30.3330582276421],[-97.7491566315877,30.3332592280739],[-97.7493276312919,30.3335072282116],[-97.7494776319781,30.3337152289932],[-97.7495476313999,30.3338382287705],[-97.7496036314765,30.3339622285723],[-97.7496426309362,30.3340792285227],[-97.7496716312485,30.3341832291366],[-97.7496956306396,30.3342972290712],[-97.7497096317817,30.3344022288528],[-97.7497216314772,30.3344572291365],[-97.7494986300978,30.3344942293664],[-97.7492196313369,30.3345432285597],[-97.7491446318921,30.3345562284839],[-97.749135630773,30.3346162279926],[-97.7491256316255,30.3346752280682],[-97.7489786295158,30.3347252281175],[-97.7487836304205,30.3347912285466],[-97.7487116313488,30.3348182277226],[-97.7480972304068,30.3350400280399],[-97.7480854301373,30.3350427284937],[-97.748023629639,30.3350372283445],[-97.7473389301361,30.3352859295222],[-97.7470406292747,30.3353942287863],[-97.7459536300517,30.3357982284958],[-97.745852628871,30.3358162290545],[-97.7457516303853,30.3358232294],[-97.745646629905,30.3358172292145],[-97.7455836292575,30.3358112290288],[-97.7454716300028,30.3357902287635],[-97.7454166297512,30.335777229003],[-97.7449056302884,30.335660229531],[-97.7439356294446,30.3354282281698],[-97.7434936295787,30.3353152289419],[-97.7432666288997,30.3352612285306],[-97.7431186305583,30.3352302295876],[-97.7429456285093,30.3351992298596],[-97.7428356289045,30.3351852283034],[-97.7423176288706,30.3351382289903],[-97.7419186286624,30.3351102281846],[-97.7415056282106,30.3350752292983],[-97.7413046301657,30.3350612300504],[-97.7411386295861,30.3350472292498],[-97.740918629478,30.335025227877],[-97.7405316280671,30.334976228925],[-97.7403496293906,30.3349402282711],[-97.7402376283393,30.3349122289594],[-97.740165029193,30.334895728489],[-97.7398415269945,30.3347997284459],[-97.7395966282817,30.3346842280634],[-97.7393456282116,30.3345642290925],[-97.7390616285294,30.3344412286766],[-97.7389596284222,30.3343992291043],[-97.7388416284214,30.3343522286386],[-97.7385046272392,30.33420022904],[-97.7367636266416,30.3333652291537],[-97.7356186267939,30.3328112281088],[-97.7347636273745,30.3324042278952],[-97.7345446270914,30.3322962277088],[-97.7342186275764,30.3321422291754],[-97.7341206276672,30.3320922285825],[-97.7324036255623,30.331277228034],[-97.7317916258172,30.330978227856],[-97.7315956251002,30.3308812284138],[-97.7295146256423,30.3298762279626],[-97.7287696249294,30.3295242286848],[-97.7285016251408,30.3294002279154],[-97.7283516244547,30.3293302283747],[-97.7283096264185,30.3293082288188],[-97.7282686255123,30.3292852282558],[-97.7282336253522,30.3292632286899],[-97.7279666253885,30.3292642281416],[-97.7278376246187,30.3290782283732],[-97.7276216247087,30.3289742285405],[-97.7273036255897,30.3288452274688],[-97.7272156248278,30.3288012281342],[-97.7251866243501,30.3277812282933],[-97.7260126243555,30.3264362274524],[-97.7260656249573,30.3263522268511],[-97.7261496255212,30.3262193275221],[-97.7262436243342,30.3260792276948],[-97.7262794248932,30.3260314276801],[-97.7263136237561,30.3259852272837],[-97.7263696247309,30.3259122283953],[-97.7264236242593,30.3258362278908],[-97.726581624443,30.3256122270813],[-97.7266556249612,30.3254962281362],[-97.7266906251213,30.3254422269627],[-97.7267393254878,30.3253670270825],[-97.7268175256299,30.3252318273506],[-97.7271370249354,30.3247063276431],[-97.7280516257773,30.3231892272464],[-97.7282566249184,30.322884226212],[-97.7288226246329,30.3219992256785],[-97.7291226251068,30.3215272265707],[-97.7292086253206,30.3213912274966],[-97.7294036253142,30.3210852259817],[-97.7295756248434,30.3208112257907],[-97.7303336250767,30.3196022255951],[-97.7306186254821,30.3191482263155],[-97.7308475251996,30.3187850258423],[-97.7308946247683,30.3187102256383],[-97.7311796251736,30.3182462258089],[-97.731323626012,30.3180032251854],[-97.7314096262257,30.3179552258143],[-97.7315126261579,30.3178202260029],[-97.7315330242031,30.3177913253643],[-97.7315826255798,30.317721226023],[-97.7316806254891,30.3175762255273],[-97.7317656258779,30.3174602255965],[-97.7318216259544,30.3173882253565],[-97.7318956255742,30.3173102252954],[-97.7320016267777,30.3172002263761],[-97.7321236260782,30.3170852248007],[-97.7322456262769,30.3169802266161],[-97.7324566261641,30.3166912266742],[-97.732746625694,30.3165802259279],[-97.7332146254991,30.3163032260183],[-97.7332556246087,30.3163222258664],[-97.7335016264526,30.3162922259414],[-97.7340456255275,30.3161032260475],[-97.7340856257104,30.3160902244494],[-97.7341106267231,30.3160822246582],[-97.7348226251291,30.3158372256941],[-97.7355356260549,30.3155612263775],[-97.7357746264295,30.3154682247721],[-97.7363504258654,30.3150224256771],[-97.7364093266019,30.314976825741],[-97.7364566273932,30.3149402244911],[-97.7365147259342,30.3149088243954],[-97.7365416259854,30.3148942243672],[-97.7365616260769,30.3148692243245],[-97.736639626793,30.3147772255393],[-97.7367246262835,30.3146722241061],[-97.7368596277994,30.3144982244301],[-97.7369316259728,30.3143922254208],[-97.7369806263766,30.3143152249054],[-97.7371146262709,30.3141872250729],[-97.7376006265177,30.3134652249344],[-97.7376436261754,30.3133982244799],[-97.7377006269751,30.3133232247387],[-97.7378972268683,30.313032724279],[-97.7382496269711,30.3125252252403],[-97.7385686268133,30.3120532246964],[-97.7393206263006,30.3109962244025],[-97.7400466276452,30.3099352241951],[-97.740612628258,30.3090502238057],[-97.7407006272232,30.3089152233593],[-97.7410956272334,30.3082892236847],[-97.7411769274616,30.3081628236697],[-97.7413926273343,30.3078272234867],[-97.7414646282027,30.3077152231108],[-97.7415426271222,30.3075932235528],[-97.7418756272081,30.3070732232506],[-97.7420293280549,30.3068206231148],[-97.7420673276897,30.3067627238264],[-97.7421154279816,30.3066880222469],[-97.7423926283154,30.3062572234917],[-97.7427516274423,30.305691223292],[-97.7428096271686,30.30560022334],[-97.7429026279533,30.3054532225828],[-97.742977627398,30.3053342231748]]]},"properties":{"ZIPCODE":"78756"}},{"type":"Feature","geometry":{"type":"Polygon","coordinates":[[[-97.7251866243501,30.3277812282933],[-97.7272156248278,30.3288012281342],[-97.7273036255897,30.3288452274688],[-97.7276216247087,30.3289742285405],[-97.7278376246187,30.3290782283732],[-97.7279666253885,30.3292642281416],[-97.7282336253522,30.3292632286899],[-97.7282686255123,30.3292852282558],[-97.7283096264185,30.3293082288188],[-97.7283516244547,30.3293302283747],[-97.7285016251408,30.3294002279154],[-97.7287696249294,30.3295242286848],[-97.7295146256423,30.3298762279626],[-97.7315956251002,30.3308812284138],[-97.7317916258172,30.330978227856],[-97.7324036255623,30.331277228034],[-97.7341206276672,30.3320922285825],[-97.7342186275764,30.3321422291754],[-97.7345446270914,30.3322962277088],[-97.7347636273745,30.3324042278952],[-97.7356186267939,30.3328112281088],[-97.7367636266416,30.3333652291537],[-97.7385046272392,30.33420022904],[-97.7388416284214,30.3343522286386],[-97.7389596284222,30.3343992291043],[-97.7390616285294,30.3344412286766],[-97.7393456282116,30.3345642290925],[-97.7395966282817,30.3346842280634],[-97.7398415269945,30.3347997284459],[-97.740165029193,30.334895728489],[-97.7402376283393,30.3349122289594],[-97.7403496293906,30.3349402282711],[-97.7405316280671,30.334976228925],[-97.740918629478,30.335025227877],[-97.7411386295861,30.3350472292498],[-97.7413046301657,30.3350612300504],[-97.7415056282106,30.3350752292983],[-97.7419186286624,30.3351102281846],[-97.7423176288706,30.3351382289903],[-97.7428356289045,30.3351852283034],[-97.7429456285093,30.3351992298596],[-97.7431186305583,30.3352302295876],[-97.7432666288997,30.3352612285306],[-97.7434936295787,30.3353152289419],[-97.7439356294446,30.3354282281698],[-97.7449056302884,30.335660229531],[-97.7454166297512,30.335777229003],[-97.7454716300028,30.3357902287635],[-97.7455836292575,30.3358112290288],[-97.745646629905,30.3358172292145],[-97.7457516303853,30.3358232294],[-97.745852628871,30.3358162290545],[-97.7459536300517,30.3357982284958],[-97.7470406292747,30.3353942287863],[-97.7473389301361,30.3352859295222],[-97.748023629639,30.3350372283445],[-97.7480854301373,30.3350427284937],[-97.7480972304068,30.3350400280399],[-97.7487116313488,30.3348182277226],[-97.7487836304205,30.3347912285466],[-97.7489786295158,30.3347252281175],[-97.7491256316255,30.3346752280682],[-97.749135630773,30.3346162279926],[-97.7491446318921,30.3345562284839],[-97.7492196313369,30.3345432285597],[-97.7494986300978,30.3344942293664],[-97.7497216314772,30.3344572291365],[-97.7500476309921,30.3344152280204],[-97.7503276313746,30.3343872277833],[-97.750558630455,30.3343792294863],[-97.7506916305244,30.3343812282853],[-97.7507716308903,30.3343862276086],[-97.7508406313856,30.3343902275322],[-97.7510186307625,30.3344112288731],[-97.7512516321876,30.334450227918],[-97.7514286308413,30.3344862279768],[-97.7515596312609,30.3345172294813],[-97.7517656311252,30.3345772274633],[-97.7520196315685,30.3346522287657],[-97.7521856321481,30.334712228991],[-97.75243663132,30.3348122274756],[-97.7526216303696,30.3349022280403],[-97.7527666319312,30.3349852288927],[-97.7529036313002,30.335062229443],[-97.7527656321063,30.3351342283219],[-97.7528956309043,30.3352042275904],[-97.7532186327411,30.3353792278688],[-97.7536096325534,30.3355852290007],[-97.7536886321961,30.3356302285504],[-97.7539707319414,30.3357911281325],[-97.7540860325047,30.3358534280274],[-97.7542446318648,30.3359392285183],[-97.7543786317591,30.3360122284612],[-97.7547316319365,30.3361992283957],[-97.7546966317764,30.3364482289938],[-97.7527986326166,30.3405152292302],[-97.7527736316039,30.3405672296214],[-97.7527306319462,30.340619229985],[-97.7526556325014,30.3406822292107],[-97.7526666314738,30.3407072296429],[-97.7526736329431,30.3407332294032],[-97.7526746318697,30.3407602284911],[-97.7526686320219,30.3407912295596],[-97.7526556325014,30.3408262302789],[-97.7522416322246,30.3416692301342],[-97.7518476329377,30.3425062299316],[-97.751573632403,30.3430882304683],[-97.7508906316143,30.3445162310295],[-97.7506086324804,30.3451352297771],[-97.7503573314745,30.3456648309566],[-97.7501986315032,30.3459992301387],[-97.7497686322312,30.3469222310718],[-97.7490566311303,30.3484732315041],[-97.7486946325287,30.3492312317897],[-97.7485346308985,30.3495562310035],[-97.7482116308583,30.3502392304967],[-97.7480006309711,30.3506922313674],[-97.7474856313103,30.351786231857],[-97.7469836302716,30.3528752310385],[-97.7467626321353,30.3533382326952],[-97.746617631472,30.353640231954],[-97.7462396320786,30.354445232665],[-97.7459036307213,30.355195231951],[-97.7455766313815,30.3559112316802],[-97.7452146309832,30.3566652334689],[-97.744845630014,30.3574312333693],[-97.7444856301639,30.3581942321281],[-97.7443056311371,30.3585782329704],[-97.7441356303595,30.3589622338556],[-97.7439726319495,30.3593482330727],[-97.7438736304186,30.3595632333979],[-97.7438456308295,30.3596202333292],[-97.7438246300148,30.3596452335741],[-97.743797631149,30.3596642335389],[-97.7437676301134,30.3596742334782],[-97.7437216318793,30.3596832335001],[-97.7440276304044,30.3598292343432],[-97.7434236310552,30.3612022340367],[-97.7433849316327,30.3612804339943],[-97.743375629578,30.3612992336615],[-97.7435578303754,30.3613032340356],[-97.7439915316047,30.36130443314],[-97.74393793003,30.3614479341431],[-97.7438963299476,30.3615669335863],[-97.7437356303264,30.3619622347066],[-97.7435216300661,30.3625312349344],[-97.7433206302247,30.363102234715],[-97.743122629858,30.3636742341378],[-97.7429386315316,30.3642472339603],[-97.7428356307011,30.3646152348895],[-97.7426526313013,30.3653242356402],[-97.7421406311152,30.3673042347987],[-97.7420936303613,30.367486235437],[-97.7419726299874,30.3678922356404],[-97.7419531302575,30.3679385348424],[-97.7417978313079,30.3678752353889],[-97.7416660304894,30.3678221349672],[-97.740842931144,30.3674320357585],[-97.7406746308772,30.3678062360702],[-97.7398656296919,30.3698162351613],[-97.7395837302709,30.3704603356109],[-97.7395335297179,30.3705751349828],[-97.739361929939,30.3709672359796],[-97.7389406308506,30.3719302363606],[-97.7387386293876,30.37241023564],[-97.7377356298301,30.374792236627],[-97.7370646296354,30.3763852370932],[-97.7365406306521,30.377690237243],[-97.7364486296923,30.3779342366797],[-97.7364256292277,30.3779302362111],[-97.7363055298641,30.3779179372102],[-97.7362436305511,30.3779115373892],[-97.7362182297882,30.3778702369118],[-97.7361864303255,30.3778289379668],[-97.7361387288855,30.377782937168],[-97.736097630063,30.3777552376352],[-97.7356386295804,30.3775162379713],[-97.7354956294652,30.3774432364432],[-97.7350206299874,30.377178238198],[-97.7343946291002,30.3768242375264],[-97.7339806297217,30.3765792379003],[-97.733933629866,30.376547236803],[-97.7338736295916,30.3765082367108],[-97.7334166287588,30.376181236876],[-97.7333726283778,30.376152237992],[-97.7333086297021,30.3761082382258],[-97.7329556295246,30.3758922365498],[-97.7328416297218,30.3758292367461],[-97.7320866280649,30.3754112383361],[-97.7316926287779,30.3751832372523],[-97.7312166285768,30.3749052375432],[-97.7309236286739,30.3747432366623],[-97.7306596281849,30.3746162373197],[-97.7304286282062,30.3745212364831],[-97.730272626774,30.3744592363359],[-97.7299596276779,30.3743542369097],[-97.7296376274626,30.374267237056],[-97.7293926272402,30.374187236276],[-97.7290856279919,30.3740852374146],[-97.7289736278388,30.3740452373459],[-97.7288976267726,30.3740222372214],[-97.7287516271827,30.3739682380199],[-97.7286426274027,30.3739292376738],[-97.728524627402,30.3738842363609],[-97.7283996277285,30.373833237173],[-97.7282954267488,30.3737854364542],[-97.7282906279486,30.3737832369555],[-97.7281856283666,30.3737352370328],[-97.7279496274667,30.3736192369929],[-97.7276906270006,30.3734842356641],[-97.7275960272147,30.3734412375726],[-97.7275346282633,30.3734132368768],[-97.7273366278966,30.3733232376303],[-97.7266406266892,30.3730072371227],[-97.726389626619,30.3728752373931],[-97.7260156274235,30.372685236894],[-97.725938628329,30.3726512372797],[-97.7258353265629,30.3726042373603],[-97.7255746264843,30.3724882359784],[-97.7252046265884,30.372318235896],[-97.7245396262414,30.3720162369537],[-97.7239016274553,30.3717072369754],[-97.7236396257179,30.3715742364709],[-97.7225846271802,30.3710162370618],[-97.7217236261163,30.3705812361177],[-97.720994625297,30.3701612365768],[-97.7208866262402,30.3700872359466],[-97.7208036255013,30.3700212368456],[-97.720708625965,30.3699502370935],[-97.7205816248451,30.3698512363488],[-97.7204826260092,30.3697712358305],[-97.7201676254666,30.3694942360488],[-97.7200996256946,30.3694222368724],[-97.7200356243239,30.3693502360929],[-97.7199666256252,30.3692702359397],[-97.7198996247797,30.3691842360313],[-97.7198016248704,30.3690522365656],[-97.7197386251212,30.3689662356905],[-97.7196526249075,30.3688382359962],[-97.719438125184,30.3684872363807],[-97.7194186245558,30.3684552357348],[-97.7193436260093,30.3683252357159],[-97.7192146252396,30.3680342357565],[-97.7191466245692,30.3678682350109],[-97.7190566241575,30.3676072357294],[-97.7189566245984,30.3672742365433],[-97.7189296248342,30.3671742363498],[-97.7187676244525,30.3665702352084],[-97.7186836247869,30.3662802353006],[-97.7186506242767,30.3661652355668],[-97.7185826245046,30.3659322369114],[-97.7184703243143,30.3654642358957],[-97.7184226255693,30.3652612360023],[-97.7184006249297,30.3651512359223],[-97.7183736233689,30.3650412349435],[-97.7183366253556,30.3648802354087],[-97.7182936247996,30.3647392360028],[-97.718249625317,30.3645952360204],[-97.7181806248217,30.3644142345199],[-97.7180896236868,30.3641772353118],[-97.717920625429,30.3637352350483],[-97.7178396234415,30.3635112356987],[-97.7177636250702,30.3632342352365],[-97.717718623966,30.3631222354397],[-97.7176386244984,30.3628922353855],[-97.7173866246033,30.3621752357054],[-97.7172636245797,30.361743234648],[-97.7168766240671,30.3603802338894],[-97.7165776243163,30.3594042347604],[-97.7164086242619,30.358796233989],[-97.7159046235735,30.3569272339904],[-97.7155232231583,30.3556075340769],[-97.7155106224898,30.3555552339379],[-97.7153286238133,30.3548122340737],[-97.7151676232565,30.3541932337478],[-97.7149846220601,30.353382233405],[-97.7148996234679,30.3530132336399],[-97.7148643241688,30.3528318339684],[-97.7148336233456,30.3526962326318],[-97.7148026224852,30.3525322337392],[-97.714750623505,30.3522292326184],[-97.714721624091,30.3520612329665],[-97.7146976220049,30.3519282336511],[-97.714638623352,30.3516172337713],[-97.7145946220727,30.3513862337966],[-97.7145496236635,30.3512032334294],[-97.7144956232368,30.3510192327153],[-97.7144366227873,30.3508382332256],[-97.7143666233654,30.3506412332634],[-97.7142996234182,30.3504572330427],[-97.7142206219789,30.3502582330635],[-97.7141386228614,30.3500492317576],[-97.7139896228985,30.3496712324346],[-97.7139106214592,30.3494832326337],[-97.7138918224152,30.3494361324311],[-97.7138306219915,30.3492832322016],[-97.7137636229427,30.3491192330151],[-97.7137196216635,30.3490082318121],[-97.7136716228812,30.3488562332638],[-97.7136506229648,30.3487522327339],[-97.7136366227211,30.3486592324123],[-97.7135366222637,30.3486662318394],[-97.7134486232985,30.348764233069],[-97.7132346221399,30.3485032324248],[-97.7131336218575,30.3483682320856],[-97.7131256232583,30.3482762329825],[-97.7130336222985,30.3482332315603],[-97.7129866224428,30.3481522319309],[-97.7128596222212,30.3479572320601],[-97.7128836225106,30.3479272325226],[-97.712904622427,30.3478982322374],[-97.7129726230974,30.347804232617],[-97.7130246229759,30.3477242326711],[-97.7131306223828,30.3475612332378],[-97.7132028217788,30.34741843205],[-97.7132716228481,30.3473042326571],[-97.713330621501,30.3471982319405],[-97.7133616214632,30.3471392324354],[-97.7134636215704,30.3469412319571],[-97.713601622561,30.346653232872],[-97.7137516223489,30.3463602319021],[-97.7138196230192,30.3462252317078],[-97.7138896215428,30.3460852318263],[-97.7139646227842,30.3459432324065],[-97.7140906222825,30.3457002322826],[-97.7144176216224,30.3451082311208],[-97.7146586225451,30.3447132316931],[-97.7147586230026,30.3445582316883],[-97.7148526218156,30.3444132313865],[-97.7149296218085,30.3442852321233],[-97.7149916226311,30.3441812321624],[-97.7149871229698,30.3440960319632],[-97.7150115230096,30.3440582314252],[-97.7150326226389,30.3440262313152],[-97.7150526236288,30.3439932318934],[-97.7152205232469,30.3437479313975],[-97.7152294228564,30.3437331310006],[-97.7152256238811,30.3436242323852],[-97.7152646233409,30.3435592317899],[-97.7159780231187,30.3424007302671],[-97.7160066227824,30.3423542321388],[-97.7168055233106,30.341101431197],[-97.7174227225047,30.3401335306433],[-97.7176616231663,30.3397472307915],[-97.7178676239289,30.3394222307917],[-97.7179796240819,30.3392182302311],[-97.7180676230472,30.3390752308009],[-97.7181636233066,30.3390232303924],[-97.7182016229415,30.3389882298037],[-97.71823462435,30.3389292307767],[-97.7182766223862,30.3388632315864],[-97.7183306228129,30.3387792300153],[-97.7185256237049,30.3384722299733],[-97.7187196247719,30.3381672300161],[-97.7189776227182,30.3377592302172],[-97.7191066234879,30.3375572303525],[-97.7191404243971,30.337503730474],[-97.7191836234808,30.3374362308827],[-97.7193236232229,30.3372202298617],[-97.7193956231929,30.3371052300821],[-97.7196336228443,30.336723229784],[-97.7196996229665,30.3366012299066],[-97.7197456238956,30.3365162301182],[-97.7197436233475,30.3364482297691],[-97.7198186227922,30.3363292307891],[-97.7202296235943,30.335671229759],[-97.7205146239996,30.3352192300854],[-97.7210376240564,30.3343812282853],[-97.7212046235626,30.3341122289605],[-97.7212896239515,30.3339842301839],[-97.721409623602,30.3337832289144],[-97.7214936232676,30.3336482299825],[-97.7219626228977,30.3328962287875],[-97.7227916241745,30.3315852299053],[-97.7231226237123,30.3310622291418],[-97.7233376237974,30.3307212287081],[-97.7235426238368,30.330396228986],[-97.7235966242635,30.3303102274715],[-97.7237296243329,30.330099228106],[-97.723945624243,30.3297472288544],[-97.7243606243447,30.3291032278916],[-97.7245392237962,30.3288173279882],[-97.7251866243501,30.3277812282933]]]},"properties":{"ZIPCODE":"78757"}},{"type":"Feature","geometry":{"type":"Polygon","coordinates":[[[-97.8538435495475,30.1773002932434],[-97.8539763483942,30.1770942937969],[-97.8564292494815,30.1786769935374],[-97.8567757503479,30.1781402932527],[-97.8595235503766,30.1784315934797],[-97.8586286504872,30.1775941943499],[-97.8586946497111,30.1776081935387],[-97.8593946502181,30.1777761945203],[-97.8594546504926,30.1777931943356],[-97.8595006514217,30.1778181943327],[-97.8595376512316,30.177859194687],[-97.8595676495722,30.1779021939038],[-97.8597036509129,30.1781721944806],[-97.8599206506479,30.1785811947965],[-97.8599406507394,30.1786241936981],[-97.8599536511582,30.1786681935662],[-97.8600076506866,30.1788751938114],[-97.8600236505801,30.1789381935971],[-97.8600406511968,30.1789841945122],[-97.8600736508088,30.1790281942195],[-97.8601106497204,30.179054194108],[-97.8601476522253,30.1790881940711],[-97.8603376512978,30.1792471938117],[-97.8608166509735,30.1796181937617],[-97.8608566511565,30.1796441934943],[-97.8608936509664,30.1796701939968],[-97.8609506508678,30.1797021933513],[-97.8609966517969,30.1797251947979],[-97.8610536516983,30.1797481946863],[-97.8611036510287,30.1797621943455],[-97.8611566516305,30.1797741943846],[-97.8612236506793,30.17979419367],[-97.8612636508623,30.1798061937054],[-97.86130665052,30.1798201941329],[-97.861393651457,30.1798461938122],[-97.8614536517314,30.179863194047],[-97.8615036510618,30.179881194475],[-97.8615436512448,30.1799041943268],[-97.861573651382,30.1799381947732],[-97.8616126508418,30.1799851946401],[-97.8618726511327,30.180348194162],[-97.8619026521683,30.1803871938578],[-97.8619396519782,30.1804231937425],[-97.862093651964,30.1805821944348],[-97.862129651949,30.1806161946473],[-97.8626336517392,30.1811091940792],[-97.8627006525846,30.1811731949492],[-97.862877653035,30.1813211939868],[-97.8633026522841,30.1819181942277],[-97.863418652635,30.1820271938915],[-97.8634376520033,30.1820541931627],[-97.8634566522699,30.1820871950229],[-97.8634926513566,30.1821641951787],[-97.8635246520419,30.1822411944979],[-97.8636156522785,30.182477194497],[-97.8636406514946,30.1825541943479],[-97.8638306523637,30.1831121947275],[-97.863856652303,30.1832111937759],[-97.8638686528968,30.1832761942186],[-97.8638876531634,30.1835281950636],[-97.8638496517319,30.1836921946386],[-97.8638086526224,30.1837581949209],[-97.8637636524165,30.183851194714],[-97.8636726530783,30.1839691951853],[-97.8634466513258,30.1844261949593],[-97.8633516517896,30.1845901945924],[-97.8632096523977,30.1847591946861],[-97.8629866519166,30.1849571948085],[-97.8629106508503,30.1850501957993],[-97.861884652625,30.1862441963854],[-97.861840652244,30.1862931958356],[-97.8614306521652,30.1867701951208],[-97.8612406521944,30.1870051957929],[-97.8611836513947,30.1871201952235],[-97.8609556508907,30.1876241952366],[-97.8608606513545,30.1880071952875],[-97.8608376517883,30.1882371947807],[-97.8608256520927,30.1883691969751],[-97.8608506513088,30.1884341955671],[-97.8609706518576,30.1885711949318],[-97.8613066514183,30.1888451954189],[-97.8614586517543,30.1889821957648],[-97.8615796512298,30.1891351960052],[-97.8616296514585,30.1891901961807],[-97.8619526514987,30.1896391965777],[-97.8621286512258,30.1898111960595],[-97.8621896522235,30.1899071966328],[-97.8622656523914,30.1900491959667],[-97.8622846517597,30.1901861954142],[-97.8623226522929,30.1902681966813],[-97.8623546520799,30.1903561968668],[-97.8624246515018,30.1904221957896],[-97.8625316525302,30.1904711954906],[-97.8626646517013,30.1905201959438],[-97.8627666518086,30.1905751961223],[-97.8628546525704,30.1906031962438],[-97.86307665143,30.1906461961097],[-97.8631526524963,30.1906631968099],[-97.8633746513558,30.1906741954345],[-97.8638016520514,30.1906851956107],[-97.8642576530593,30.1905861963096],[-97.8644096515986,30.1905201959438],[-97.8646446526735,30.190367196302],[-97.8647146529937,30.1903451951008],[-97.8648476530632,30.1903341956631],[-97.8651766529511,30.1903731968406],[-97.8654236528233,30.190438195663],[-97.8656396527334,30.190542195553],[-97.8658866535039,30.1907561955188],[-97.865943652507,30.1908111963419],[-97.8660256534211,30.1909201954826],[-97.8660696529037,30.1910081950855],[-97.8661616529652,30.1913801958555],[-97.8662186528666,30.1915441963331],[-97.866250653552,30.191741196716],[-97.8662406526079,30.1918071962636],[-97.8662126539172,30.1919441955949],[-97.8662246527144,30.1924151966026],[-97.866174653384,30.1925741957963],[-97.865990653261,30.1929951953074],[-97.8657686535031,30.1933571965185],[-97.8657246531222,30.1935591966674],[-97.865733653343,30.1936411966787],[-97.8656736530686,30.1939921964858],[-97.865539652276,30.1945761961838],[-97.8655456521237,30.1946801963623],[-97.8655706540347,30.1947291970504],[-97.8657296531451,30.1948611975309],[-97.8658626532145,30.194987196801],[-97.8661596533154,30.1952061966276],[-97.8665276535614,30.1954351963507],[-97.8670216533058,30.1956381977079],[-97.8670716544329,30.1956601969501],[-97.867236653391,30.1957201967643],[-97.8676546538657,30.1958241965109],[-97.868269653984,30.1959731976362],[-97.8689006539957,30.1961711977301],[-97.8693116538995,30.1962601965524],[-97.870826653643,30.1964621969571],[-97.8711816552669,30.1966061962086],[-97.8714346558851,30.1967171967494],[-97.8727546547367,30.1973301971468],[-97.8732926557604,30.1975761968716],[-97.873812655444,30.1977951971508],[-97.8743376551506,30.1979701971763],[-97.8746486554952,30.1980581974664],[-97.8750246552388,30.198118197372],[-97.8751486550874,30.1981121965291],[-97.8753346548602,30.1980851970014],[-97.8755566555164,30.1980521973961],[-97.8758416568201,30.1979591970374],[-97.8760696564257,30.1978281976186],[-97.8763546559327,30.1976371970869],[-97.8765126543199,30.1975541965046],[-97.8769116563247,30.1974011969222],[-97.8771146567142,30.1972971965121],[-97.8774566552244,30.1971061972795],[-97.8775706550272,30.1970241970481],[-97.8778116559499,30.1968591963566],[-97.8780276567583,30.196730196301],[-97.8794216570263,30.1974021961641],[-97.8795416566769,30.1973591976955],[-97.8816796560363,30.1965611965622],[-97.8817626576736,30.1966521966368],[-97.8818006573084,30.1967061964706],[-97.8819016575908,30.196942195972],[-97.8823766579669,30.198271197393],[-97.8824146567034,30.1983431964985],[-97.8827936568201,30.19924019718],[-97.8828356566529,30.1993221971186],[-97.8828956578257,30.1993881977958],[-97.8830026570575,30.1994921967735],[-97.8831046571647,30.199569197297],[-97.8831926579266,30.1996731968598],[-97.8832876574629,30.1997381973071],[-97.8836806569249,30.1999741973045],[-97.8839846584952,30.2002361972442],[-97.8841176576662,30.200307197253],[-97.8841496574533,30.2003351977126],[-97.8842316583674,30.2003891970791],[-97.8843896594494,30.2004611977411],[-97.8845866572963,30.2005541972891],[-97.8848926585163,30.2006201971404],[-97.8852286589754,30.200718197238],[-97.8857346584153,30.2009151978994],[-97.8862736583656,30.2012211975499],[-97.8863556592797,30.2012871969539],[-97.886893659405,30.2017961973064],[-97.8869506584081,30.2018841980584],[-97.8871916584325,30.202086197793],[-97.8874826577873,30.2022611964016],[-97.8877526590224,30.2023951968117],[-97.888074660136,30.2025081985223],[-97.8882716588812,30.2025461980171],[-97.8885326589971,30.2025648976916],[-97.8887396595846,30.2024911975381],[-97.8888796584284,30.2023711983624],[-97.8889616584441,30.2023271982139],[-97.8890506599292,30.2022941977015],[-97.8893856587667,30.2022291981655],[-97.8900316588471,30.2022011966919],[-97.8902976589858,30.2022231967967],[-97.8906046600308,30.2022891978581],[-97.8907566603668,30.2023551973226],[-97.8910546602926,30.2024751965178],[-97.8914406591837,30.2027001981081],[-97.8918836597728,30.2029731981359],[-97.8921876595464,30.2031651975911],[-97.89249165932,30.2033891968703],[-97.8927136599762,30.2035591980417],[-97.8932836598886,30.2039041977127],[-97.8936916612159,30.2041181973622],[-97.8940466601448,30.2042821983605],[-97.8942366601156,30.2043641979808],[-97.8944076607181,30.2044081979951],[-97.8946356603238,30.2044791981001],[-97.8949336602496,30.2046321975509],[-97.8950856605856,30.2047411976945],[-97.8952056611345,30.2048401975138],[-97.8953006606707,30.2048951974567],[-97.8954876602685,30.2049721976356],[-97.8956456604522,30.2050161973781],[-97.8957536613056,30.2050261975638],[-97.8959876616573,30.2050431981101],[-97.8963296610657,30.2050871978208],[-97.8964626602368,30.2051361979872],[-97.8966276618899,30.2052181976724],[-97.896912661397,30.2053881980139],[-97.8969946614127,30.2054421984903],[-97.897792661829,30.2059791987249],[-97.8978556615782,30.2060011979853],[-97.8983246621066,30.2062251977974],[-97.8991196612516,30.2065971977454],[-97.8997066626791,30.2067981987537],[-97.9002676614723,30.206958197154],[-97.9005786627152,30.2070401968738],[-97.900913662451,30.2070791968682],[-97.9010916627262,30.2071061978106],[-97.901494662234,30.2072221985263],[-97.9017306622356,30.2072431975905],[-97.9019776630061,30.2073031988848],[-97.902199662764,30.2074071980396],[-97.9022626634115,30.2074451979722],[-97.9023256622623,30.2075271972862],[-97.9025036625376,30.2078281977802],[-97.9025776630557,30.2079701992154],[-97.9026606628964,30.2081251977161],[-97.9027666623033,30.2082791983939],[-97.9029306632331,30.208492197941],[-97.9030346620919,30.2089181987576],[-97.9031386627473,30.2093501986645],[-97.9026066624697,30.2093291984973],[-97.9022296629012,30.2093121986913],[-97.9017596625479,30.2093081983255],[-97.9016556618925,30.2093111987939],[-97.9015496633839,30.2093171989542],[-97.9014506627514,30.2093261988057],[-97.9013536635654,30.2093401981418],[-97.9012246618973,30.209359198513],[-97.9010856619801,30.2093851989333],[-97.9009476627862,30.2094181986209],[-97.9008526632499,30.2094421992336],[-97.9007566620921,30.2094651991683],[-97.9006806628225,30.2094871984258],[-97.9005966622586,30.2095141987076],[-97.9005176635142,30.209540199087],[-97.9004346618769,30.209568199249],[-97.9003446623635,30.2096021995459],[-97.9002696629187,30.2096341977139],[-97.9001866621797,30.2096741989029],[-97.9001156620347,30.2097091982801],[-97.9000246626964,30.2097571993578],[-97.899919662216,30.2098121988817],[-97.899855662642,30.2098521984456],[-97.8998036609668,30.2098841973087],[-97.8997626618572,30.2099101991429],[-97.8997236614992,30.2099341996356],[-97.8996696628691,30.2099691989204],[-97.8996156615441,30.2100061979733],[-97.8995806631807,30.210033198889],[-97.8995366627997,30.2100661991356],[-97.8994936622437,30.2101011983735],[-97.899450662586,30.2101351992625],[-97.8994246617484,30.210158198259],[-97.8993886626617,30.2101871989099],[-97.8993546623265,30.2102161987759],[-97.899306662646,30.2102591986152],[-97.8992636629882,30.2103001978847],[-97.8992076620135,30.2103551986578],[-97.8991566610615,30.2104031986439],[-97.8991006618833,30.2104641986735],[-97.8990356633827,30.2105331985213],[-97.8989026615166,30.2106831990024],[-97.8988546627344,30.210755199121],[-97.8983916620538,30.2114441981636],[-97.8983566618936,30.2114981991985],[-97.8976866615238,30.2125361991845],[-97.8974766614616,30.2128572002167],[-97.897215662244,30.2132451984316],[-97.8970226619001,30.2135242001637],[-97.8968256622566,30.2138271998716],[-97.8964736619041,30.2143542001383],[-97.8961736614301,30.2148262001152],[-97.8958666621818,30.2153162003172],[-97.8957856619909,30.2154411991859],[-97.8957156607724,30.2155572001676],[-97.8955206616771,30.2158892011237],[-97.8952166610051,30.2164472004453],[-97.8950426609279,30.2167652008966],[-97.8949896621227,30.2168732009772],[-97.8949246618254,30.2169975000124],[-97.8948982621359,30.2170479000493],[-97.8948656613759,30.2170681999383],[-97.8948506622056,30.2170952004685],[-97.8948335618758,30.2171348004048],[-97.8946456612678,30.2175251997787],[-97.8944655607315,30.21792170048],[-97.8943736612813,30.2181241998027],[-97.8943536620881,30.2181712000727],[-97.8943326612734,30.2182201999339],[-97.894206661775,30.2185342008733],[-97.893834661331,30.2194312015012],[-97.8936516610329,30.2199072003419],[-97.8936216608957,30.2199892001379],[-97.8935806608878,30.2201062002018],[-97.8935356615803,30.2202372010171],[-97.8935426603547,30.2202762012144],[-97.8933916616402,30.2206212004939],[-97.8932076606189,30.2209772015643],[-97.8930576608311,30.2212512011183],[-97.8902406599827,30.2232492013564],[-97.8902386612312,30.223681201211],[-97.8902336612084,30.2237742021012],[-97.8899066600719,30.2237837020578],[-97.889681460515,30.223793001753],[-97.88946156012,30.2238324026135],[-97.889284560568,30.2238834014817],[-97.8890726605689,30.2239622015622],[-97.8888607605697,30.2240479020115],[-97.888670259339,30.2241290018434],[-97.8885549605723,30.2241707016755],[-97.888420860965,30.224203201188],[-97.8882572588872,30.2242171013822],[-97.8880962610253,30.2242101016086],[-97.8879595598969,30.2241939023078],[-97.8877637604027,30.224138301506],[-97.8875088589492,30.2240201015732],[-97.8877878595068,30.2235821023649],[-97.8878790591694,30.2234106020017],[-97.8879219591141,30.2232414020197],[-97.8879396595185,30.2230612020848],[-97.8879256601731,30.2229042019801],[-97.8878995587242,30.2227572007847],[-97.887836160123,30.2225762027918],[-97.8877449595621,30.2224233018773],[-97.887659060858,30.2222981023023],[-97.8875357598987,30.2221776025578],[-97.8873667598443,30.2220663016158],[-97.8871923591184,30.221971301902],[-97.8869214595681,30.2218832011277],[-97.8865781593991,30.2218183014672],[-97.8863676589752,30.2217996007941],[-97.8861087600188,30.2217766014141],[-97.8859356582568,30.2217702014843],[-97.8857876599154,30.2228902030215],[-97.885062659294,30.2235342019532],[-97.8849346601458,30.223484201881],[-97.8834926592989,30.2227532025181],[-97.8830916585426,30.2225572026445],[-97.8829216586633,30.2225152025098],[-97.8813536574197,30.2215912019965],[-97.8803836583725,30.2230172026493],[-97.8802686587448,30.2230362019317],[-97.8800036575326,30.2230722025227],[-97.881501658456,30.2241722020712],[-97.8812006590554,30.224131202373],[-97.8809436573408,30.2240612014478],[-97.8802466581052,30.2237152012879],[-97.8802810581907,30.2250839012873],[-97.8803326583189,30.2250912021617],[-97.8804196583575,30.2250962016227],[-97.8804826581067,30.2251032021095],[-97.8805386572849,30.2251202022917],[-97.8805756579931,30.2251472021641],[-97.8806086585034,30.2251892027272],[-97.8806406591888,30.2252392019325],[-97.8806436586635,30.2252932023809],[-97.8806266571484,30.2253572016952],[-97.8805806589143,30.2254252022308],[-97.8805326583354,30.2254812028192],[-97.8805006585484,30.2255392036168],[-97.8804826572084,30.2255982025596],[-97.8804856584798,30.2256572030195],[-97.8805046587463,30.2257162026677],[-97.8805616586478,30.2258092024097],[-97.8806616582069,30.2259202018364],[-97.8807696572636,30.2260132021616],[-97.8809266576224,30.2260872021573],[-97.8811136581185,30.2261742024166],[-97.8812926582186,30.2262542021946],[-97.8814576589734,30.2263222021101],[-97.8816076578629,30.2263842020832],[-97.8817726586176,30.2264462020173],[-97.8819516596161,30.2264902030234],[-97.8821166585742,30.2265452017308],[-97.8823166585908,30.2265952025754],[-97.8824676591018,30.2267062034434],[-97.8826106583187,30.2268482032455],[-97.8827466596594,30.2270462017635],[-97.8828616592871,30.2272192023454],[-97.8829906591586,30.2273982024566],[-97.8830906587177,30.227572202131],[-97.8831906600734,30.2277512023759],[-97.8832556585741,30.2278872031939],[-97.8833776596711,30.2280482027093],[-97.883520658888,30.228190202902],[-97.8836776601451,30.2283082037807],[-97.8838716594156,30.2283822020493],[-97.8841076585188,30.2284632036146],[-97.8843156580329,30.228537203319],[-97.8844806605844,30.2285992026717],[-97.8846536590401,30.2287032026],[-97.8847956593303,30.2288152031162],[-97.8849996595448,30.2290172026713],[-97.8847326595811,30.229024202879],[-97.8846996599691,30.2290252033522],[-97.8845486585598,30.2290302033893],[-97.8843896603478,30.2290412023834],[-97.8842306594408,30.2290542030982],[-97.8841956592807,30.2290572029643],[-97.8840396596451,30.229074202463],[-97.8838666584944,30.2291022024983],[-97.8836706586758,30.2291382031974],[-97.8834986582484,30.2291702027728],[-97.8831886595253,30.2292262027809],[-97.8829266595844,30.2292732024027],[-97.8825686593841,30.2293512033769],[-97.8824186595963,30.2293912027578],[-97.8821496590845,30.2294622034625],[-97.8817516578029,30.2295812032821],[-97.8807386581997,30.2299722028954],[-97.8801956589498,30.2302472026864],[-97.8800266588955,30.2303332034624],[-97.8797726575539,30.2304822035637],[-97.8796476578804,30.2305562033009],[-97.8793316575129,30.2307662036993],[-97.8789306567567,30.2310082034026],[-97.8784226567685,30.2313142033805],[-97.8772386574611,30.2319922041238],[-97.8771786571867,30.2320972032336],[-97.8765456584234,30.2325282033645],[-97.8762966571047,30.2326722041684],[-97.8759356565314,30.2328812034939],[-97.875741657261,30.2329912038185],[-97.8756926568572,30.2330132032477],[-97.8754826567949,30.2331082039367],[-97.87537265719,30.2331582045484],[-97.8750166575379,30.2333192047466],[-97.874787657209,30.2334082041211],[-97.8747016569953,30.2334372049028],[-97.8744456560039,30.2335232044406],[-97.874205657601,30.2336032044486],[-97.8739786560237,30.2336702042887],[-97.8735606564473,30.2337882047997],[-97.873090656094,30.2338772045258],[-97.8725736567834,30.2339472038962],[-97.8723226567132,30.2339712039572],[-97.8721826569711,30.2339202041117],[-97.8716996553007,30.2339642041017],[-97.8712516564854,30.2339892045811],[-97.8689146551377,30.2340462038187],[-97.868398655652,30.2340572045801],[-97.8679486562885,30.2340662044966],[-97.8676686559061,30.2340712042774],[-97.8674186556608,30.2340602050698],[-97.8672046562989,30.234044205303],[-97.8669336552389,30.234014204278],[-97.8666346545898,30.2339792050109],[-97.8664576550378,30.2339642056539],[-97.8662586557445,30.2339482043192],[-97.8660966553628,30.2339432053084],[-97.865903655019,30.2339432045323],[-97.86574865431,30.2339502051654],[-97.8655876555498,30.2339632044549],[-97.8654286555411,30.2339782045882],[-97.8652386555704,30.2340002045727],[-97.8650876550593,30.2340202044838],[-97.8649196548298,30.2340462045949],[-97.8647626553693,30.2340922045955],[-97.8646026546374,30.2341342044423],[-97.8644236545372,30.234182203691],[-97.8639656547778,30.2343262044006],[-97.8630412542145,30.234614604888],[-97.8626121541561,30.2347513040315],[-97.8622607529799,30.2348579044267],[-97.8618986546653,30.2349668043361],[-97.861482954776,30.2350850050805],[-97.8612603531469,30.2351383054998],[-97.8610417535124,30.2351847054641],[-97.8606581531232,30.2352611052839],[-97.8605081533353,30.2352870049483],[-97.860402754003,30.2353054042532],[-97.8600550529875,30.2353632044517],[-97.8600037537948,30.2353704044445],[-97.859944353595,30.2353821051108],[-97.8597923541574,30.235403604965],[-97.8592706539629,30.2354499054618],[-97.8592198542335,30.2354767045894],[-97.8582059527218,30.2354743040771],[-97.8578463535203,30.235482405127],[-97.8574507525372,30.2354835048766],[-97.8570605531238,30.2354893055321],[-97.8567601528996,30.235482405127],[-97.8565056520947,30.2354732043273],[-97.8563666521776,30.2354702046569],[-97.8555066518369,30.2354402056193],[-97.8553566520491,30.235435204356],[-97.8550196535619,30.2354292065649],[-97.8545646514806,30.2354282053809],[-97.8539326516439,30.2354352051321],[-97.8530786520494,30.2354482057775],[-97.8526366521835,30.2354642060919],[-97.8524336517939,30.2354782048126],[-97.8522206522569,30.2354922058597],[-97.8521296520203,30.2355002060137],[-97.8520296515628,30.235510204653],[-97.8519296511054,30.2355192052125],[-97.8519326514785,30.2354702046569],[-97.8519326523768,30.235419204813],[-97.8519256518058,30.2353722050247],[-97.8519176514098,30.235326205623],[-97.8519056517143,30.2352842055093],[-97.8518926521938,30.2352482055085],[-97.8518666504579,30.2351942050944],[-97.8518356522924,30.2351442055182],[-97.8517996514091,30.2351002052802],[-97.8517566517514,30.235074206224],[-97.8516996509517,30.2350562057987],[-97.8516316520779,30.2350422054656],[-97.8515516508136,30.2350332056386],[-97.8514836510416,30.2350272054947],[-97.8510636500187,30.2350792044013],[-97.8508696507483,30.2351072050548],[-97.8504616503193,30.2351652048311],[-97.8493376512863,30.2353702057598],[-97.8491356507216,30.2354082057563],[-97.8471286508835,30.2357852060283],[-97.8469276492454,30.2358202054284],[-97.8467826494805,30.2358422050007],[-97.8466296511162,30.2358592056546],[-97.8460586504806,30.2359302063449],[-97.8457586500067,30.2359642060671],[-97.84550564849,30.2359922056925],[-97.8453146495926,30.2360112055723],[-97.8450636495225,30.2360312066264],[-97.8446746502584,30.2360602050821],[-97.8442256489232,30.2360882062324],[-97.8430156496765,30.2361202058741],[-97.8424656498556,30.2361352049022],[-97.8415706484565,30.236132205252],[-97.8408196496925,30.2361182058483],[-97.8398646498156,30.2361112069218],[-97.8397456481933,30.2361132061716],[-97.839434648747,30.236099205213],[-97.8390856487676,30.2361002056141],[-97.8385186492282,30.2361002056142],[-97.8373176475074,30.2360892066336],[-97.8361388467506,30.2360791056072],[-97.834854648458,30.2360682059659],[-97.8338016477736,30.2360742052702],[-97.833201647724,30.2360772064744],[-97.8329436470828,30.2360752064477],[-97.8324836476736,30.2360732071971],[-97.8321056464835,30.2360672063406],[-97.8317416464354,30.2360692063674],[-97.8313526471713,30.2360612054836],[-97.831153645183,30.2360562058041],[-97.8305206464198,30.2360132063764],[-97.8302826467684,30.2359922072447],[-97.8300226455791,30.2359632064407],[-97.8298186462629,30.2359362064337],[-97.8296056458275,30.2359062052101],[-97.8293966446919,30.2358712066166],[-97.8291946459238,30.23583820649],[-97.8289296456099,30.2357982066274],[-97.8283236457125,30.2356832058647],[-97.8278600458557,30.2356153063325],[-97.8272516456598,30.2355262065094],[-97.8267939450394,30.2354442064746],[-97.8266546450849,30.2354192063652],[-97.8263626459052,30.2353622063714],[-97.8256546450022,30.2351762062434],[-97.8254326452443,30.2351022061029],[-97.8250926436891,30.2349852060293],[-97.8248706457279,30.2349172066722],[-97.8247026437018,30.2348562055083],[-97.8243846445828,30.2347372058642],[-97.8241419449458,30.2346483062598],[-97.8234116442642,30.2343292056582],[-97.8233249442629,30.2342903057208],[-97.8231776439125,30.2342242066038],[-97.8228792451347,30.2340879064304],[-97.8217644439519,30.2335786059044],[-97.821063244194,30.2332583058162],[-97.8208740437238,30.2331719055638],[-97.8207116444901,30.2331022060037],[-97.8205596441541,30.2330402056096],[-97.8203926437495,30.2329802052661],[-97.8202346435658,30.2329242066201],[-97.820087644151,30.2328812058224],[-97.8199526435335,30.2328482062444],[-97.8198536437993,30.232826205226],[-97.8197626426644,30.2328082051652],[-97.8196746428008,30.2327892062186],[-97.8195406438048,30.2327622061161],[-97.8191843441154,30.2326984064307],[-97.8188976440975,30.2326482053427],[-97.8186297440219,30.2326208062685],[-97.8186006430983,30.2323292053558],[-97.818643642756,30.2322402065568],[-97.8187246438452,30.2320892059073],[-97.8190171424882,30.2316612059672],[-97.819130643726,30.2314952054708],[-97.8194141430465,30.231049605382],[-97.8194567438523,30.2309903046842],[-97.8198790427656,30.2303602050081],[-97.8199295442543,30.2302786042637],[-97.8199844438945,30.230195905195],[-97.820145642979,30.2299582057191],[-97.8204006432472,30.2295812048344],[-97.8204406434301,30.2295222051766],[-97.8204766434151,30.2294672042535],[-97.820968943547,30.2287011054027],[-97.8210456444009,30.2285817063449],[-97.8213007443821,30.2281847052979],[-97.8213286442581,30.228141204903],[-97.8215776428819,30.2277532056765],[-97.8218607442487,30.2273289039673],[-97.8220797436335,30.2270007053107],[-97.8223516430087,30.2265932054605],[-97.8224476432682,30.2264512052903],[-97.8226816445183,30.2261072044542],[-97.8227866432019,30.2259552039722],[-97.8228911442189,30.2258015049566],[-97.8232986442863,30.2252022047274],[-97.8235956443872,30.2247652043143],[-97.8237086443652,30.2245882035518],[-97.8239306450213,30.2242672043164],[-97.8241026445505,30.2240032036595],[-97.8244026441261,30.2235342027294],[-97.8244986443856,30.2233952036145],[-97.8246826445086,30.2231202048428],[-97.8249026446166,30.2227772045351],[-97.8253926441631,30.2219902043591],[-97.8255976433042,30.2216592043598],[-97.8256786443933,30.2215312032054],[-97.8258486433743,30.2212652034149],[-97.8261096443886,30.2208382034932],[-97.8263585441976,30.2204294027627],[-97.8267136437378,30.219841202558],[-97.8271416451566,30.2191562025139],[-97.8281256444475,30.2176152023931],[-97.8283956456826,30.2171792022434],[-97.828585644755,30.2168762027674],[-97.8287536449845,30.2166102035855],[-97.8289236457621,30.2163402012756],[-97.8296976449907,30.2149792028864],[-97.8302296461666,30.2141452025813],[-97.8303976454978,30.2138812011512],[-97.8304836457115,30.2137342019974],[-97.8305426461611,30.2136372015167],[-97.8306241449169,30.2135052021493],[-97.830908645859,30.2130442020522],[-97.8310696446191,30.2127832026883],[-97.8313736443927,30.2123122020929],[-97.831717144886,30.2117719014375],[-97.8319706449676,30.2113732015308],[-97.8321196449305,30.2111362018154],[-97.8322316450835,30.2109702023856],[-97.8325086450929,30.2105952014598],[-97.8330626442135,30.2099062011304],[-97.8332796448468,30.2096332009252],[-97.8335206457696,30.2093302007234],[-97.8345726466291,30.2076942001087],[-97.8346656456172,30.2075502007738],[-97.835003645726,30.2070301999981],[-97.8354396466424,30.2063492005241],[-97.8357246461495,30.2059022008865],[-97.8360716464791,30.2053342006134],[-97.8362486469294,30.205045201097],[-97.8365446454088,30.2045601999397],[-97.8367596463923,30.2042061999201],[-97.837206646281,30.2034631991334],[-97.8374336451634,30.2031081998662],[-97.8376876456066,30.2026982005081],[-97.8378776473741,30.202392199238],[-97.8381176457769,30.2020061985473],[-97.8385556472415,30.2012761995149],[-97.8388146477076,30.2008771985513],[-97.8388584459676,30.2008070987837],[-97.8390166464756,30.2005541996182],[-97.8395094469691,30.1997606987361],[-97.8396278467202,30.1995700994676],[-97.8396786473478,30.1994881998905],[-97.8401876471609,30.1986691988203],[-97.8407896477586,30.1977341978098],[-97.8411466472357,30.1971791988104],[-97.8414276474431,30.1967621978773],[-97.8418206478035,30.1961621974521],[-97.8423736479974,30.195317197194],[-97.8430476467686,30.1943221978842],[-97.8447466475334,30.1916441978537],[-97.8448906465752,30.1914161971578],[-97.8452836487322,30.1907801960229],[-97.8462496484797,30.1892601962891],[-97.846405647217,30.1890111964427],[-97.8467046478661,30.1885321961466],[-97.8469126482785,30.1882061967574],[-97.8472086485545,30.1877431959633],[-97.8475926477958,30.1871331952656],[-97.8477096479716,30.186955195796],[-97.8480086486207,30.1864801968888],[-97.8483356479605,30.1859691955166],[-97.8488106483367,30.1852281956054],[-97.8490166490993,30.1849011944534],[-97.8492666484462,30.1845221953458],[-97.8498556477269,30.1836291963398],[-97.8499346482679,30.1835071956002],[-97.8501479487406,30.1831802943424],[-97.8503072487865,30.1829395957173],[-97.8504676492687,30.1826851946723],[-97.8506136479603,30.1824331947769],[-97.8506786491559,30.1823151955719],[-97.8508006484563,30.1820961942576],[-97.8508006493547,30.1820311945893],[-97.8513016487718,30.1812681952175],[-97.8513726498152,30.1811531959436],[-97.8516156494894,30.1807571947634],[-97.8524236490532,30.1794781953219],[-97.852498648498,30.1793621945338],[-97.8530982496956,30.1784768933968],[-97.8532614484299,30.1782358943989],[-97.8536533492524,30.1776271930447],[-97.8538435495475,30.1773002932434]]]},"properties":{"ZIPCODE":"78749"}},{"type":"Feature","geometry":{"type":"Polygon","coordinates":[[[-97.8355386508682,30.3228961234855],[-97.8355576520331,30.3228672235688],[-97.8355996509676,30.3227222221595],[-97.8356506510212,30.32238122293],[-97.8356816518817,30.3222882223702],[-97.8356926526506,30.3222712227252],[-97.8357026508997,30.3222602233183],[-97.8357586509762,30.3222182223992],[-97.8357766514179,30.3222062226872],[-97.8357976513343,30.3221992221437],[-97.8358896504975,30.3221812221838],[-97.8359096523856,30.3221792223604],[-97.835937652873,30.3221812229593],[-97.8360376515338,30.3222062226871],[-97.8361716514281,30.3222502234334],[-97.8363396516576,30.3223442235516],[-97.8365246525038,30.3224682223982],[-97.8366706520937,30.3225762233419],[-97.8366896514619,30.3225922226387],[-97.8367086517285,30.322609222228],[-97.8367746509525,30.3226792234704],[-97.8367946510439,30.3226982236329],[-97.8368166525819,30.3227112235786],[-97.8369556524991,30.3227722228836],[-97.8369896528342,30.3227822219398],[-97.8370266517458,30.322785223595],[-97.8371636529115,30.322780222904],[-97.8372436514808,30.3227642228626],[-97.8373236527451,30.3227432236764],[-97.837389651969,30.3227202231226],[-97.8374576526394,30.3226852221345],[-97.8376346521914,30.3225402235576],[-97.8376896515447,30.3225102232102],[-97.8377436519714,30.3224892231942],[-97.8378066526188,30.3224782230363],[-97.8378616528704,30.322475223698],[-97.8380466528183,30.3225042237599],[-97.8381996520809,30.3225292234054],[-97.838234652241,30.3225372226703],[-97.8382626518301,30.3225512221576],[-97.8383746519831,30.3226202223712],[-97.8385276512457,30.3227302229595],[-97.8386416519468,30.3228142235652],[-97.838678652655,30.3228372217707],[-97.8387136519168,30.3228542236437],[-97.8387846520619,30.3228692226027],[-97.8388566529303,30.3228802227167],[-97.8389486529918,30.3228942229304],[-97.8390196531369,30.3229092234342],[-97.839083652711,30.3229232228684],[-97.8395146527062,30.3230832236818],[-97.8404296524001,30.3234782227536],[-97.8409726534466,30.3236812232549],[-97.8410696544293,30.3237292236977],[-97.8411536531966,30.3237832234893],[-97.8412336526642,30.3238592224851],[-97.8412966533117,30.3239172225564],[-97.8413426533425,30.3239722225255],[-97.8415736524229,30.3242912240634],[-97.841611652956,30.3243382223791],[-97.8416316530475,30.3243642226091],[-97.8416496534891,30.3243782218353],[-97.8416786538015,30.324391223109],[-97.8417036539158,30.3243962237177],[-97.8417606529189,30.3243992222218],[-97.8417836524851,30.3244032233288],[-97.8419306536966,30.3244391224008],[-97.8421806530435,30.324524223395],[-97.8421986525868,30.3245362235985],[-97.842210654079,30.3245542231256],[-97.8422126537288,30.3245772232488],[-97.8422106531807,30.3245972233179],[-97.8421776535688,30.3246482233592],[-97.8421706529977,30.3246672239151],[-97.8421676544213,30.3246842239197],[-97.8421746531957,30.3247002228722],[-97.8422776540262,30.3248582233406],[-97.8423036530671,30.3248872234725],[-97.8424496535553,30.3250122232476],[-97.842463653799,30.3250292224169],[-97.8424716541949,30.3250462223586],[-97.8424756534946,30.3250862230765],[-97.842496653411,30.3251302233046],[-97.842601652993,30.3252562230376],[-97.8426306542036,30.3252802232638],[-97.8426686529401,30.3252972231619],[-97.8427276533897,30.3253182233513],[-97.8427516536791,30.32532222287],[-97.8427776527201,30.3253232239127],[-97.842802654631,30.3253182233513],[-97.8428656534819,30.3252932236423],[-97.8429056536649,30.3252842227839],[-97.8429286532311,30.3252862233193],[-97.8429526535205,30.3252952226267],[-97.8430286536885,30.3253422235623],[-97.843041653209,30.3253552223817],[-97.843117653377,30.325463223244],[-97.8431616546562,30.3255242239369],[-97.8431726536286,30.325543224323],[-97.8431786534764,30.3255652239491],[-97.8431806540245,30.3255862225302],[-97.8431816547477,30.3256092239619],[-97.8431766538265,30.3256302233091],[-97.8431646532327,30.3256582229485],[-97.8431626535828,30.3256732238044],[-97.8431636543061,30.3256882238826],[-97.8431846533241,30.3257282235629],[-97.8433236541397,30.32588722341],[-97.8433576544748,30.3259252232621],[-97.8433726545434,30.3259362238084],[-97.84339165481,30.3259432240848],[-97.8434316540947,30.3259552233391],[-97.843478653052,30.3259712236347],[-97.8435456538975,30.3260032234429],[-97.8435716538367,30.3260172224349],[-97.8435906550016,30.326034223756],[-97.8436319541485,30.3261289227506],[-97.8436633538609,30.3261648242918],[-97.8437016535331,30.3261772228469],[-97.8437036549795,30.3261942233649],[-97.8436976533351,30.3262102228461],[-97.8436716542942,30.3262612235984],[-97.8436556535023,30.3263112232914],[-97.8436224535661,30.3264058243187],[-97.8436296544614,30.3264882229146],[-97.8439616547224,30.3270392233125],[-97.8442346536356,30.3276452231697],[-97.844724653182,30.3287342234353],[-97.8449806541734,30.3300112251163],[-97.8451226535653,30.3313732245524],[-97.8452536539849,30.3320142247223],[-97.8453086551348,30.3322822234115],[-97.8453669540001,30.3325669238223],[-97.845374854683,30.3326057243384],[-97.8453786545566,30.332624224805],[-97.845753553864,30.3364279250962],[-97.845717155027,30.3364641244586],[-97.8457126544675,30.3365741257799],[-97.8457730544922,30.3370428247665],[-97.8459231548914,30.3385211256119],[-97.8460195557995,30.3393511258743],[-97.8460709556034,30.3394905260107],[-97.8460885553964,30.3396399256096],[-97.8461072556257,30.339799226939],[-97.8461646552774,30.3402872258768],[-97.8462026549122,30.3406612253385],[-97.8455196559203,30.3405382256048],[-97.8463616558192,30.3439942273184],[-97.8471206567758,30.3464222273809],[-97.8474739560922,30.347140627071],[-97.8480776563025,30.3483682274343],[-97.8492156555792,30.3499172273979],[-97.8508326563282,30.3515342284168],[-97.8521946568092,30.3524692281878],[-97.8534745584597,30.3531594281556],[-97.8545016580196,30.3537132279977],[-97.8562956583207,30.354446228759],[-97.8571446596889,30.3547362280971],[-97.8581216584088,30.3548742280737],[-97.8591306587123,30.3548882283638],[-97.8603646591468,30.3547222277853],[-97.861821659164,30.3543352273976],[-97.8628246596197,30.3538992290228],[-97.8630606596213,30.354328228376],[-97.8635886605992,30.3540712285141],[-97.8637946595652,30.3539912282655],[-97.8638876603499,30.3539582291033],[-97.8639166597639,30.3539442279049],[-97.8639396602285,30.3539252283794],[-97.863958660495,30.3538862277916],[-97.8639616608681,30.3538442272603],[-97.863962660693,30.3538262276916],[-97.8639536595739,30.353792227722],[-97.8639486613476,30.3537252277244],[-97.8639576597718,30.3536912284949],[-97.8639796595131,30.3536662282787],[-97.8640266602671,30.3536662290539],[-97.8641076613563,30.3536902285174],[-97.8642136598649,30.3537082281112],[-97.8642706606646,30.3536972275846],[-97.8644306604981,30.3535992274197],[-97.864450661488,30.3535902283884],[-97.8647126605305,30.3534582280306],[-97.8650166612024,30.3532792275898],[-97.8652866606408,30.3530962284376],[-97.8660356606533,30.3525892276898],[-97.8667175619041,30.3521461270086],[-97.8667666602242,30.3521142279921],[-97.8674256607234,30.3516102268033],[-97.8674796620484,30.3515722268423],[-97.8674946603204,30.3515592268522],[-97.868379659877,30.3510012272004],[-97.8691406613817,30.3504142271526],[-97.8694456618786,30.3501922275585],[-97.8694826616885,30.3501602263533],[-97.8698876617445,30.349878226763],[-97.8706666618942,30.3492822259773],[-97.8710876618437,30.3489502264472],[-97.8713726613508,30.3487352260548],[-97.8721346626804,30.3481612268111],[-97.8731606618041,30.347494226648],[-97.873320662536,30.3474062276654],[-97.8734136615241,30.3473342261839],[-97.8734526618821,30.3473092274443],[-97.8737346628128,30.347187226806],[-97.8741814632755,30.3469679262178],[-97.8749016633,30.3474472270427],[-97.8752726621225,30.3474583259502],[-97.8753016633331,30.3474592259873],[-97.8753766627779,30.3474752258701],[-97.8754046614687,30.3474952266888],[-97.8754416621769,30.3475272256646],[-97.8754656633646,30.3476082258113],[-97.8754516640192,30.3476922267826],[-97.875418663509,30.3477362261552],[-97.8753576634096,30.3477772269446],[-97.8746826630169,30.3480462274815],[-97.8746406622858,30.3480822264166],[-97.8746166628947,30.3481272264234],[-97.8746126617984,30.3481872269172],[-97.8746266629404,30.3489352268318],[-97.8746126626967,30.3489792271959],[-97.8745886624072,30.349015226563],[-97.8741326622977,30.3494132280715],[-97.8740946626629,30.3494332277189],[-97.8740436617109,30.3494412263364],[-97.8739826616115,30.3494332277189],[-97.8739366624791,30.3494052271261],[-97.8736959615937,30.3492677271993],[-97.8736196622867,30.3492242269765],[-97.8735776624539,30.3491962270991],[-97.8735446637403,30.3491882269111],[-97.8734666630241,30.3491872268876],[-97.8731596619792,30.3493322278684],[-97.8724866621346,30.3496942274332],[-97.8722866612197,30.3498262274424],[-97.8716536615582,30.3504592268623],[-97.8714476616938,30.3505852273346],[-97.8701216611979,30.3511032268827],[-97.8700276614866,30.3511552270749],[-97.8694426615056,30.3516502282968],[-97.8691756624402,30.3518392270316],[-97.86876266109,30.3520292277214],[-97.8686096618274,30.3521152279858],[-97.8684896621768,30.3522022281673],[-97.8683566621074,30.3523112280894],[-97.8682626605995,30.3524322277755],[-97.8681426618472,30.3526332287364],[-97.8679896598897,30.3530242288171],[-97.8679096613204,30.3531852277122],[-97.8677436607407,30.3534152265601],[-97.8673166609434,30.3537602276942],[-97.8666566606194,30.3542142277394],[-97.8665166617756,30.3542722284334],[-97.8663566601454,30.3543462286275],[-97.8660707614248,30.3544271270085],[-97.865717660636,30.3545302285114],[-97.8655776608939,30.3546282277437],[-97.8654976614263,30.3547262276531],[-97.8653776599791,30.3549562275295],[-97.86534236068,30.3551369279394],[-97.8653046610825,30.355330227522],[-97.8657416609255,30.3555522286363],[-97.8719906627404,30.3587982284137],[-97.8789014651032,30.3628776285598],[-97.8823736647804,30.3649272289648],[-97.8786996639645,30.3703042301053],[-97.8775226652281,30.3708412307589],[-97.8774316640932,30.3722022310747],[-97.8731366633113,30.3791112337796],[-97.8685836636848,30.3859782348841],[-97.8637416616584,30.3937002365879],[-97.8665576635801,30.3931192353673],[-97.8681556640626,30.3928412363123],[-97.8700546630474,30.3925522356615],[-97.8706216643833,30.3926662357683],[-97.8703586646176,30.3930372361464],[-97.8701576638778,30.39322923497],[-97.8700656638163,30.3933042362483],[-97.8698326632895,30.3934582353658],[-97.8694356627312,30.393641236467],[-97.8692186638945,30.3936972363332],[-97.8688796639608,30.3937512354819],[-97.8684836641257,30.3937512354819],[-97.8683106638733,30.3937322351678],[-97.8679546624245,30.3936692352417],[-97.8668926642142,30.3934422360323],[-97.8666486620201,30.3934092362365],[-97.8666266622788,30.393502235844],[-97.8665996625146,30.3936382354355],[-97.8665456629862,30.3938492356975],[-97.8665396622401,30.3939852355806],[-97.8665506630091,30.3940782354146],[-97.8665836635194,30.394181235444],[-97.8666216631542,30.3943172356398],[-97.8667136623174,30.3945742358747],[-97.8668726632244,30.3947762365495],[-97.8668036627291,30.3947922356644],[-97.866558663405,30.3948392349866],[-97.8663466627946,30.394876236399],[-97.8661826627631,30.3949082369182],[-97.8660296635005,30.3949352349992],[-97.865771661961,30.394987235903],[-97.865594662409,30.3950202351658],[-97.8653886625447,30.3950592356185],[-97.8652416631299,30.3950882358656],[-97.8651226615076,30.3951142351178],[-97.8649996623823,30.3951382360309],[-97.8647856630203,30.3951782359897],[-97.8645916628516,30.3952162368265],[-97.8643906630101,30.3952522362191],[-97.8641626616078,30.3952962358891],[-97.8639266634029,30.3953412358657],[-97.8637786614683,30.3953732362325],[-97.8636116619621,30.3954082360163],[-97.8634426619076,30.3954502357403],[-97.8632326627437,30.3955012360451],[-97.8630786627579,30.3955402355309],[-97.8629156625512,30.395586235719],[-97.8627986614771,30.3956212362013],[-97.8626906615221,30.3956522369281],[-97.8625586630742,30.3956912363536],[-97.8622996626081,30.3957752355402],[-97.8621466624473,30.3958242365821],[-97.8620286615481,30.3958602357505],[-97.8619116613723,30.3958972367762],[-97.8618076616152,30.3959302357315],[-97.8615616615679,30.3960032358463],[-97.8613806609196,30.3960612365461],[-97.861155661687,30.3961322359265],[-97.8609936613053,30.3961832351004],[-97.8608136622786,30.3962402369258],[-97.8606456620491,30.3962932366765],[-97.8604606612029,30.3963492373469],[-97.8603016620925,30.3963992353169],[-97.8601886612163,30.3964332375173],[-97.8600346612305,30.3964822366793],[-97.8598866610925,30.3965272368844],[-97.8597406606043,30.3965732358328],[-97.8595136608236,30.3966462370168],[-97.8593316603504,30.3967042365599],[-97.8591366603567,30.3967722360873],[-97.8590046610106,30.3968142367746],[-97.8588536604995,30.3968692360605],[-97.8587266602779,30.3969152371725],[-97.8586226623175,30.3969532373334],[-97.8585036606952,30.396997237012],[-97.8583566603821,30.3970552371216],[-97.8582566608229,30.3970972369122],[-97.8581766613553,30.3971352377772],[-97.8581006620857,30.3971732370779],[-97.8580276613924,30.3972122366709],[-97.8579346606077,30.3972612369919],[-97.8578126613073,30.3973362367239],[-97.8577256603703,30.3973922367962],[-97.8576256599129,30.3974562369501],[-97.8575546615644,30.3975072377571],[-97.8574866599957,30.397557237459],[-97.8574136602008,30.3976162367643],[-97.8573276608853,30.3976882360915],[-97.8572446601464,30.3977652368736],[-97.8571766612726,30.3978372368658],[-97.8571316601685,30.3978852365728],[-97.8570866608609,30.397943236155],[-97.8570046617435,30.3980482373551],[-97.8569386607229,30.3981372367784],[-97.8568906619407,30.3982102367934],[-97.8568496610345,30.3982772365256],[-97.8568016595573,30.3983592375462],[-97.8567656604706,30.3984272366961],[-97.8567266601125,30.3985032366017],[-97.8566786604319,30.3985972370758],[-97.8566263605161,30.3986975367427],[-97.856594659868,30.3987582368618],[-97.8565166609485,30.3989132361932],[-97.8564436620519,30.3990622381979],[-97.8563616611379,30.3992172370468],[-97.8562596601323,30.3994142375433],[-97.8561836599643,30.399563237234],[-97.8561126616158,30.3996952365569],[-97.8559886608689,30.3999272365779],[-97.8559176607238,30.4000692374144],[-97.8558836603886,30.400143237812],[-97.855843661104,30.4002222364367],[-97.8558106605937,30.4002862370606],[-97.8557686598626,30.4003712379938],[-97.8556726605014,30.4005602378531],[-97.855594060609,30.4007213382266],[-97.8555716611174,30.4007672367997],[-97.8555146594194,30.400880237896],[-97.8554386601497,30.4010232376149],[-97.8554116603855,30.4010592371915],[-97.8552856608871,30.4013092387489],[-97.855142660772,30.4015812376958],[-97.8550446599644,30.4017652370095],[-97.8549426607555,30.4019502377849],[-97.8548736602602,30.40208223853],[-97.8548206605568,30.402189237342],[-97.8547536597112,30.4023142383039],[-97.8546736602437,30.4024662374294],[-97.8545896605781,30.4026222373257],[-97.8545236595575,30.4027422372551],[-97.8544776595268,30.4028332383236],[-97.8544156605008,30.4029502372484],[-97.854366660097,30.403041238123],[-97.8542786602334,30.4032232380683],[-97.8541796604992,30.4034262389182],[-97.8541306609937,30.4035252389659],[-97.8540696590977,30.4036312390544],[-97.8539906603533,30.403768237953],[-97.8538756607256,30.4036952382188],[-97.8538166602761,30.403658238598],[-97.8536536600695,30.4035472373272],[-97.8535306600458,30.4034552390052],[-97.8534556606011,30.4033942380909],[-97.8533646594662,30.4033162384032],[-97.8531876599141,30.4031482382086],[-97.853048659997,30.4029982375415],[-97.8529936597454,30.4029272385039],[-97.8528996600341,30.4028042372771],[-97.8527706592643,30.4026202375968],[-97.8526222602743,30.4024002385008],[-97.8525946595372,30.4023592373714],[-97.8524274597066,30.4020718384871],[-97.8522680590494,30.4018161371673],[-97.8520247602361,30.4014180374888],[-97.8518029590059,30.4010579378505],[-97.851755659113,30.4009851383133],[-97.851715459504,30.4009248362769],[-97.8516874590166,30.4008737380799],[-97.8516643588391,30.4008335382301],[-97.8516189597813,30.40076463811],[-97.8515986587541,30.4007292373479],[-97.851311060421,30.4002611379613],[-97.851217859312,30.4001024379599],[-97.8511557596747,30.4000073379307],[-97.8509606590697,30.399689237965],[-97.8507486593576,30.3993572375702],[-97.8506156583899,30.3991482373847],[-97.850505658785,30.3989692376857],[-97.8495206596693,30.3974182369849],[-97.8494556584736,30.3972982367119],[-97.849421659935,30.3972452375065],[-97.8493256587772,30.3970932364533],[-97.849237659812,30.3969732373307],[-97.8491496590502,30.3968752371501],[-97.8490516600392,30.3967872368883],[-97.848931658592,30.3966962371594],[-97.848772657685,30.3965932366827],[-97.8474556583082,30.3958232370354],[-97.8472066578879,30.3956784367147],[-97.847099658656,30.3956162376829],[-97.8468440583133,30.3954614361286],[-97.8467826584636,30.3954242365774],[-97.8464916582105,30.3952332369718],[-97.8464046572735,30.3951732358988],[-97.8462706582776,30.3950782372242],[-97.8461666585205,30.395004236863],[-97.8457646579393,30.3947032370672],[-97.8455266573896,30.3945312362142],[-97.8454136574117,30.3944422373792],[-97.8450906582698,30.3942032359101],[-97.8448016585648,30.3939932375278],[-97.8444236573747,30.3937762362973],[-97.8443046566507,30.3937062363225],[-97.8441986572438,30.3936552374051],[-97.8441426571673,30.3936322364716],[-97.844070656299,30.3936022369978],[-97.8438986576682,30.3935342368133],[-97.8438616569599,30.3935192370624],[-97.8435876564252,30.3934272370423],[-97.8426366576446,30.3931602357268],[-97.842304057309,30.3930671358362],[-97.8421006571691,30.3930102359909],[-97.8418456560027,30.3929362363877],[-97.8413819564328,30.3927921369156],[-97.8411956566226,30.3927342365571],[-97.8409036565446,30.3926432369266],[-97.840274657081,30.3924422368462],[-97.8402356567229,30.3924272361528],[-97.8399096554113,30.3923232362413],[-97.8396746552347,30.3922542363581],[-97.8396246559043,30.3922412371271],[-97.8394096567175,30.3921952361386],[-97.8392156565487,30.3921702356933],[-97.8390616565629,30.3921592371692],[-97.8389936558926,30.3921522362057],[-97.8388456557546,30.3921462356009],[-97.838692656492,30.3921402365454],[-97.8378936562507,30.3921042367809],[-97.8374836552736,30.3920882364507],[-97.836897656366,30.3920612360331],[-97.8367583555132,30.3920565364331],[-97.8363956562257,30.3920442368854],[-97.8362896541238,30.3920432365253],[-97.8360966555766,30.3920392366343],[-97.8357916559781,30.3920392366342],[-97.8353496543156,30.3920482367764],[-97.8353072556308,30.392048936486],[-97.8352281544785,30.3920525373175],[-97.8351523555331,30.3920559359071],[-97.8348414540032,30.392055736765],[-97.8347472548658,30.3920540366953],[-97.8345706541658,30.3920552369724],[-97.8343156538977,30.3920602372228],[-97.83409165449,30.3920642363381],[-97.833950654923,30.392066237058],[-97.8334866544175,30.392071236533],[-97.8330826541865,30.3920742368378],[-97.8327396540548,30.3920802374471],[-97.8325686543506,30.3920822373917],[-97.8324626549437,30.3920792370872],[-97.8323736543569,30.3920762360077],[-97.8322466541353,30.392071236533],[-97.8321526535257,30.3920652374729],[-97.8320286536771,30.3920532370271],[-97.8319316535927,30.392038236274],[-97.8318356542316,30.3920222374829],[-97.8317626544366,30.3920112366173],[-97.8316816542458,30.3919972369933],[-97.8316036535297,30.3919852365391],[-97.8314796545794,30.391959236454],[-97.8313996533152,30.391939236205],[-97.8313096538018,30.3919172360038],[-97.8312656534209,30.3919042375028],[-97.8311766546307,30.3918792369831],[-97.8311210534062,30.3918647359969],[-97.831079653648,30.3918492369709],[-97.830978753977,30.3918172369994],[-97.8309136539667,30.3917942356331],[-97.8308446543697,30.3917692366351],[-97.8307346538665,30.3917252361512],[-97.8306766532419,30.3917012367242],[-97.8306006548705,30.3916692367043],[-97.8304806543216,30.3916162367693],[-97.8303946541079,30.3915762369015],[-97.8303056535211,30.3915322371056],[-97.8302366539241,30.3914982370737],[-97.8301734538506,30.3914654365394],[-97.8301556546316,30.3914562372002],[-97.8300666540448,30.391410236617],[-97.8299586540898,30.3913502370701],[-97.8297476533043,30.3912322362785],[-97.8295966536915,30.3911542361759],[-97.8294206539644,30.3910552359859],[-97.8292346532933,30.390952236535],[-97.8290726529116,30.3908642371361],[-97.8289546538091,30.3907972377432],[-97.8287406526506,30.390682237406],[-97.8286246522996,30.3906192370627],[-97.8285526532279,30.3905792367868],[-97.8284276526561,30.3905102356718],[-97.8282866530891,30.3904302365641],[-97.8281606526924,30.3903602357414],[-97.8280236542217,30.3902802365109],[-97.8279166531933,30.3902192366661],[-97.8278336533526,30.3901702359122],[-97.8276536534275,30.390061236345],[-97.8274046530072,30.3899112365001],[-97.8273206524433,30.3898582363862],[-97.8271906536453,30.3897672364013],[-97.827052653553,30.3896722363436],[-97.8268806522272,30.389549236246],[-97.8267586538251,30.3894582359734],[-97.826680653109,30.3894002360023],[-97.8265716524308,30.3893172363712],[-97.8263986521784,30.389195236216],[-97.8262056527329,30.3890512366117],[-97.825792652281,30.3887522355339],[-97.825662653483,30.388657236814],[-97.8255756516477,30.388596235956],[-97.8254946532535,30.3885352358347],[-97.8253766523544,30.3884492366026],[-97.8252756529704,30.3883772358897],[-97.8251596517211,30.3882972365853],[-97.8250106517582,30.3881932361517],[-97.8248926508591,30.3881082354693],[-97.824809652815,30.388054235526],[-97.8247136525555,30.387986236129],[-97.8245816523111,30.3878922370671],[-97.8244576515642,30.3878042364619],[-97.8243396524617,30.3877212362499],[-97.8242066523924,30.3876282357886],[-97.8239996518048,30.3874802361217],[-97.8237856506463,30.3873312358223],[-97.8235726520075,30.3871792363905],[-97.8234736522733,30.3871122367953],[-97.8233536517244,30.3870292367703],[-97.8232146509089,30.3869332359627],[-97.8230266523846,30.3868062361861],[-97.8228846511961,30.3867042349952],[-97.8227576518728,30.3866122363064],[-97.8226676514611,30.3865472371553],[-97.8225676510037,30.3864752358158],[-97.822383651779,30.3863402359703],[-97.8222506517096,30.3862412363266],[-97.8221816512143,30.3861892361919],[-97.8221066517695,30.3861332366715],[-97.8220376521725,30.3860822345756],[-97.8219556512585,30.3860202355627],[-97.821888650413,30.3859702353801],[-97.8217996507246,30.3859052350271],[-97.8216806517972,30.3858162360829],[-97.8204618508573,30.384987036102],[-97.8203235507278,30.3848928365478],[-97.8196120517851,30.3843825351412],[-97.818973850878,30.383937734934],[-97.8186656514805,30.3837002359456],[-97.8185606492035,30.3836062350853],[-97.81836364956,30.3834612360954],[-97.8182456495592,30.3833832359885],[-97.8180776502281,30.3832912364979],[-97.8179516498314,30.3832202355345],[-97.8178206503101,30.3831452358143],[-97.8176626501264,30.383065236101],[-97.8175486494252,30.3830132366009],[-97.8174376508938,30.3829682363704],[-97.8173276503906,30.3829312358725],[-97.8171806500775,30.3828772353932],[-97.8170206502439,30.3828132357622],[-97.8167106506226,30.3827192363735],[-97.8165966508197,30.3826882346427],[-97.8163996493796,30.3826362349419],[-97.8162096512055,30.3825952355906],[-97.8160246494609,30.3825592361839],[-97.815878649871,30.3825372361955],[-97.8157986504034,30.3825282359521],[-97.8156726491084,30.3825182352503],[-97.8154916493584,30.3825082360974],[-97.815362649487,30.3824982353936],[-97.8152246484964,30.3824912360627],[-97.8149716487764,30.3824852348645],[-97.8147986494224,30.3824852348645],[-97.8145976495809,30.3824842359563],[-97.8143666487039,30.3824832354983],[-97.814159649913,30.3824832347234],[-97.8139226482899,30.3824782355327],[-97.8136886497348,30.3824702365172],[-97.8134696494517,30.3824572352094],[-97.8133186489407,30.3824432357663],[-97.8131326491678,30.382420236068],[-97.8129976485503,30.3824012358751],[-97.8128786487246,30.3823802347603],[-97.8126596493398,30.3823352357883],[-97.8124956493083,30.3822932358507],[-97.8122906492688,30.3822432360859],[-97.8121006483997,30.3821882347653],[-97.8118596492736,30.3821102351923],[-97.8116436493636,30.3820352353952],[-97.8113386488667,30.3819212360583],[-97.8110746483778,30.381817235813],[-97.8107576481854,30.3816912360532],[-97.8104636484575,30.3815752353803],[-97.8102106487375,30.3814732357037],[-97.8099236486823,30.3813442348662],[-97.809789648788,30.381282235947],[-97.8095826473022,30.3811872346144],[-97.8093586478945,30.3810732358382],[-97.8092086481067,30.3809962350737],[-97.8090616477936,30.380916235151],[-97.8089536487368,30.380851236086],[-97.8087776472131,30.3807432351236],[-97.8086386481943,30.3806522359494],[-97.8084816478354,30.3805482343537],[-97.8083406464718,30.3804452346763],[-97.8081946486786,30.3803332352198],[-97.8079156472227,30.3801282350104],[-97.8076976476628,30.3799682360036],[-97.8075256481336,30.3798292353026],[-97.807290647957,30.3796512347907],[-97.8071306481234,30.3795292349667],[-97.8068866468276,30.3793242346208],[-97.8067556473064,30.3791842340619],[-97.8066636463466,30.3790912355505],[-97.8065676469854,30.3789912350441],[-97.8065026466881,30.3789162351784],[-97.8064376481874,30.3788402355347],[-97.8063586476464,30.3787482340924],[-97.80626564776,30.3786332350738],[-97.8061706464271,30.3785092353065],[-97.8060836481851,30.378385234607],[-97.8060036478191,30.3782672344327],[-97.8059456471945,30.3781702353649],[-97.8058626473538,30.3780182348584],[-97.8058036469043,30.3779062357208],[-97.8057476459294,30.3778082357888],[-97.8057036464468,30.3777192348957],[-97.8056666466369,30.3776422345886],[-97.8056136469335,30.3775282355526],[-97.8054726464682,30.3771982344936],[-97.8054186469398,30.3770372348265],[-97.8052376471899,30.3764542342326],[-97.8052056474028,30.3763462353865],[-97.8051586457505,30.3761862348387],[-97.805066645689,30.3758712340364],[-97.8049926460691,30.3756032353692],[-97.8048366464335,30.3750652339876],[-97.8047976469738,30.3749392348236],[-97.8047556462427,30.3748062348409],[-97.804712646585,30.3746782342672],[-97.8046646478027,30.3745542349078],[-97.8046266463713,30.3744572344805],[-97.8045876469115,30.3743492349782],[-97.8045366459596,30.3742212345811],[-97.8044426462482,30.373987234427],[-97.8044006455171,30.3738902342121],[-97.8043556462096,30.373792234129],[-97.8042946470085,30.3736612344576],[-97.8041776468327,30.3734162338793],[-97.8040856458729,30.3732292337649],[-97.8039986467325,30.3730332345003],[-97.8039296462373,30.3728832333188],[-97.8038396467239,30.3726872341355],[-97.8037946456197,30.3725862334935],[-97.8037416459163,30.3724562343169],[-97.8036876472862,30.3723332334761],[-97.8036236450172,30.3721932345299],[-97.80355664507,30.3720422338197],[-97.8034906458461,30.37189023386],[-97.8034216453508,30.3717342337167],[-97.8033666468958,30.3716112335177],[-97.8032926463777,30.3714552329292],[-97.8032476452735,30.3713592330991],[-97.8032016461411,30.3712662333434],[-97.8031456460646,30.3711662333574],[-97.8031006458588,30.3710872329396],[-97.8030776462925,30.3710462341693],[-97.8030256455157,30.3709542331418],[-97.802985646231,30.3708892328776],[-97.802917646459,30.3707832329145],[-97.8028416453927,30.3706712340131],[-97.8027496462295,30.3705412338402],[-97.802617645985,30.370349233841],[-97.8024756456948,30.3701532342281],[-97.8022786460513,30.3698892338595],[-97.8020006453186,30.3695112329186],[-97.8012076449252,30.3684752322644],[-97.8011236443612,30.3683742326968],[-97.8010436457919,30.3682872337222],[-97.8009486453574,30.3681862331852],[-97.8008796457604,30.3681152336509],[-97.800822645859,30.3680592338507],[-97.8007566448384,30.3679982325372],[-97.800681646292,30.3679332326331],[-97.8005906460554,30.367862232915],[-97.8005076453164,30.3677962323121],[-97.8004266451256,30.3677312322736],[-97.8003606459016,30.367683233255],[-97.8002486457487,30.3675912329385],[-97.8001316446745,30.3675152330162],[-97.799981645785,30.3674252322159],[-97.7998876460736,30.367368232958],[-97.7997986445885,30.3673142339567],[-97.7996476458741,30.3672292329423],[-97.7994966453631,30.367146233084],[-97.7993276444103,30.3670542322623],[-97.7992206460768,30.3669942324886],[-97.799060645345,30.3669112324308],[-97.7987526453734,30.366745232104],[-97.7986346453726,30.3666802321421],[-97.7985056446029,30.3666092330644],[-97.7983486451423,30.3665162326662],[-97.7980536446913,30.3663372328674],[-97.7979826445461,30.3662862320681],[-97.7979166453222,30.3662362326416],[-97.7978416440808,30.3661812339405],[-97.7977926445754,30.3661432326637],[-97.7976746436762,30.3660462331926],[-97.797539643957,30.3659122336611],[-97.7974776440328,30.3658462332922],[-97.797356643659,30.3657032324694],[-97.7972786429428,30.3656092321289],[-97.7972386445565,30.3655622334749],[-97.79716464314,30.3654772332629],[-97.7971036430406,30.3654052326789],[-97.7970556442584,30.3653392327429],[-97.7970406441898,30.3653192324716],[-97.7970136435273,30.36528123241],[-97.7969776435422,30.3652332321887],[-97.796908643047,30.3651372324506],[-97.796864645361,30.3650732336063],[-97.7968326437773,30.3650262323695],[-97.7968016447135,30.3649782327981],[-97.7967606438073,30.3649132324368],[-97.7966856443625,30.3647902321833],[-97.7966756434185,30.3647732329427],[-97.7965866446283,30.3646172322959],[-97.7964756451986,30.364426232934],[-97.7963976444824,30.3642882332562],[-97.7963236439643,30.3641672319575],[-97.7961176440999,30.3638212319978],[-97.7958936428956,30.3634182331294],[-97.7958246432987,30.3633232322638],[-97.7957556437017,30.3632262323209],[-97.7956826439068,30.3631292322818],[-97.7956106439367,30.3630302323825],[-97.7955406445148,30.3629352326902],[-97.7954506441032,30.3628162318113],[-97.7953546429454,30.3626932320208],[-97.7952516430132,30.3625752315094],[-97.7952137430914,30.362533033181],[-97.7950126435369,30.3623092310559],[-97.7948696434218,30.3621522320136],[-97.7944746443099,30.361733232595],[-97.794120642511,30.3613532321085],[-97.7940814436252,30.3613088326987],[-97.7940329426847,30.361256031782],[-97.7936276434898,30.3607622325407],[-97.7935836431088,30.3607052324998],[-97.7933776423462,30.3605432321207],[-97.7934026433589,30.3606452327065],[-97.7932636425434,30.3605012321221],[-97.7931606435095,30.3603822321574],[-97.7930609421911,30.360269831456],[-97.7929486428991,30.3601432311071],[-97.7927516432556,30.3600222316564],[-97.7926776436358,30.3599902321162],[-97.7925936439702,30.3599642328212],[-97.7925406433684,30.3599742319546],[-97.7924756430711,30.3599532314478],[-97.792375643512,30.3599322324867],[-97.7922586424378,30.3599342315391],[-97.7921476421097,30.3599362321416],[-97.7922966420726,30.3600152322665],[-97.792400642728,30.3600552326489],[-97.7926046429425,30.3601292323442],[-97.7912766418984,30.3608612324104],[-97.7908236412636,30.3607022320072],[-97.7908576424971,30.3605982316671],[-97.7909236426193,30.3603912313391],[-97.7911026418212,30.3598962317106],[-97.7912426424616,30.3595202322855],[-97.7913077424719,30.3593679330389],[-97.791345643292,30.3592782316932],[-97.791375642531,30.3592182317996],[-97.7914536432471,30.3590432322874],[-97.7915396416642,30.3588312321446],[-97.7916886425254,30.358516232016],[-97.7917876431579,30.3583162314448],[-97.7918936434631,30.3581162304648],[-97.7920566418731,30.3578142318454],[-97.7921596436019,30.3576322310363],[-97.7924026423779,30.357234231954],[-97.7925186418305,30.3570452312386],[-97.7928876427998,30.3564652314389],[-97.7933676431988,30.355699230951],[-97.7935696428651,30.3554042307916],[-97.7938166427374,30.3550312310459],[-97.7938616429432,30.3549602312635],[-97.7940466437894,30.354674230909],[-97.794452642772,30.3540532313127],[-97.7946456422175,30.3537372313256],[-97.7948416420361,30.3534162296412],[-97.7950176435598,30.3531202303665],[-97.7951076430732,30.3529642305141],[-97.795304643615,30.352623230403],[-97.7953796439581,30.3524942302603],[-97.7954256430905,30.35241823101],[-97.7956336426047,30.352070230588],[-97.7959096436875,30.3515992306921],[-97.7960656442214,30.3513292298429],[-97.7962136434611,30.3510652298255],[-97.7962746435605,30.3509662301198],[-97.7963526433783,30.3508472294092],[-97.7964446425415,30.3507242285226],[-97.7964966433183,30.3506612303342],[-97.7965946432276,30.3505482300859],[-97.7966806443396,30.3504452298144],[-97.7967186439745,30.3503972292896],[-97.7967716436779,30.3503252292336],[-97.7968486427725,30.3502162294246],[-97.7970076436795,30.3499742298486],[-97.7973456437883,30.3494242290797],[-97.7974816442307,30.3492032288134],[-97.7976526430366,30.3493122289755],[-97.7978086444689,30.3494192289739],[-97.7980226438308,30.3495722297681],[-97.7982286436951,30.3497262303412],[-97.7984176447393,30.3498682296984],[-97.7986316441012,30.350034229985],[-97.7987906441099,30.3501562309501],[-97.7990086445681,30.350336229364],[-97.7993876437865,30.3506072298613],[-97.7997426436137,30.3508092291518],[-97.8000886450167,30.3509602293122],[-97.8002796439142,30.3510212296241],[-97.8003646434046,30.3510642290459],[-97.8004316451484,30.3511282300793],[-97.8005396433068,30.3512022303257],[-97.8006056443274,30.3512222303827],[-97.8006726442745,30.3512272311715],[-97.8007576437651,30.351239230428],[-97.8007966441231,30.3512542296902],[-97.8012716453976,30.3514522291938],[-97.8017286453321,30.3515662299478],[-97.8021346443146,30.3516702305878],[-97.8026126459621,30.3517352304472],[-97.80330364535,30.3517642295954],[-97.8036376452609,30.3517202289331],[-97.8039526449051,30.3516902297739],[-97.804073645279,30.3516672305933],[-97.804520646066,30.3515432299628],[-97.8048316455124,30.3514332291844],[-97.8050766457347,30.3513232298329],[-97.8053686467111,30.3511852302741],[-97.8054816457907,30.3511412293515],[-97.805839645991,30.3509392299712],[-97.8063416470296,30.3506642295844],[-97.8065936460264,30.3504992296015],[-97.8068156466825,30.3503382293875],[-97.8069326450618,30.3502642300381],[-97.8071076458623,30.3501402284049],[-97.8072356459088,30.3500562295349],[-97.8073206453993,30.3500202305508],[-97.8073626461304,30.3499952293966],[-97.8074326464506,30.3499122288678],[-97.8074556460168,30.3498582295321],[-97.8074946463749,30.3498012301147],[-97.8080006458149,30.3492862291684],[-97.8081636460215,30.3491082288718],[-97.8084672469431,30.348834528801],[-97.8086346461997,30.3486422295932],[-97.8090287451997,30.3481788289588],[-97.8091126469489,30.348069229839],[-97.8094890464428,30.3475634286747],[-97.8095362457245,30.3475028293245],[-97.8096066466933,30.3473642282288],[-97.8096536474473,30.3472922274916],[-97.8098462462442,30.3470133283058],[-97.8099338472557,30.3468741295895],[-97.8100036463533,30.3467322282182],[-97.810014646224,30.3466992297087],[-97.8100386465134,30.3466452293752],[-97.8102557468597,30.3462946276653],[-97.8103266463935,30.3461842279424],[-97.8104116476806,30.3460302279973],[-97.8104856464022,30.3459292285108],[-97.8105396459305,30.3458862291583],[-97.8105556467224,30.3458592283834],[-97.8105676473162,30.3458282289201],[-97.8105826464866,30.3457652283551],[-97.8106216459463,30.3456712282364],[-97.8107426463201,30.3454802283194],[-97.810780645955,30.3454092285839],[-97.8108196472113,30.3453392288598],[-97.810866647067,30.3452982293748],[-97.8108976461308,30.345245228332],[-97.8110146463067,30.3449512277316],[-97.8110386474945,30.3449042292308],[-97.8110686467333,30.3448772274097],[-97.8111116463911,30.34485122875],[-97.8111626464447,30.3447972273968],[-97.8112286474652,30.3447502280469],[-97.8112786467956,30.3446862274935],[-97.8113296468493,30.3445892284528],[-97.811372646507,30.3445022277049],[-97.8116856473997,30.3440612277767],[-97.8119224469019,30.3437311285162],[-97.8126096473144,30.3427732277222],[-97.8128186475518,30.3425322284389],[-97.8130176468451,30.3422772272452],[-97.8132466480723,30.3420182273259],[-97.8137326483191,30.3413652270614],[-97.8147786475343,30.3401652265642],[-97.814832647961,30.3401082269286],[-97.8149536465381,30.3399802274627],[-97.8150626463181,30.3398732279988],[-97.8151666469734,30.3397662260921],[-97.8160766466445,30.3387362259712],[-97.8168236479055,30.337985227553],[-97.8168696488346,30.3379412261228],[-97.8169206470916,30.3379042264203],[-97.8169476486524,30.3378672267038],[-97.816962648721,30.3378342267562],[-97.8169826479142,30.3377872263888],[-97.8170716476026,30.3376842258677],[-97.8171136465371,30.3376312261294],[-97.8171716480601,30.3375602261278],[-97.8173386475663,30.337396227456],[-97.8174126480845,30.3373462256695],[-97.8174556477422,30.3373122269521],[-97.8174746480087,30.3372652271093],[-97.8175096481689,30.3372152260313],[-97.8175646475221,30.3371512259785],[-97.8176696471041,30.337018226559],[-97.8176926475687,30.3370002269967],[-97.8177626469905,30.3369702264268],[-97.8178016482469,30.3369472268881],[-97.8178176472421,30.3369292265376],[-97.8178556486736,30.3368702262696],[-97.8178866477374,30.336826225889],[-97.8179196473494,30.3367982271166],[-97.8179756483242,30.3367832256389],[-97.8180186479819,30.336762225582],[-97.8180576474416,30.3367192268544],[-97.8180686473123,30.3366792262361],[-97.8180686482106,30.3366352257697],[-97.8180806479062,30.3365982263488],[-97.8181156480663,30.3365582264564],[-97.818378647832,30.3362782259763],[-97.8183996468501,30.3362642261251],[-97.8184536490734,30.3362442268879],[-97.8184846481372,30.3362312264125],[-97.8185086475283,30.3362072265441],[-97.8185276477949,30.3361642260221],[-97.8185486486096,30.3361152260894],[-97.8185796476735,30.3360722263024],[-97.8186256486025,30.3360322269704],[-97.8186716486333,30.3360072268949],[-97.8186856479787,30.3359922268466],[-97.8187006489456,30.3359582261084],[-97.8189756484069,30.3356492262004],[-97.8190456478288,30.3355562250587],[-97.8192556469927,30.335324225777],[-97.8194416476639,30.3351032254621],[-97.8195116479841,30.3350162255871],[-97.8196126482664,30.3348952260783],[-97.8197496485338,30.334769226341],[-97.8198616477885,30.3346422262694],[-97.8199746486647,30.3345072254205],[-97.8200176483224,30.3344202257914],[-97.8200956481402,30.3343202253557],[-97.820180648529,30.3342462255258],[-97.820281647913,30.3341422265296],[-97.8203436478373,30.3340612260941],[-97.8203906485913,30.3339612252919],[-97.8205036476709,30.333810225267],[-97.8206076483263,30.3336652261022],[-97.8207446485936,30.3334632263197],[-97.8208026492183,30.3333962263611],[-97.8208576476732,30.3333462256332],[-97.820939647689,30.3332782254086],[-97.8210636484359,30.3331442251926],[-97.8212536484067,30.3329262259537],[-97.8221296477425,30.3318542253172],[-97.8222696483829,30.3316562249355],[-97.8223196477133,30.3315622244496],[-97.8223626482693,30.3314992255582],[-97.8225766476312,30.3312452252968],[-97.822603649192,30.3312052247683],[-97.8226586485453,30.3311342255344],[-97.8230006488521,30.3307022246745],[-97.8237526492377,30.3298282243292],[-97.8239106503197,30.3296822244729],[-97.8239606478535,30.3296122251337],[-97.8240106489805,30.3295412247449],[-97.8243606487849,30.3292232242503],[-97.8244496493717,30.3291432238511],[-97.8245116492959,30.3290662240739],[-97.8245426483598,30.3290052248117],[-97.8248576489024,30.3287492245954],[-97.824911549616,30.3287021252715],[-97.8251636501224,30.3284822250017],[-97.8259786493589,30.3277912237366],[-97.8261456497635,30.3276322246542],[-97.8261726504259,30.3275882247746],[-97.8262016489416,30.3275492237724],[-97.8262286505024,30.3275162257751],[-97.8264676499787,30.3273032229973],[-97.8266386505813,30.3271392234296],[-97.8269996502563,30.3268552236989],[-97.8277376503982,30.3262932240872],[-97.8284896507838,30.3256922233861],[-97.8294526501582,30.3250682236472],[-97.8305836506605,30.3245282244969],[-97.83176364977,30.3240292238002],[-97.8330386520089,30.3235612232081],[-97.8338317512171,30.3233425233726],[-97.8342426523061,30.3232292225192],[-97.8353726520851,30.322976222813],[-97.8354946513856,30.3229382225923],[-97.8355286517208,30.3229112232427],[-97.8355386508682,30.3228961234855]]]},"properties":{"ZIPCODE":"78730"}},{"type":"Feature","geometry":{"type":"Polygon","coordinates":[[[-97.8829966617013,30.2866322147552],[-97.8834736617273,30.2866652141071],[-97.8837656618053,30.2867492145935],[-97.8840096613045,30.2868542141307],[-97.8842476627524,30.2870182144019],[-97.8844936619015,30.2872362141583],[-97.8848626619724,30.287580214283],[-97.8851626624464,30.2879432154472],[-97.8854846617633,30.2883512148124],[-97.8857766618414,30.2886412136224],[-97.8859386631214,30.2888602150657],[-97.8860146623911,30.2890612146318],[-97.8860956625819,30.2893782145075],[-97.8861696631001,30.2897902150785],[-97.8863006635196,30.2902632148409],[-97.8864836629194,30.2907802147863],[-97.88664066238,30.2911902144426],[-97.8868006631118,30.2915502151491],[-97.8871466627182,30.2922972149596],[-97.8873696640976,30.2927752149383],[-97.8876556634296,30.2931932164473],[-97.8878286636819,30.2934642160579],[-97.8881376634784,30.2940792155221],[-97.8883466646141,30.2943522161785],[-97.8885846624689,30.294613216087],[-97.8888276630414,30.2948092157072],[-97.889146663782,30.2950192152534],[-97.8895086632819,30.2952342156711],[-97.8897516647528,30.2953642158032],[-97.8899786645335,30.2954812153094],[-97.890291664528,30.2955932157003],[-97.8906266642637,30.2956252161209],[-97.8908916636793,30.2956162164157],[-97.8911776639095,30.2955652160024],[-97.8914746640104,30.2954692162018],[-97.8919256649955,30.2952322152978],[-97.8921076645703,30.2950972159898],[-97.8923336645261,30.2948192145139],[-97.8926376642998,30.2944862143788],[-97.8928996642406,30.2941592158501],[-97.8931626649046,30.2937802150762],[-97.8938406638737,30.2930182152789],[-97.894444665918,30.2921062149026],[-97.894942664962,30.2914862147409],[-97.8956536653397,30.2907662146392],[-97.8963706646669,30.2902102134953],[-97.8969336649066,30.2898242139978],[-97.8971026658593,30.2897282140075],[-97.897322665069,30.2896402143216],[-97.8974966651463,30.2895742145054],[-97.8977116652315,30.2895052150732],[-97.8985806657929,30.289324214376],[-97.8989486651406,30.2892532142726],[-97.8998256669963,30.2892102148625],[-97.9003116672431,30.2892852144348],[-97.9005766657604,30.2894302141177],[-97.9011256666547,30.2899742144733],[-97.9014356662761,30.2904552144561],[-97.901768666362,30.2910032147003],[-97.9019686672768,30.2913272141518],[-97.9021146668667,30.2916532145308],[-97.9021646670954,30.2919542149203],[-97.9021196668896,30.2922232136415],[-97.9019876675434,30.2924852143886],[-97.901706667336,30.2928042137051],[-97.9015066664211,30.2930072149158],[-97.9011496660458,30.2933192153576],[-97.9001536670594,30.2942732158167],[-97.899872666852,30.2945392157407],[-97.8995776672992,30.2947012151893],[-97.8989166671502,30.2948852162302],[-97.898333666819,30.2953052153231],[-97.8979056662985,30.2956412159395],[-97.8975056653671,30.2960512154416],[-97.8971726652812,30.2964702159596],[-97.8970576647552,30.2966512158796],[-97.8969846658586,30.2968362161468],[-97.8969406654776,30.2970472157865],[-97.8969606655691,30.2972252168572],[-97.8970036661251,30.2974352158835],[-97.8970786664682,30.297650215658],[-97.8973056662489,30.2979972158006],[-97.8981956667267,30.2989012160445],[-97.8989576671581,30.2994952160244],[-97.8993736661864,30.2997982158934],[-97.9004926678914,30.300576215538],[-97.9009066672699,30.3008642167219],[-97.9020476669196,30.3020322164272],[-97.9023656678352,30.3023672159834],[-97.9026556673651,30.3026282170508],[-97.9034746685962,30.3032292165156],[-97.9036956676308,30.3033862169897],[-97.9041456669943,30.303603216327],[-97.9046786679951,30.3037932175468],[-97.9051586683941,30.3039172181525],[-97.905722669357,30.3040512164667],[-97.9061156679208,30.3041772169369],[-97.9064036686992,30.3042692171409],[-97.9066976693254,30.3044212174239],[-97.9069406681013,30.3045712165128],[-97.9071526687117,30.3047292168664],[-97.9073426695808,30.3048992164716],[-97.9077606691573,30.3053912166788],[-97.908496668751,30.3079672175724],[-97.9087443693091,30.3084103173272],[-97.9091037690846,30.3090531180829],[-97.9095426697628,30.3098382170999],[-97.9096289700138,30.3099991179481],[-97.9096826704032,30.3100992184394],[-97.9096216703038,30.3104722172129],[-97.9096424698959,30.3105463179841],[-97.9099536696665,30.3116562183005],[-97.9102246698282,30.3123802186067],[-97.9110896701917,30.3138202187071],[-97.9114427700821,30.3144089185643],[-97.9115036704684,30.3147402186364],[-97.9127140712621,30.314956017981],[-97.9118876697097,30.318792218942],[-97.9125837706301,30.3193771202503],[-97.9149236717394,30.3213432197046],[-97.9147076718294,30.321668219225],[-97.914188670174,30.3221762191358],[-97.9141196714753,30.3222732202205],[-97.9140856711401,30.3223692201363],[-97.9140726716197,30.3224852196828],[-97.9140856711401,30.3226572200944],[-97.9141106703562,30.3227642205363],[-97.91412267095,30.3228182200844],[-97.914151670364,30.3228832197164],[-97.9142016714911,30.3229442204651],[-97.9143516712789,30.3230812207751],[-97.915343671864,30.3237122204258],[-97.9155006722228,30.3238212202806],[-97.9157996719736,30.3240682207762],[-97.916618671408,30.3247622212117],[-97.9170316718599,30.324412220391],[-97.9171036718299,30.3243312196618],[-97.9171396709166,30.3242372206748],[-97.9171176720736,30.3239992200318],[-97.9170816720886,30.323912219597],[-97.9169536729404,30.3237412201216],[-97.917362672296,30.3232032204372],[-97.9200516721995,30.3219742204698],[-97.9217047735449,30.3217047202574],[-97.9224967732151,30.3215756196615],[-97.9231676736969,30.3214662195116],[-97.9248226740808,30.3225392201601],[-97.9225646732742,30.3240871198658],[-97.9223486733641,30.324235220118],[-97.9216936730629,30.3244932202778],[-97.9211806730519,30.3248132203916],[-97.9210176728453,30.3248772199787],[-97.9208656734077,30.3249142207266],[-97.9207189731319,30.324950320441],[-97.9206626730181,30.3249642195565],[-97.9205106717838,30.3249702204069],[-97.9203436722775,30.3249702211822],[-97.9202126727563,30.3249602207985],[-97.919785672959,30.3248132203916],[-97.9193006725371,30.3245182201911],[-97.918788672351,30.3243702203946],[-97.9182756723401,30.3244202195021],[-97.9172216718307,30.3246902201348],[-97.9160886716786,30.3252232203907],[-97.9153646717804,30.3255312211412],[-97.91423167073,30.3258952216253],[-97.913462670626,30.3263622216649],[-97.9126936705219,30.3269022207843],[-97.9122376713107,30.3272472199986],[-97.9120666707081,30.3276152212843],[-97.9120096717051,30.3279602210885],[-97.911952670007,30.3282552210023],[-97.9118616706687,30.3284262211264],[-97.9118786703872,30.3293362212038],[-97.9098256705183,30.3307432209684],[-97.908225570673,30.3320181216215],[-97.9077246691722,30.3324172219006],[-97.9048406692751,30.3353982224662],[-97.9025176690695,30.3375032234248],[-97.9013246686429,30.3385842238751],[-97.8996896692488,30.3398922248255],[-97.8980776694209,30.3407852234764],[-97.8962726674525,30.3414702246898],[-97.8946616674496,30.3419062257237],[-97.8922216670681,30.3424882259516],[-97.8913946654411,30.3426152243731],[-97.8896636657875,30.3428802247915],[-97.8876276656371,30.343069725777],[-97.8872246661293,30.3431072243453],[-97.8850236652241,30.3432852254782],[-97.8839006651178,30.3434382250087],[-97.8821306633095,30.3436652248189],[-97.8805526629185,30.3439742257842],[-97.8802485643302,30.3440538264393],[-97.8789746643241,30.3443872248511],[-97.8780277627595,30.3447394257517],[-97.8774206633242,30.3449652263405],[-97.8745278635305,30.3462426264407],[-97.8734416620115,30.3467222261809],[-97.8720936626725,30.3474782267684],[-97.8696756611341,30.3494452271953],[-97.8669316618773,30.3514242276283],[-97.8666786603607,30.3515962283698],[-97.8649636614989,30.3527622286959],[-97.8628246596197,30.3538992290228],[-97.861821659164,30.3543352273976],[-97.8603646591468,30.3547222277853],[-97.8591306587123,30.3548882283638],[-97.8581216584088,30.3548742280737],[-97.8571446596889,30.3547362280971],[-97.8562956583207,30.354446228759],[-97.8545016580196,30.3537132279977],[-97.8534745584597,30.3531594281556],[-97.8521946568092,30.3524692281878],[-97.8508326563282,30.3515342284168],[-97.8492156555792,30.3499172273979],[-97.8480776563025,30.3483682274343],[-97.8474739560922,30.347140627071],[-97.8471206567758,30.3464222273809],[-97.8463616558192,30.3439942273184],[-97.8455196559203,30.3405382256048],[-97.8462026549122,30.3406612253385],[-97.8461646552774,30.3402872258768],[-97.8461072556257,30.339799226939],[-97.8460885553964,30.3396399256096],[-97.8460709556034,30.3394905260107],[-97.8460195557995,30.3393511258743],[-97.8459231548914,30.3385211256119],[-97.8457730544922,30.3370428247665],[-97.8457126544675,30.3365741257799],[-97.845717155027,30.3364641244586],[-97.845753553864,30.3364279250962],[-97.8453786545566,30.332624224805],[-97.845374854683,30.3326057243384],[-97.8453669540001,30.3325669238223],[-97.8453086551348,30.3322822234115],[-97.8452536539849,30.3320142247223],[-97.8451226535653,30.3313732245524],[-97.8449806541734,30.3300112251163],[-97.844724653182,30.3287342234353],[-97.8442346536356,30.3276452231697],[-97.8439616547224,30.3270392233125],[-97.8436296544614,30.3264882229146],[-97.8436224535661,30.3264058243187],[-97.8436556535023,30.3263112232914],[-97.8436716542942,30.3262612235984],[-97.8436976533351,30.3262102228461],[-97.8437036549795,30.3261942233649],[-97.8437016535331,30.3261772228469],[-97.8436633538609,30.3261648242918],[-97.8436319541485,30.3261289227506],[-97.8435906550016,30.326034223756],[-97.8435716538367,30.3260172224349],[-97.8435456538975,30.3260032234429],[-97.8436694534217,30.3258841233745],[-97.8440856536726,30.3254832239076],[-97.8440626532081,30.3254412228196],[-97.8441396540993,30.3246932232823],[-97.8441466546703,30.3246262227517],[-97.8440628535324,30.3242244240889],[-97.8439990533843,30.3240745233163],[-97.8439102540202,30.3237998219833],[-97.8438131533245,30.3236195219904],[-97.8437742535777,30.3235584231845],[-97.8422936521231,30.3219242232155],[-97.8421556529291,30.3217772236805],[-97.8418736528968,30.3213472232627],[-97.8415526534048,30.3207052219793],[-97.8413846540736,30.3190662224534],[-97.8414916533054,30.3188182221949],[-97.8416826531011,30.3185882219319],[-97.8424296525655,30.3180442221416],[-97.8426136526885,30.3178912217049],[-97.8428116539536,30.3176342207884],[-97.8430476530568,30.3171842207705],[-97.8432066530654,30.3161012222226],[-97.8432896529061,30.3151672213476],[-97.8433566546499,30.3145052224218],[-97.8435566528698,30.3136862213399],[-97.843630653388,30.3135232203021],[-97.8443836535985,30.3127662208214],[-97.8452076530558,30.3119672202613],[-97.8452546538097,30.3119022211424],[-97.8453556540921,30.3117442199429],[-97.8455066537048,30.3112732191503],[-97.8455436535147,30.3110472206666],[-97.845580654223,30.310538220025],[-97.8455796534998,30.3102562210943],[-97.8455856533475,30.3101582200989],[-97.8455896535455,30.3101262197684],[-97.8455996535913,30.31007022091],[-97.8458386530675,30.3101242204745],[-97.8459566530683,30.3101452200386],[-97.8460846540132,30.3101632206585],[-97.8462006534658,30.3101762207164],[-97.8463446543041,30.3101892207725],[-97.8465056548609,30.3102062201872],[-97.84662465289,30.3102162205257],[-97.8467826539721,30.3102292198011],[-97.8469066538206,30.3102362204243],[-97.8470576543317,30.3102462199843],[-97.8471886538529,30.3102562203188],[-97.84729265361,30.3102672202977],[-97.8473776531005,30.3102782195],[-97.8474946541747,30.3103002194518],[-97.8476196547465,30.3103242202397],[-97.8477116539097,30.3103432196959],[-97.8478076532708,30.3103682201177],[-97.8479396535153,30.3104052193654],[-97.8480546540413,30.3104412205064],[-97.8482186531745,30.3105022204707],[-97.8484466545768,30.3106002203466],[-97.8487506534521,30.3107542209508],[-97.8490876555326,30.3109752203676],[-97.8492776546051,30.3111232202354],[-97.8494896534189,30.311308221113],[-97.8500086559726,30.3117982209116],[-97.8503706545742,30.3121282207565],[-97.8504926556713,30.3122342206636],[-97.8507666553077,30.3124392212195],[-97.8509806555679,30.3125672202331],[-97.8512046549756,30.3126852213205],[-97.8512586554023,30.3127122211616],[-97.8514516557461,30.3128052207296],[-97.8523396547775,30.3132022216953],[-97.8527366553358,30.3133742205674],[-97.8528926558698,30.3134412194873],[-97.8537236558981,30.3138222202522],[-97.8541646559391,30.3140042203146],[-97.8548536556771,30.3142992203795],[-97.855302656114,30.3144962213478],[-97.8561166555256,30.3148432207991],[-97.8566176567393,30.3150552208292],[-97.8568796557818,30.3151682209431],[-97.8571486562937,30.3152862204495],[-97.8578606573946,30.3156052208024],[-97.8580956566729,30.3157132207814],[-97.8583456569181,30.3158302215936],[-97.8585736565238,30.3159452207645],[-97.8588086567004,30.3160882213997],[-97.8589846573258,30.3162112208247],[-97.859084656885,30.3162952208162],[-97.8591806562461,30.3163732209099],[-97.8594386568873,30.316607221594],[-97.8596906576807,30.3168492206731],[-97.8598716565323,30.3170152218877],[-97.8601546581862,30.3172732216755],[-97.860481657526,30.3175582216162],[-97.8605916571309,30.3176372210503],[-97.8606896579385,30.3177042217083],[-97.8608396577263,30.3178002214484],[-97.860991657164,30.3178852211964],[-97.8611646574163,30.3179712204375],[-97.8614056574407,30.3180762214375],[-97.861586658089,30.3181432210197],[-97.8616966576939,30.3181812215495],[-97.8616702589026,30.3182433209468],[-97.8616296577467,30.3183342215333],[-97.8618326581363,30.3183492219599],[-97.8620586580921,30.318409222092],[-97.8623136583602,30.3184572204653],[-97.8625386575928,30.3184872212783],[-97.8627746575944,30.3185052219168],[-97.8630466584793,30.3185152206331],[-97.8634076581543,30.3184722208729],[-97.8636726584681,30.318429221094],[-97.8648376584073,30.3181732211534],[-97.864884658263,30.3181632208514],[-97.8649316581186,30.3181522217587],[-97.8656306579024,30.3179982211485],[-97.8654816579395,30.3178072207553],[-97.8654576585484,30.3177132209367],[-97.8654336591573,30.3176182214573],[-97.8654066593931,30.317531220784],[-97.865396658449,30.3175052210669],[-97.8653856594767,30.3174862214483],[-97.8653666583118,30.3174612212914],[-97.865320658281,30.3174112209585],[-97.8650506588426,30.3171302212188],[-97.8650036598853,30.3170772204379],[-97.8649616582559,30.3170292213886],[-97.8649076587275,30.3169602211146],[-97.864858659222,30.3168922211455],[-97.8648076582701,30.3168102208235],[-97.8647456592441,30.3166922216014],[-97.8646776585737,30.3165542205303],[-97.864616657576,30.3164202199224],[-97.8644996582985,30.3161012206717],[-97.8643326587922,30.315547220463],[-97.8641206581818,30.3149252204408],[-97.8640576584326,30.3146862208398],[-97.8640036589043,30.3144432206932],[-97.8639866582875,30.3143492207493],[-97.8639776571684,30.3143152202525],[-97.8639706592923,30.3142952196353],[-97.8639596585233,30.3142742209604],[-97.8639456573813,30.3142532215057],[-97.863930658211,30.314237219296],[-97.8639026577236,30.3142162206087],[-97.8638516585683,30.3141852204333],[-97.8637036584303,30.314107220149],[-97.8635296592513,30.3140072206877],[-97.8633046582221,30.3138392205876],[-97.8632116583357,30.3137222205001],[-97.8631886578712,30.3136242206441],[-97.8631886578712,30.3134962191335],[-97.8634156585502,30.3128772204596],[-97.8634846572488,30.31274021984],[-97.8635756574854,30.3126122210523],[-97.8637116579279,30.3125632201937],[-97.8639166579673,30.3125442203924],[-97.8642346579846,30.3125342202913],[-97.8644276583285,30.3125042199822],[-97.8645646585958,30.3124362200228],[-97.8646556579341,30.3123282187587],[-97.8649516582101,30.3117972205062],[-97.8651326579601,30.3115132197283],[-97.8653376579995,30.3112382195016],[-97.8654966580081,30.310982220162],[-97.8656106587093,30.3107662197387],[-97.8657016580476,30.3105212198924],[-97.8658156587487,30.3102662191012],[-97.8658606598529,30.3100692189359],[-97.8659176597543,30.309500218522],[-97.866054658225,30.3092352200654],[-97.8661566583322,30.3089702193412],[-97.8661886581193,30.3087892188973],[-97.8661676582029,30.3085472193025],[-97.8661106591998,30.3083712195039],[-97.8653266581288,30.3068192193739],[-97.865223659095,30.3066622197445],[-97.8650536583174,30.3064952183711],[-97.8647916574782,30.3062892181053],[-97.8646556570358,30.3061712186239],[-97.8645536587252,30.3060542186891],[-97.8644506578947,30.3059062189227],[-97.8638136580352,30.3047582183026],[-97.863677658491,30.3044832192882],[-97.8636316584603,30.3043062186909],[-97.8636436572575,30.3041782181956],[-97.8636886574634,30.3039922188869],[-97.8637856575477,30.3037912188993],[-97.8638256577307,30.3036482181595],[-97.8638236580809,30.3035182189277],[-97.8637686578293,30.3033242183096],[-97.8636776575927,30.303177218793],[-97.8635166570359,30.3029712185349],[-97.8633826571416,30.3028632184752],[-97.8632576565698,30.3027882184283],[-97.8629216579075,30.30262221871],[-97.8627866572899,30.3025312182359],[-97.8626716576622,30.302423218467],[-97.8625756583011,30.302307218439],[-97.8624796571433,30.3021582187167],[-97.8624126562978,30.3019672184759],[-97.8623836577821,30.3017522188602],[-97.8624126562978,30.3011552178265],[-97.8625276586205,30.3004922175863],[-97.8625666580802,30.3003592172569],[-97.8626236570833,30.3002512181978],[-97.8627866563916,30.3000612178696],[-97.8629216561109,30.2999612164876],[-97.8630561572651,30.2998615174886],[-97.8630935577236,30.2997970175867],[-97.8638336581266,30.2994972170863],[-97.8644636574152,30.2996772178703],[-97.8646366567692,30.3000422179716],[-97.8646366567692,30.3002482181791],[-97.8645826572408,30.3005042176305],[-97.864425656882,30.3009172177391],[-97.8644146570114,30.300992217666],[-97.8644416576739,30.3010952172137],[-97.8644576584657,30.3012352178108],[-97.8644096578868,30.3013422176007],[-97.8643336577188,30.3015112171396],[-97.8641986571013,30.3015902186506],[-97.864154658517,30.301655218403],[-97.86417665736,30.3019232187047],[-97.8642146569948,30.3023712187656],[-97.8643066579546,30.302721218431],[-97.8643986580161,30.303122217234],[-97.8645176587402,30.3034912173295],[-97.8647176578584,30.3039342178793],[-97.8649766592228,30.3043642187027],[-97.8653656584869,30.3049282178575],[-97.8657716574694,30.3054042181451],[-97.8659546595642,30.3055492195885],[-97.866025658811,30.3056942192663],[-97.866122657997,30.3058662189055],[-97.8662256588275,30.3061042178365],[-97.8663886599325,30.3062542190034],[-97.8666806591122,30.306451219081],[-97.8669946589315,30.3065812190767],[-97.8671086596327,30.3066332188717],[-97.8674466597415,30.3067482187526],[-97.8678196582137,30.3068282188263],[-97.8680196591286,30.3068462185043],[-97.8682036592516,30.3068322190997],[-97.8684876589337,30.3066982191582],[-97.8687586599937,30.3064882182562],[-97.8689806597516,30.3062592189867],[-97.8691316602626,30.3060302184067],[-97.8692796595023,30.3057452190646],[-97.8693546589471,30.3055072184865],[-97.8693766586884,30.3052832185095],[-97.86932265916,30.3050592180205],[-97.8692556601112,30.3049052177753],[-97.8690066587925,30.3045312182777],[-97.8689336589976,30.3044382178389],[-97.8687116592397,30.3040882188744],[-97.868524659642,30.3038642179817],[-97.8684976580812,30.3037802181936],[-97.8684816581876,30.3037282184364],[-97.8684606582712,30.3035462186813],[-97.8684706592153,30.3033312186504],[-97.8684656591924,30.3031352182257],[-97.8684056580197,30.3028702180733],[-97.86843865853,30.3025982168119],[-97.8685086597484,30.3024822177666],[-97.868589659041,30.3023752184453],[-97.868622658653,30.302291218157],[-97.8686496593154,30.3020162176514],[-97.868632659597,30.3018342170449],[-97.8686116596806,30.3017732186666],[-97.8685416584621,30.301703217226],[-97.8684436594511,30.3016752177216],[-97.8681516584748,30.3016752184971],[-97.8680706582839,30.3016152182025],[-97.868033658474,30.301484218091],[-97.8680116587327,30.3013772176805],[-97.8679986583139,30.3011162171609],[-97.8680526578423,30.3009102180014],[-97.8681446597004,30.3007522184734],[-97.8682736595718,30.3006212172088],[-97.8684416580047,30.3003692178244],[-97.8686086584093,30.300098216354],[-97.8688356590883,30.2997302164267],[-97.8689996591198,30.2993492167284],[-97.8691186598438,30.2990552179648],[-97.869279658604,30.2987452182345],[-97.8695166584304,30.298456218041],[-97.8696966592538,30.2981942169577],[-97.8699276583342,30.297882216513],[-97.8701496598887,30.2976622168257],[-97.8704426588933,30.2974762167896],[-97.8707126592301,30.2973222178188],[-97.87091166032,30.2972472174115],[-97.8711876596062,30.2971822170639],[-97.8716306601953,30.2971822170639],[-97.8720196603577,30.2972192166346],[-97.8724626591502,30.2972752166292],[-97.8730876602125,30.2973322163693],[-97.8733686604199,30.2974312167779],[-97.8735566598425,30.2975472163696],[-97.874717660482,30.2983442162663],[-97.8749936597683,30.2984882167517],[-97.8752356605159,30.2986332167898],[-97.8756146597343,30.298820217496],[-97.875938661396,30.2989462169329],[-97.8761866610931,30.2989922167854],[-97.8765386614456,30.2989692168619],[-97.8768736602831,30.2989132162834],[-97.877257661321,30.2988102159949],[-97.8776516606079,30.2986892175282],[-97.8779866603437,30.2985542175499],[-97.8783816621505,30.2983442162663],[-97.8787386616276,30.2981202169868],[-97.878900661111,30.2980082171551],[-97.8790676606173,30.2978772161025],[-97.8792786614028,30.2976622168257],[-97.8794306617387,30.2974572171664],[-97.8794786614193,30.2973082170543],[-97.8795386616937,30.2970982162047],[-97.8796136611385,30.2969302165974],[-97.8797646616496,30.2966822161709],[-97.8800396620092,30.2964312157574],[-97.8802726616377,30.296259215854],[-97.8804836624232,30.2961422165004],[-97.8807806625241,30.2959792165384],[-97.8810456610414,30.2957872161025],[-97.8813266630454,30.2954562157448],[-97.8814886607321,30.2950502160606],[-97.8815696618213,30.2945512157378],[-97.8815586619507,30.2940892159545],[-97.8814566618434,30.2936272155461],[-97.8812506610808,30.293113216107],[-97.8811266612322,30.2928382162336],[-97.8810186621755,30.2925252152108],[-97.8807646617323,30.292059215867],[-97.880439661144,30.2914332156074],[-97.8803916614634,30.2911072144973],[-97.8803696626204,30.2909062152453],[-97.8803696617221,30.2907192157373],[-97.8804076613569,30.2905892156536],[-97.8804836615249,30.2904532155367],[-97.8805376601549,30.290313214284],[-97.8805756606881,30.2900612147836],[-97.8806076613734,30.2898422136946],[-97.8805916605816,30.2891982149875],[-97.880629662013,30.288685214699],[-97.8807316603237,30.2884092141776],[-97.8808236612835,30.2881342143023],[-97.8810236613,30.2878452154191],[-97.8812186603954,30.2875512139718],[-97.8814776608615,30.2872942149584],[-97.8817696609395,30.2870652150771],[-97.8820506611469,30.286883214648],[-97.8821394623077,30.286841314925],[-97.882385661781,30.2867252142402],[-97.8826616610672,30.2866452140546],[-97.8829966617013,30.2866322147552]]]},"properties":{"ZIPCODE":"78733"}},{"type":"Feature","geometry":{"type":"Polygon","coordinates":[[[-97.8041356407117,30.2322782062108],[-97.8044406394119,30.2322702065708],[-97.8045926388495,30.2322682064668],[-97.8047486393835,30.2322692069069],[-97.8052386389299,30.2322942062651],[-97.8054486398905,30.232319206393],[-97.8056006402265,30.2323382062066],[-97.8059516407541,30.2323972072792],[-97.8061826398344,30.2324472059241],[-97.8063536395387,30.2324932066729],[-97.8065126404456,30.2325342059893],[-97.8066646407816,30.2325802066974],[-97.8068216402421,30.2326312064619],[-97.8085636406647,30.2333212063816],[-97.8087866411457,30.23340520594],[-97.8090066412538,30.2334962068681],[-97.8093636407308,30.2336292062223],[-97.8095776409911,30.2337092069201],[-97.8097706413349,30.2337712068922],[-97.8099306420668,30.2338172062454],[-97.8101256411622,30.2338702062159],[-97.8103346413995,30.233916207075],[-97.8105186397259,30.2339492062946],[-97.8106876406786,30.2339752072006],[-97.8108856419437,30.2340012073236],[-97.8110806428357,30.2340172063212],[-97.8111956424634,30.2340272058875],[-97.8109876402543,30.2339762068472],[-97.8117466412109,30.2339412067905],[-97.8118206426274,30.2338612070576],[-97.8117746408,30.2338152069489],[-97.8116786405405,30.2337372064116],[-97.8116766408907,30.2336442064066],[-97.8116516407763,30.2334762068504],[-97.8117499416213,30.233245706916],[-97.811933641707,30.2330832063377],[-97.8121166411067,30.2330812070263],[-97.8124076422582,30.2330752067632],[-97.8126606419782,30.2330632070122],[-97.8128256409363,30.2330502076036],[-97.8128833424219,30.2331742060117],[-97.8135589419909,30.2334082064495],[-97.8131008407219,30.2337362067625],[-97.8139396417202,30.2338576058418],[-97.8140816420104,30.2338412063381],[-97.8167246418831,30.2335662065097],[-97.8169576424099,30.2335372065422],[-97.8170606423421,30.2335252068476],[-97.8172506423129,30.2335242056441],[-97.8174206439888,30.2335082057901],[-97.8175966428176,30.2334942060127],[-97.817957643391,30.2334752064225],[-97.8180666422726,30.2334732055668],[-97.8181446420904,30.2334712062632],[-97.8182516422205,30.2333652058635],[-97.8183136430431,30.2333062053719],[-97.8183926435841,30.2332242058137],[-97.818397643607,30.2330952060864],[-97.8184016429067,30.2330092069502],[-97.8184044438537,30.2329421065386],[-97.8184077433657,30.2329105063463],[-97.8184089426167,30.2328759071704],[-97.8184146433255,30.2327802054091],[-97.8184276428459,30.2326702064009],[-97.8184846436456,30.2326772055723],[-97.8185446430218,30.2326662054326],[-97.8186297440219,30.2326208062685],[-97.8188976440975,30.2326482053427],[-97.8191843441154,30.2326984064307],[-97.8195406438048,30.2327622061161],[-97.8196746428008,30.2327892062186],[-97.8197626426644,30.2328082051652],[-97.8198536437993,30.232826205226],[-97.8199526435335,30.2328482062444],[-97.820087644151,30.2328812058224],[-97.8202346435658,30.2329242066201],[-97.8203926437495,30.2329802052661],[-97.8205596441541,30.2330402056096],[-97.8207116444901,30.2331022060037],[-97.8208740437238,30.2331719055638],[-97.821063244194,30.2332583058162],[-97.8217644439519,30.2335786059044],[-97.8228792451347,30.2340879064304],[-97.8231776439125,30.2342242066038],[-97.8233249442629,30.2342903057208],[-97.8234116442642,30.2343292056582],[-97.8241419449458,30.2346483062598],[-97.8243846445828,30.2347372058642],[-97.8247026437018,30.2348562055083],[-97.8248706457279,30.2349172066722],[-97.8250926436891,30.2349852060293],[-97.8254326452443,30.2351022061029],[-97.8256546450022,30.2351762062434],[-97.8263626459052,30.2353622063714],[-97.8266546450849,30.2354192063652],[-97.8267939450394,30.2354442064746],[-97.8272516456598,30.2355262065094],[-97.8278600458557,30.2356153063325],[-97.8283236457125,30.2356832058647],[-97.8289296456099,30.2357982066274],[-97.8291946459238,30.23583820649],[-97.8293966446919,30.2358712066166],[-97.8296056458275,30.2359062052101],[-97.8298186462629,30.2359362064337],[-97.8300226455791,30.2359632064407],[-97.8302826467684,30.2359922072447],[-97.8305206464198,30.2360132063764],[-97.831153645183,30.2360562058041],[-97.8313526471713,30.2360612054836],[-97.8317416464354,30.2360692063674],[-97.8321056464835,30.2360672063406],[-97.8324836476736,30.2360732071971],[-97.8329436470828,30.2360752064477],[-97.833201647724,30.2360772064744],[-97.8338016477736,30.2360742052702],[-97.834854648458,30.2360682059659],[-97.8361388467506,30.2360791056072],[-97.8373176475074,30.2360892066336],[-97.8385186492282,30.2361002056142],[-97.8390856487676,30.2361002056141],[-97.839434648747,30.236099205213],[-97.8397456481933,30.2361132061716],[-97.8398646498156,30.2361112069218],[-97.8408196496925,30.2361182058483],[-97.8415706484565,30.236132205252],[-97.8424656498556,30.2361352049022],[-97.8430156496765,30.2361202058741],[-97.8442256489232,30.2360882062324],[-97.8446746502584,30.2360602050821],[-97.8450636495225,30.2360312066264],[-97.8453146495926,30.2360112055723],[-97.84550564849,30.2359922056925],[-97.8457586500067,30.2359642060671],[-97.8460586504806,30.2359302063449],[-97.8466296511162,30.2358592056546],[-97.8467826494805,30.2358422050007],[-97.8469276492454,30.2358202054284],[-97.8471286508835,30.2357852060283],[-97.8491356507216,30.2354082057563],[-97.8493376512863,30.2353702057598],[-97.8504616503193,30.2351652048311],[-97.8508696507483,30.2351072050548],[-97.8510636500187,30.2350792044013],[-97.8514836510416,30.2350272054947],[-97.8515516508136,30.2350332056386],[-97.8516316520779,30.2350422054656],[-97.8516996509517,30.2350562057987],[-97.8517566517514,30.235074206224],[-97.8517996514091,30.2351002052802],[-97.8518356522924,30.2351442055182],[-97.8518666504579,30.2351942050944],[-97.8518926521938,30.2352482055085],[-97.8519056517143,30.2352842055093],[-97.8519176514098,30.235326205623],[-97.8519256518058,30.2353722050247],[-97.8519326523768,30.235419204813],[-97.8519326514785,30.2354702046569],[-97.8519296511054,30.2355192052125],[-97.8520296515628,30.235510204653],[-97.8521296520203,30.2355002060137],[-97.8522206522569,30.2354922058597],[-97.8524336517939,30.2354782048126],[-97.8526366521835,30.2354642060919],[-97.8530786520494,30.2354482057775],[-97.8539326516439,30.2354352051321],[-97.8545646514806,30.2354282053809],[-97.8550196535619,30.2354292065649],[-97.8553566520491,30.235435204356],[-97.8555066518369,30.2354402056193],[-97.8563666521776,30.2354702046569],[-97.8565056520947,30.2354732043273],[-97.8567601528996,30.235482405127],[-97.8570605531238,30.2354893055321],[-97.8574507525372,30.2354835048766],[-97.8578463535203,30.235482405127],[-97.8582059527218,30.2354743040771],[-97.8592198542335,30.2354767045894],[-97.8592706539629,30.2354499054618],[-97.8597923541574,30.235403604965],[-97.859944353595,30.2353821051108],[-97.8600037537948,30.2353704044445],[-97.8600550529875,30.2353632044517],[-97.860402754003,30.2353054042532],[-97.8605081533353,30.2352870049483],[-97.8606581531232,30.2352611052839],[-97.8610417535124,30.2351847054641],[-97.8612603531469,30.2351383054998],[-97.861482954776,30.2350850050805],[-97.8618986546653,30.2349668043361],[-97.8622607529799,30.2348579044267],[-97.8626121541561,30.2347513040315],[-97.8630412542145,30.234614604888],[-97.8639656547778,30.2343262044006],[-97.8644236545372,30.234182203691],[-97.8646026546374,30.2341342044423],[-97.8647626553693,30.2340922045955],[-97.8649196548298,30.2340462045949],[-97.8650876550593,30.2340202044838],[-97.8652386555704,30.2340002045727],[-97.8654286555411,30.2339782045882],[-97.8655876555498,30.2339632044549],[-97.86574865431,30.2339502051654],[-97.865903655019,30.2339432045323],[-97.8660966553628,30.2339432053084],[-97.8662586557445,30.2339482043192],[-97.8664576550378,30.2339642056539],[-97.8666346545898,30.2339792050109],[-97.8669336552389,30.234014204278],[-97.8672046562989,30.234044205303],[-97.8674186556608,30.2340602050698],[-97.8676686559061,30.2340712042774],[-97.8679486562885,30.2340662044966],[-97.868398655652,30.2340572045801],[-97.8689146551377,30.2340462038187],[-97.8712516564854,30.2339892045811],[-97.8716996553007,30.2339642041017],[-97.8721826569711,30.2339202041117],[-97.8723226567132,30.2339712039572],[-97.8725736567834,30.2339472038962],[-97.8726926557107,30.2339512040361],[-97.8727456563125,30.2339572042457],[-97.8728256557801,30.2339672038181],[-97.8729726560932,30.2339722036038],[-97.8731906565514,30.2339782038121],[-97.8734616567131,30.2340012042191],[-97.8739506573329,30.2340732035687],[-97.8742016565048,30.234125203756],[-97.8744696562934,30.234191203596],[-97.8749836570276,30.2343492047262],[-97.8752566577374,30.234476203525],[-97.8755766565062,30.2346522039236],[-97.875672657664,30.2346972047775],[-97.8757696577484,30.2347412044197],[-97.8758836575512,30.2347962039448],[-97.8760356578871,30.2348912044631],[-97.8761506575149,30.2349582049777],[-97.8762306569825,30.2349632047131],[-97.8763276579652,30.2350232038463],[-97.8763946561157,30.2350722054008],[-97.8765446577002,30.2351832044603],[-97.876582657335,30.2352122047183],[-97.8768326575803,30.2353992044104],[-97.8770586575361,30.2355762043391],[-97.8772586575526,30.2357682038093],[-97.8774546582695,30.2359632041124],[-97.8776306579966,30.2361752046276],[-97.8777616575179,30.2363312040998],[-97.8778926588357,30.2365002046068],[-97.8780496582963,30.2367292052435],[-97.8783286579555,30.2371212047597],[-97.8793256585635,30.238583204836],[-97.8799586600217,30.2394892051632],[-97.880450659218,30.2401892047785],[-97.8805906580617,30.2403762058674],[-97.8807266594025,30.2405412049806],[-97.8810636596864,30.2409482054375],[-97.8812326588425,30.2411522048207],[-97.8813706598331,30.2413032055181],[-97.8815376593393,30.2414902060396],[-97.8816946605965,30.2416692050019],[-97.8818616592044,30.2418422054625],[-97.8820126588171,30.2419952065581],[-97.8821356588408,30.2421122060483],[-97.8822326598235,30.2422072049283],[-97.8846996608675,30.2446012050571],[-97.8848196596197,30.2447222065787],[-97.8849376596205,30.2446702057891],[-97.8850496606718,30.2446532066592],[-97.8851636604746,30.2446552049593],[-97.8857936606615,30.2446902058572],[-97.8864336608941,30.2447702060891],[-97.886972560233,30.2448616054672],[-97.8870586610581,30.2448762058304],[-97.8873376607173,30.2449472054394],[-97.8875756603687,30.2450442060793],[-97.8876406615643,30.2450902063653],[-97.8877066607883,30.2451432064656],[-97.8878176620147,30.2452422059762],[-97.8878866607133,30.2452782069728],[-97.8879866602724,30.2452952059945],[-97.888085660905,30.2452982061411],[-97.8881816602661,30.2452852060225],[-97.8884356607093,30.2452662056073],[-97.8887186614649,30.2452662063833],[-97.8888496618844,30.2452822050995],[-97.8889636616872,30.2453252059044],[-97.889041661505,30.245394206128],[-97.8890996621297,30.2454772051518],[-97.8891356612164,30.2455862065963],[-97.8891596615058,30.2457852064798],[-97.8889196613063,30.2459052054659],[-97.8887786617393,30.2459932063366],[-97.8887336615335,30.2460229064865],[-97.8887140611923,30.2460384060935],[-97.8886935616375,30.2460584066592],[-97.888684662028,30.2460732062836],[-97.8886886613276,30.2461452061027],[-97.8886536620658,30.2462052069464],[-97.8886156615327,30.2462902074321],[-97.8885936617914,30.2463792067025],[-97.8885836608473,30.2464882063704],[-97.8885796606494,30.2466762066314],[-97.8885706613269,30.2467622062262],[-97.8885476617606,30.2468372064161],[-97.8885106619507,30.2469092064514],[-97.8884336619578,30.2470722064334],[-97.8885576609081,30.2471352060255],[-97.8890476613528,30.2473772065589],[-97.8918186630687,30.2487352058126],[-97.8936776627688,30.2496302066515],[-97.8939876632885,30.2497802064754],[-97.8943016631079,30.249931206331],[-97.8945236628657,30.2500392056791],[-97.894773663111,30.25016120697],[-97.8965396629247,30.2510212062761],[-97.8968006630406,30.2511482068116],[-97.8975736633426,30.251523205968],[-97.8977026641123,30.2515852071185],[-97.8978276637858,30.2516442067251],[-97.897951662736,30.2517052060049],[-97.8980506642668,30.2517522072942],[-97.8981366635822,30.2517962062849],[-97.8982326638417,30.2518452072364],[-97.8983426634466,30.251901206742],[-97.8984646645436,30.2519662068209],[-97.8985556638819,30.2520132064335],[-97.8986756635325,30.2520772069757],[-97.8987826636626,30.252133207125],[-97.898875663549,30.2521862065302],[-97.8989676645089,30.2522382064459],[-97.8990856636113,30.2523122076514],[-97.8991856640688,30.2523772066824],[-97.8993006636965,30.2524532067006],[-97.8993856649836,30.2525102076457],[-97.8994596646035,30.2525602069227],[-97.8995246631042,30.2526022066372],[-97.8996006641705,30.252656206022],[-97.8996826650845,30.2527162067693],[-97.8997686644,30.2527782071669],[-97.899843664743,30.2528352071474],[-97.8999236642107,30.2529002081603],[-97.8999806650104,30.2529482067795],[-97.9000396636633,30.2529972071564],[-97.9000976642879,30.2530482071902],[-97.9001566647375,30.2530972082932],[-97.900208664616,30.2531402064539],[-97.9002546637484,30.2531782065631],[-97.9002986650277,30.2532172061088],[-97.9003396650356,30.2532542082897],[-97.9003936645639,30.2533012065099],[-97.9004626650592,30.2533652077649],[-97.9005366646791,30.2534322065487],[-97.900605664276,30.2534962077184],[-97.9006946639645,30.2535782066586],[-97.9007726637823,30.2536522068547],[-97.9024416662066,30.2552892066765],[-97.9040546658593,30.2568622066643],[-97.9044246648569,30.2572002081575],[-97.9044946651771,30.2572782071432],[-97.9048756658419,30.2576612084062],[-97.9054186659901,30.2581992076722],[-97.9065886659522,30.2593192085024],[-97.906785666494,30.2595352081632],[-97.9069146654671,30.2596832088348],[-97.9069286666091,30.2596992083069],[-97.9070836664198,30.2599022081716],[-97.9072626665199,30.2601442075156],[-97.9073256662691,30.2602422072727],[-97.9074496661177,30.2604652083032],[-97.9075536658748,30.260683208849],[-97.907623666195,30.2608862090075],[-97.9076726665988,30.2610362087137],[-97.9077426669189,30.2612602080861],[-97.9078166665388,30.2615262082777],[-97.9078426664781,30.2616332079269],[-97.9078716658921,30.2617592085682],[-97.9080526674387,30.2626002078081],[-97.9082756670214,30.2635942076509],[-97.9083576670372,30.2639692097234],[-97.9084836674339,30.26457020862],[-97.908573666049,30.2649472095077],[-97.9086016665363,30.2650572088518],[-97.9087256681816,30.2654872086321],[-97.9087766673368,30.2656472085207],[-97.9088426683574,30.2658732084331],[-97.9089586669117,30.2662232095298],[-97.9091846677659,30.2668612095292],[-97.9091946678116,30.2668892096603],[-97.9093266680561,30.2673012092267],[-97.9094056676988,30.2675232088865],[-97.9094716660244,30.2676882089583],[-97.9094976677603,30.2677482098327],[-97.9096016675174,30.2679662097266],[-97.9096966679519,30.2681462101782],[-97.909803668082,30.2683302098159],[-97.9099506683952,30.2685712092667],[-97.9099756685095,30.2686092088364],[-97.9102456670496,30.2690352090897],[-97.9110006687066,30.2701052092809],[-97.9111396677254,30.270308210132],[-97.9116426676907,30.2710352093923],[-97.912079668432,30.2716842095811],[-97.9124356680841,30.2722042105486],[-97.9126256689533,30.2724892103802],[-97.9128626678814,30.2728772098579],[-97.9130906692837,30.2732792112224],[-97.913357668349,30.2737742102874],[-97.9134224683221,30.2738933108291],[-97.9138446693191,30.2746692094847],[-97.9140516690083,30.2750622104526],[-97.9140652695017,30.2750877109497],[-97.914174669032,30.2752922104214],[-97.9142596685224,30.2754472106192],[-97.9143894696911,30.2756736107784],[-97.9143966696881,30.2756862112201],[-97.9145626693695,30.2760072116211],[-97.9147036689365,30.2762602107503],[-97.9147976686478,30.2764302116048],[-97.9148556692724,30.2765592102907],[-97.9149606688544,30.2768042119829],[-97.9150816692282,30.2770422116224],[-97.9151726694648,30.2772012113142],[-97.9151836684372,30.2772182110172],[-97.9153846700753,30.2775462116918],[-97.9155466695587,30.2778192110366],[-97.915716669438,30.2781812118809],[-97.9161266695168,30.2790292121583],[-97.9162356710934,30.2792512116701],[-97.9164186704931,30.2796402107499],[-97.9165336701209,30.2799102129378],[-97.9165706699308,30.2799972113124],[-97.9167186691705,30.2804742123186],[-97.9167756699702,30.2807162113781],[-97.9168206701761,30.2809602120568],[-97.9168396704426,30.2811002126936],[-97.9168566692628,30.2813942117518],[-97.9168626700089,30.2815772122167],[-97.9168626691105,30.2816702110633],[-97.9168586707092,30.2819432113472],[-97.9168546696129,30.2820552116815],[-97.9168486697651,30.2821622122278],[-97.9168366700696,30.2823732116292],[-97.9168126697802,30.2826642125224],[-97.91679567096,30.2829112127847],[-97.9167786712416,30.2831682131953],[-97.9167606699016,30.2833802134559],[-97.9167436692848,30.2835972128458],[-97.9167176702439,30.2838642121587],[-97.9166866693834,30.2842122121159],[-97.916673669863,30.2843742131061],[-97.9166556703196,30.2845932132151],[-97.916644670449,30.284747213555],[-97.9166196694363,30.2851432126542],[-97.9166116699387,30.2854402124812],[-97.9166136704868,30.2857062123126],[-97.9166286687588,30.2859742127605],[-97.9166576708678,30.2862372122482],[-97.9166976701524,30.2865012140215],[-97.9167526713023,30.2867642128721],[-97.9168266700239,30.2870352124042],[-97.9168446704655,30.2870872140321],[-97.9169236692099,30.2873392134157],[-97.9172476708716,30.2882512131249],[-97.9174516710861,30.2887852136169],[-97.9175716698384,30.2890792129172],[-97.917702670258,30.2893592133155],[-97.9178426700001,30.2896322131474],[-97.9179846702903,30.2898892137924],[-97.9181206698344,30.2901082132251],[-97.9182656704977,30.2903172129042],[-97.9184266710545,30.290511213659],[-97.9186046713297,30.2907072129444],[-97.9188956706845,30.291017214038],[-97.9191066705717,30.2912062126577],[-97.9192176717982,30.2912922135875],[-97.9193156717074,30.2913702141853],[-97.9194366702846,30.291459212932],[-97.9195176704755,30.2915192132356],[-97.9198026717792,30.2917082147663],[-97.9202696708611,30.2919952134639],[-97.9207426715874,30.2922762138994],[-97.9216916725148,30.2928332140145],[-97.9219516710092,30.2929862140077],[-97.9220206715044,30.2930272136711],[-97.9221526717489,30.2931102150943],[-97.9224336728546,30.2932762146273],[-97.9226176720793,30.2933852142052],[-97.9228396727355,30.2935172140939],[-97.9229466719673,30.2935862138065],[-97.9230316714578,30.2936452145451],[-97.9231826710705,30.293747213464],[-97.9233156711399,30.2938442139876],[-97.9234716725722,30.2939632141551],[-97.923585672375,30.2940522136516],[-97.9236966727031,30.294143215014],[-97.9238146718055,30.2942412141792],[-97.923906671867,30.2943222141831],[-97.9240096726975,30.2944102143222],[-97.9241306730713,30.2945212138032],[-97.9242416725011,30.2946282139387],[-97.9243396733087,30.2947302141622],[-97.9244426723426,30.2948362142668],[-97.9245066719167,30.2949012138426],[-97.9245796717116,30.2949792138971],[-97.9246676715751,30.2950772145539],[-97.9247786719032,30.2952092137167],[-97.9252336730862,30.2957422137644],[-97.9253606733078,30.2958862141927],[-97.9255166729434,30.296067214415],[-97.9256466735381,30.2962192134522],[-97.9257746726863,30.2963682144434],[-97.9257016728913,30.2963772148552],[-97.9256456728149,30.2963802149923],[-97.9255806716192,30.2963762142924],[-97.9255296724639,30.2963722151436],[-97.9254626725168,30.2963632147314],[-97.9252316716398,30.2963472142549],[-97.924982673016,30.2963492146055],[-97.9248876734798,30.2963552141056],[-97.9248076722155,30.2963412139787],[-97.9247256721998,30.2963182149846],[-97.924643672184,30.2962842152139],[-97.9246096718488,30.2962542153608],[-97.9245816722597,30.2962302150064],[-97.9245386717037,30.2962112143661],[-97.9244196727763,30.2961642149708],[-97.9243976721367,30.2961452143178],[-97.9243326727377,30.2960802147909],[-97.9242456726991,30.2960172148027],[-97.9241696734294,30.2959952139724],[-97.9241006711375,30.2960022132852],[-97.9239956724538,30.2960272134862],[-97.9238986732678,30.2960202149508],[-97.9237686717748,30.2960022140608],[-97.9236576714467,30.2960012142698],[-97.9234456735312,30.2960082143578],[-97.9232516724641,30.296026214471],[-97.9230406734753,30.2960872140977],[-97.9230196726605,30.2960992146809],[-97.9227816712125,30.2962362145137],[-97.9226396709223,30.2963172144212],[-97.9225706722237,30.2963552141057],[-97.9225126724973,30.2964362139147],[-97.9224766725123,30.2964742143288],[-97.9223286723743,30.2966052149289],[-97.9222886721914,30.2966392153639],[-97.9222376712394,30.2966552142414],[-97.9221186723121,30.2966302149762],[-97.9220636720605,30.2966272140711],[-97.9220056723342,30.2966422147173],[-97.9217566719138,30.2967822139163],[-97.9217426725684,30.2968042153457],[-97.9217206710305,30.296860214026],[-97.9216656716772,30.2969112145415],[-97.9215826718365,30.2969452148705],[-97.9215176724375,30.296954216005],[-97.9214636711125,30.2969572153487],[-97.9214176719801,30.2969692142743],[-97.9213046720022,30.2970502159031],[-97.9209136721899,30.2973232144939],[-97.9205726717081,30.2975422151665],[-97.9203406719045,30.2976832144056],[-97.9199366716734,30.2980062145116],[-97.9196476719684,30.2983422151808],[-97.9194806724622,30.2986082149264],[-97.919356670817,30.2987472154337],[-97.9192696707784,30.2988502150128],[-97.9191766708919,30.2990682148422],[-97.9191076721933,30.2992602142833],[-97.9190866713786,30.2994702159319],[-97.9191296710363,30.2997082148782],[-97.9191566725971,30.2999082149538],[-97.9191886723841,30.300267216486],[-97.9191946713336,30.3005472151915],[-97.9191676715694,30.300752215371],[-97.9190756715079,30.300943215652],[-97.9189786705252,30.3011272166144],[-97.9188106702957,30.3014552156863],[-97.9186816713226,30.3016652165116],[-97.9185526723495,30.301816215671],[-97.9183056706807,30.3020462157416],[-97.9180536707856,30.3022632149426],[-97.9178456712714,30.3024622162859],[-97.9177376722147,30.3025602164444],[-97.9175806709576,30.3026912158938],[-97.9174076707052,30.3027982156457],[-97.9172136705365,30.3029012163984],[-97.9169436701997,30.3030312156729],[-97.9166566701445,30.3031202154705],[-97.9164846706154,30.303143215196],[-97.9162736716265,30.3031382166049],[-97.9159776713505,30.3032542172007],[-97.9157196716076,30.3033622160542],[-97.9153396698694,30.3035912158866],[-97.9149296706889,30.3038402163876],[-97.9142916701061,30.304260216678],[-97.9140556710029,30.3044062171921],[-97.9138236694027,30.3045482171225],[-97.9135196705274,30.304731217046],[-97.9128846694193,30.3050892175064],[-97.9127156693649,30.3051322169343],[-97.9126286693263,30.3051922166275],[-97.9125636708256,30.3052902163836],[-97.9125476709321,30.3053972164012],[-97.9125316692419,30.3054352172201],[-97.9124936696071,30.3055092178746],[-97.9123916712965,30.3056492175975],[-97.9121956696813,30.3058472178059],[-97.9120186701293,30.3060012173469],[-97.9120126702814,30.3060242171719],[-97.9119446705094,30.3061912170212],[-97.9118026702192,30.3064252171999],[-97.9116356698146,30.3065762175588],[-97.9113166699724,30.3067582171174],[-97.9108686693604,30.3069302172163],[-97.9101446703606,30.3071022170134],[-97.909970669385,30.3071152174773],[-97.9098646690797,30.3071312177476],[-97.9097616700459,30.3071222167719],[-97.9096366694741,30.3070892173234],[-97.9094616695719,30.307023216842],[-97.9092106686034,30.3068982181586],[-97.908951669934,30.306711217349],[-97.9086706679299,30.3065022177098],[-97.9084596698394,30.3062892165542],[-97.9080116692274,30.3057452167379],[-97.9077606691573,30.3053912166788],[-97.9073426695808,30.3048992164716],[-97.9071526687117,30.3047292168664],[-97.9069406681013,30.3045712165128],[-97.9066976693254,30.3044212174239],[-97.9064036686992,30.3042692171409],[-97.9061156679208,30.3041772169369],[-97.905722669357,30.3040512164667],[-97.9051586683941,30.3039172181525],[-97.9046786679951,30.3037932175468],[-97.9041456669943,30.303603216327],[-97.9036956676308,30.3033862169897],[-97.9034746685962,30.3032292165156],[-97.9026556673651,30.3026282170508],[-97.9023656678352,30.3023672159834],[-97.9020476669196,30.3020322164272],[-97.9009066672699,30.3008642167219],[-97.9004926678914,30.300576215538],[-97.8993736661864,30.2997982158934],[-97.8989576671581,30.2994952160244],[-97.8981956667267,30.2989012160445],[-97.8973056662489,30.2979972158006],[-97.8970786664682,30.297650215658],[-97.8970036661251,30.2974352158835],[-97.8969606655691,30.2972252168572],[-97.8969406654776,30.2970472157865],[-97.8969846658586,30.2968362161468],[-97.8970576647552,30.2966512158796],[-97.8971726652812,30.2964702159596],[-97.8975056653671,30.2960512154416],[-97.8979056662985,30.2956412159395],[-97.898333666819,30.2953052153231],[-97.8989166671502,30.2948852162302],[-97.8995776672992,30.2947012151893],[-97.899872666852,30.2945392157407],[-97.9001536670594,30.2942732158167],[-97.9011496660458,30.2933192153576],[-97.9015066664211,30.2930072149158],[-97.901706667336,30.2928042137051],[-97.9019876675434,30.2924852143886],[-97.9021196668896,30.2922232136415],[-97.9021646670954,30.2919542149203],[-97.9021146668667,30.2916532145308],[-97.9019686672768,30.2913272141518],[-97.901768666362,30.2910032147003],[-97.9014356662761,30.2904552144561],[-97.9011256666547,30.2899742144733],[-97.9005766657604,30.2894302141177],[-97.9003116672431,30.2892852144348],[-97.8998256669963,30.2892102148625],[-97.8989486651406,30.2892532142726],[-97.8985806657929,30.289324214376],[-97.8977116652315,30.2895052150732],[-97.8974966651463,30.2895742145054],[-97.897322665069,30.2896402143216],[-97.8971026658593,30.2897282140075],[-97.8969336649066,30.2898242139978],[-97.8963706646669,30.2902102134953],[-97.8956536653397,30.2907662146392],[-97.894942664962,30.2914862147409],[-97.894444665918,30.2921062149026],[-97.8938406638737,30.2930182152789],[-97.8931626649046,30.2937802150762],[-97.8928996642406,30.2941592158501],[-97.8926376642998,30.2944862143788],[-97.8923336645261,30.2948192145139],[-97.8921076645703,30.2950972159898],[-97.8919256649955,30.2952322152978],[-97.8914746640104,30.2954692162018],[-97.8911776639095,30.2955652160024],[-97.8908916636793,30.2956162164157],[-97.8906266642637,30.2956252161209],[-97.890291664528,30.2955932157003],[-97.8899786645335,30.2954812153094],[-97.8897516647528,30.2953642158032],[-97.8895086632819,30.2952342156711],[-97.889146663782,30.2950192152534],[-97.8888276630414,30.2948092157072],[-97.8885846624689,30.294613216087],[-97.8883466646141,30.2943522161785],[-97.8881376634784,30.2940792155221],[-97.8878286636819,30.2934642160579],[-97.8876556634296,30.2931932164473],[-97.8873696640976,30.2927752149383],[-97.8871466627182,30.2922972149596],[-97.8868006631118,30.2915502151491],[-97.88664066238,30.2911902144426],[-97.8864836629194,30.2907802147863],[-97.8863006635196,30.2902632148409],[-97.8861696631001,30.2897902150785],[-97.8860956625819,30.2893782145075],[-97.8860146623911,30.2890612146318],[-97.8859386631214,30.2888602150657],[-97.8857766618414,30.2886412136224],[-97.8854846617633,30.2883512148124],[-97.8851626624464,30.2879432154472],[-97.8848626619724,30.287580214283],[-97.8844936619015,30.2872362141583],[-97.8842476627524,30.2870182144019],[-97.8840096613045,30.2868542141307],[-97.8837656618053,30.2867492145935],[-97.8834736617273,30.2866652141071],[-97.8829966617013,30.2866322147552],[-97.8826616610672,30.2866452140546],[-97.882385661781,30.2867252142402],[-97.8821394623077,30.286841314925],[-97.8820506611469,30.286883214648],[-97.8817696609395,30.2870652150771],[-97.8814776608615,30.2872942149584],[-97.8812186603954,30.2875512139718],[-97.8810236613,30.2878452154191],[-97.8808236612835,30.2881342143023],[-97.8807316603237,30.2884092141776],[-97.880629662013,30.288685214699],[-97.8805916605816,30.2891982149875],[-97.8806076613734,30.2898422136946],[-97.8805756606881,30.2900612147836],[-97.8805376601549,30.290313214284],[-97.8804836615249,30.2904532155367],[-97.8804076613569,30.2905892156536],[-97.8803696617221,30.2907192157373],[-97.8803696626204,30.2909062152453],[-97.8803916614634,30.2911072144973],[-97.880439661144,30.2914332156074],[-97.8807646617323,30.292059215867],[-97.8810186621755,30.2925252152108],[-97.8811266612322,30.2928382162336],[-97.8812506610808,30.293113216107],[-97.8814566618434,30.2936272155461],[-97.8815586619507,30.2940892159545],[-97.8815696618213,30.2945512157378],[-97.8814886607321,30.2950502160606],[-97.8813266630454,30.2954562157448],[-97.8810456610414,30.2957872161025],[-97.8807806625241,30.2959792165384],[-97.8804836624232,30.2961422165004],[-97.8802726616377,30.296259215854],[-97.8800396620092,30.2964312157574],[-97.8797646616496,30.2966822161709],[-97.8796136611385,30.2969302165974],[-97.8795386616937,30.2970982162047],[-97.8794786614193,30.2973082170543],[-97.8794306617387,30.2974572171664],[-97.8792786614028,30.2976622168257],[-97.8790676606173,30.2978772161025],[-97.878900661111,30.2980082171551],[-97.8787386616276,30.2981202169868],[-97.8783816621505,30.2983442162663],[-97.8779866603437,30.2985542175499],[-97.8776516606079,30.2986892175282],[-97.877257661321,30.2988102159949],[-97.8768736602831,30.2989132162834],[-97.8765386614456,30.2989692168619],[-97.8761866610931,30.2989922167854],[-97.875938661396,30.2989462169329],[-97.8756146597343,30.298820217496],[-97.8752356605159,30.2986332167898],[-97.8749936597683,30.2984882167517],[-97.874717660482,30.2983442162663],[-97.8735566598425,30.2975472163696],[-97.8733686604199,30.2974312167779],[-97.8730876602125,30.2973322163693],[-97.8724626591502,30.2972752166292],[-97.8720196603577,30.2972192166346],[-97.8716306601953,30.2971822170639],[-97.8711876596062,30.2971822170639],[-97.87091166032,30.2972472174115],[-97.8707126592301,30.2973222178188],[-97.8704426588933,30.2974762167896],[-97.8701496598887,30.2976622168257],[-97.8699276583342,30.297882216513],[-97.8696966592538,30.2981942169577],[-97.8695166584304,30.298456218041],[-97.869279658604,30.2987452182345],[-97.8691186598438,30.2990552179648],[-97.8689996591198,30.2993492167284],[-97.8688356590883,30.2997302164267],[-97.8686086584093,30.300098216354],[-97.8684416580047,30.3003692178244],[-97.8682736595718,30.3006212172088],[-97.8681446597004,30.3007522184734],[-97.8680526578423,30.3009102180014],[-97.8679986583139,30.3011162171609],[-97.8680116587327,30.3013772176805],[-97.868033658474,30.301484218091],[-97.8680706582839,30.3016152182025],[-97.8681516584748,30.3016752184971],[-97.8684436594511,30.3016752177216],[-97.8685416584621,30.301703217226],[-97.8686116596806,30.3017732186666],[-97.868632659597,30.3018342170449],[-97.8686496593154,30.3020162176514],[-97.868622658653,30.302291218157],[-97.868589659041,30.3023752184453],[-97.8685086597484,30.3024822177666],[-97.86843865853,30.3025982168119],[-97.8684056580197,30.3028702180733],[-97.8684656591924,30.3031352182257],[-97.8684706592153,30.3033312186504],[-97.8684606582712,30.3035462186813],[-97.8684816581876,30.3037282184364],[-97.8684976580812,30.3037802181936],[-97.868524659642,30.3038642179817],[-97.8687116592397,30.3040882188744],[-97.8689336589976,30.3044382178389],[-97.8690066587925,30.3045312182777],[-97.8692556601112,30.3049052177753],[-97.86932265916,30.3050592180205],[-97.8693766586884,30.3052832185095],[-97.8693546589471,30.3055072184865],[-97.8692796595023,30.3057452190646],[-97.8691316602626,30.3060302184067],[-97.8689806597516,30.3062592189867],[-97.8687586599937,30.3064882182562],[-97.8684876589337,30.3066982191582],[-97.8682036592516,30.3068322190997],[-97.8680196591286,30.3068462185043],[-97.8678196582137,30.3068282188263],[-97.8674466597415,30.3067482187526],[-97.8671086596327,30.3066332188717],[-97.8669946589315,30.3065812190767],[-97.8666806591122,30.306451219081],[-97.8663886599325,30.3062542190034],[-97.8662256588275,30.3061042178365],[-97.866122657997,30.3058662189055],[-97.866025658811,30.3056942192663],[-97.8659546595642,30.3055492195885],[-97.8657716574694,30.3054042181451],[-97.8653656584869,30.3049282178575],[-97.8649766592228,30.3043642187027],[-97.8647176578584,30.3039342178793],[-97.8645176587402,30.3034912173295],[-97.8643986580161,30.303122217234],[-97.8643066579546,30.302721218431],[-97.8642146569948,30.3023712187656],[-97.86417665736,30.3019232187047],[-97.864154658517,30.301655218403],[-97.8641986571013,30.3015902186506],[-97.8643336577188,30.3015112171396],[-97.8644096578868,30.3013422176007],[-97.8644576584657,30.3012352178108],[-97.8644416576739,30.3010952172137],[-97.8644146570114,30.300992217666],[-97.864425656882,30.3009172177391],[-97.8645826572408,30.3005042176305],[-97.8646366567692,30.3002482181791],[-97.8646366567692,30.3000422179716],[-97.8644636574152,30.2996772178703],[-97.8638336581266,30.2994972170863],[-97.8639776571683,30.2988742170529],[-97.8637006571589,30.2984292181512],[-97.8634846581472,30.2981152165885],[-97.8631656574066,30.2976802174109],[-97.8630186570935,30.2974412168685],[-97.8629586568191,30.2973572170068],[-97.862775656521,30.2972232173001],[-97.8626186570605,30.2971392172517],[-97.8623806565108,30.2970172161668],[-97.8621476577806,30.2969382164005],[-97.8619966572695,30.2968822162135],[-97.8617036573666,30.2968492171963],[-97.8613686576308,30.2968262175458],[-97.8610816566773,30.2968262167701],[-97.8608106565157,30.2968492171964],[-97.8605026556458,30.2969282170343],[-97.8602156564889,30.2970592162523],[-97.8599456570505,30.2971902176221],[-97.8597336573384,30.2973022168367],[-97.859546655944,30.2974432171967],[-97.8592556565892,30.2977442168796],[-97.8592086567335,30.2977922176172],[-97.8587936566318,30.2982092165886],[-97.8585546562572,30.2985722179714],[-97.8583516567659,30.2991292180057],[-97.8582636569024,30.2996082185654],[-97.8582636551057,30.2997852183372],[-97.8583556569639,30.299967217318],[-97.8583606569868,30.3000942181326],[-97.8583396561721,30.3002762180911],[-97.8582786551744,30.300563218085],[-97.8581496570996,30.3011202176673],[-97.8580756565814,30.3016612175785],[-97.8580566563148,30.302171218285],[-97.8579646562533,30.3026652184444],[-97.8577246569521,30.3032062191371],[-97.8575586563724,30.3036042183672],[-97.857429656501,30.3039932185964],[-97.8571936556012,30.3043592193983],[-97.8570366561407,30.3044992192125],[-97.8567956552179,30.3046252183312],[-97.8563786563647,30.3048052182319],[-97.8560236565375,30.3049392184345],[-97.8557216564137,30.3050452183608],[-97.8555816557733,30.3050552184504],[-97.8553266555052,30.3050282188266],[-97.8549396558908,30.304933218684],[-97.8544966553017,30.3047742189576],[-97.8539996560826,30.3045192195019],[-97.8535376561253,30.3042162187116],[-97.8534096551804,30.3040932189681],[-97.8533036557735,30.3039292185531],[-97.8532356551031,30.3038132179804],[-97.8530176546449,30.3034262195699],[-97.8529296556797,30.3029582190726],[-97.8530036552995,30.3025132193167],[-97.8530766541962,30.3022422183434],[-97.8531326542727,30.3019712173965],[-97.8531136549044,30.3017002180273],[-97.8530756552696,30.3013932181118],[-97.8530036552995,30.3009042172288],[-97.8529356537308,30.3006532175397],[-97.8527506546813,30.3003722178394],[-97.8526776557846,30.3001452177417],[-97.8526716559368,30.2999952188614],[-97.8526156540637,30.2993602171558],[-97.8525606547104,30.2987552174154],[-97.8525606547104,30.2982292173857],[-97.8525056544589,30.2978152178168],[-97.8523876553564,30.2976462165612],[-97.8522526538406,30.2974482176293],[-97.8522586545866,30.297443218748],[-97.8522086552562,30.2973022176124],[-97.8521916555378,30.2971632173837],[-97.8519386549195,30.29640821756],[-97.8519132550549,30.2963307173724],[-97.8518696535259,30.2961972165454],[-97.8517726543399,30.2961122181552],[-97.8517426542026,30.295977216956],[-97.8518016546522,30.2958762170462],[-97.8518116546979,30.2956812162502],[-97.8518016555505,30.2955972172078],[-97.8516546543391,30.2953452173221],[-97.8516266538517,30.2951762164635],[-97.8516656551081,30.2950312175187],[-97.8516326545978,30.2948032168881],[-97.8516096541332,30.2947312178444],[-97.8515316543154,30.2946822165797],[-97.851503653828,30.2945662167016],[-97.8514366538809,30.2940632162244],[-97.8512956552122,30.2937192163416],[-97.8511446547012,30.293143216921],[-97.8509766535733,30.2926362160496],[-97.8508696534432,30.2923702163939],[-97.8507186538305,30.2921662163616],[-97.8504996544457,30.2919492157589],[-97.8502536543984,30.2918032168633],[-97.8498946534749,30.2916242161994],[-97.849462654553,30.2914842158425],[-97.8490036531721,30.2913872168631],[-97.848571653352,30.2913342169005],[-97.847422652408,30.2911932162896],[-97.8471926531526,30.2911892161538],[-97.8469006539728,30.2912032170163],[-97.8466316525627,30.2912902162365],[-97.8464246528735,30.2913822161215],[-97.8461466530391,30.2916102169483],[-97.8458086529303,30.2918572164058],[-97.8455076526314,30.2920862159594],[-97.8452426523176,30.2923492169007],[-97.844927651775,30.2926922155587],[-97.844789652581,30.292798217866],[-97.8445766521457,30.2928892165137],[-97.8443396532175,30.292956217024],[-97.8440316523477,30.2929932166379],[-97.8438526513492,30.2930082170643],[-97.8436896529392,30.2929932174135],[-97.8435887523698,30.292963916972],[-97.8435106519407,30.2929412173652],[-97.8433656512775,30.2928532166837],[-97.8431926510251,30.2926812174859],[-97.8430706508264,30.2925092172109],[-97.8430216531175,30.2924032169182],[-97.8429946515567,30.2922742165685],[-97.8429876527823,30.2921912167648],[-97.8429826518611,30.2919072165876],[-97.8430236527673,30.29165821681],[-97.8430856526916,30.291396217732],[-97.8431976519463,30.2911012170031],[-97.8432426521522,30.2909172166197],[-97.8432486519999,30.2906802163508],[-97.8432486519999,30.2905922167434],[-97.8432766524873,30.2905152161495],[-97.8433606512546,30.2903992159969],[-97.8434846528998,30.2902932165267],[-97.843724652201,30.2900492157885],[-97.8442966517632,30.2895402162752],[-97.8446266523744,30.2892722170366],[-97.8451036524004,30.289008216515],[-97.8455366538421,30.2888902164048],[-97.8458276531969,30.2888062162003],[-97.8460966519121,30.2886902163538],[-97.846516652935,30.2884342163141],[-97.8467416530659,30.2882742155622],[-97.8469206540643,30.2881432162455],[-97.8470106526794,30.2880422160252],[-97.847094652345,30.2878962151926],[-97.8472566527267,30.2876982151935],[-97.8477506533694,30.2873142156543],[-97.8480026523662,30.2871342146742],[-97.848058653341,30.2869992150799],[-97.8481316531359,30.2869412148811],[-97.8485796537479,30.2867472163743],[-97.8487086536193,30.2866842150454],[-97.8495076538606,30.2863292145452],[-97.8503286538431,30.2858732149614],[-97.8504396541712,30.2857922157373],[-97.8507046535868,30.2855972150614],[-97.8510296541751,30.28530721501],[-97.8512086542752,30.2851372155711],[-97.8519486540669,30.284398215586],[-97.8521846549668,30.2841452141661],[-97.8523196537877,30.2837772148854],[-97.852572654406,30.2831502153769],[-97.8526446534777,30.2827672142526],[-97.852644654376,30.2825042155476],[-97.8526056531197,30.2822682150537],[-97.8524346543138,30.2816562134948],[-97.8524436536363,30.2811442140494],[-97.8521856538934,30.2806552138288],[-97.8517486531521,30.2802492141674],[-97.8510696534598,30.279823214486],[-97.8506716548731,30.2795762149837],[-97.8503526532343,30.2793582137225],[-97.8498926529267,30.2791072139729],[-97.8496296522627,30.2789662144068],[-97.8493886522383,30.2788112135607],[-97.8491026529063,30.278579214144],[-97.8488666529048,30.2783952135479],[-97.8485076528795,30.2780712132786],[-97.8481596518267,30.2779782141242],[-97.8481936530602,30.2776642130335],[-97.848311653061,30.2774852144994],[-97.8484006527494,30.2773832134118],[-97.8486956523022,30.2772292131508],[-97.8492286524047,30.2771532144643],[-97.850026652821,30.277166213468],[-97.8511666526458,30.2774662133313],[-97.8513436539944,30.2774472129353],[-97.8526606551679,30.2774532143673],[-97.8537886543988,30.2775052140917],[-97.8540696537079,30.2775802133026],[-97.8541076533427,30.2773522132275],[-97.8541636543175,30.2772182141203],[-97.8541776545612,30.2771842131599],[-97.8543086549808,30.276998213082],[-97.8544906545557,30.27670921398],[-97.854595655036,30.2764752134931],[-97.8547096530422,30.2761352131969],[-97.8547876537583,30.2758482138739],[-97.854808654573,30.2756982127476],[-97.8548056550982,30.2755532129408],[-97.8547946543293,30.2754032136911],[-97.854743655174,30.2752402134034],[-97.8546636539097,30.2751082137479],[-97.8545886544649,30.2749912124413],[-97.8543586525146,30.2747362131288],[-97.8541686543404,30.2745762125373],[-97.8536206541693,30.2730532128426],[-97.8535176551354,30.2730152126657],[-97.852999653305,30.272478213146],[-97.8529259546207,30.2724378131372],[-97.8523936534076,30.2721462132418],[-97.8532216539611,30.271602211794],[-97.8533878530685,30.2714715129628],[-97.8547676536668,30.2703862126711],[-97.8549116536068,30.2675672116741],[-97.8549616538355,30.2658152112654],[-97.8573996554655,30.2655372113893],[-97.8585416540418,30.2635832101963],[-97.8573466539654,30.2615072102277],[-97.8619665547243,30.2568751090342],[-97.8626706551424,30.2561692092586],[-97.8601566551411,30.2551872081335],[-97.8569876539402,30.2541162088896],[-97.8575726539212,30.252986207739],[-97.8547576527227,30.2524442092439],[-97.8528327526134,30.2515450080292],[-97.8519876517301,30.2511502088594],[-97.8494186523755,30.2497212088535],[-97.8464136512062,30.2540732103802],[-97.8474075517281,30.2545494085296],[-97.8490780525423,30.2553497094101],[-97.8463203521808,30.2595488100629],[-97.8457016510036,30.260489210423],[-97.8455109512451,30.2608064112213],[-97.8453986510549,30.2609932109059],[-97.8455726511321,30.2611572109425],[-97.8451676510762,30.2613482107204],[-97.8447943516683,30.2629894117624],[-97.8405633495621,30.2694640129424],[-97.8373603498228,30.2744469141123],[-97.836844649476,30.2751609137086],[-97.8353716495653,30.2746342138389],[-97.8352357497342,30.2745820132121],[-97.8348146500717,30.2744202132804],[-97.8345126490496,30.2742622137507],[-97.8343116483098,30.2741482138042],[-97.8340476487192,30.2739692135123],[-97.8337456485954,30.2736932134887],[-97.8334146490576,30.2732842136625],[-97.8328656490616,30.2725802139006],[-97.832431647795,30.2721062141964],[-97.8323096475963,30.2719942133689],[-97.8319726482107,30.2716832141972],[-97.8315636470585,30.2712492134517],[-97.8312996483662,30.2707602128045],[-97.8311926473377,30.2704182127797],[-97.8311116480452,30.2702452129894],[-97.8309856476485,30.2701142128781],[-97.8308726476706,30.2700172129436],[-97.8307276479056,30.2699302127048],[-97.8303506492354,30.2698212134473],[-97.8298296470318,30.2697452129039],[-97.828950647323,30.2697612122882],[-97.8280456476748,30.2698102135866],[-97.8272276480653,30.2698812137938],[-97.826718647354,30.2699732135815],[-97.8264866475504,30.2700112126085],[-97.8262096475409,30.2700332122835],[-97.8258706467089,30.2700112133844],[-97.825612646966,30.269962213738],[-97.8253366467815,30.2698922128706],[-97.8251706462019,30.2698352134797],[-97.8250216471372,30.2697512132552],[-97.8248646458801,30.2696312131425],[-97.8246956449274,30.269441211694],[-97.8242676462035,30.2687902136082],[-97.82407064656,30.2684342134728],[-97.8238026449748,30.2677102130332],[-97.8234256454063,30.266463212509],[-97.8231736464095,30.2654752120632],[-97.8229956461343,30.2648362122594],[-97.8229576456011,30.2646132126204],[-97.8229326463851,30.2642772120408],[-97.8229266447406,30.264016212903],[-97.8230296455711,30.2634002118721],[-97.8231126463101,30.2630322108432],[-97.8231696453132,30.2627712114998],[-97.8233886464946,30.2621642116402],[-97.8234706456121,30.2619082122336],[-97.8235656451483,30.2615982115134],[-97.8236346465419,30.261012212159],[-97.8236406463897,30.2606922109824],[-97.8235906452627,30.2604912107286],[-97.8234206462817,30.2600072108267],[-97.8233546461595,30.2596632110429],[-97.8231456450238,30.2590212117108],[-97.8229146450451,30.2586642109011],[-97.8227326463685,30.2583652111717],[-97.8226826461398,30.2582182117937],[-97.8226686440995,30.2581022107092],[-97.8227066446326,30.2579442105235],[-97.82268064649,30.2577112112689],[-97.8225806451342,30.2575372106325],[-97.8224236456737,30.2573792110897],[-97.822196645893,30.2570702102278],[-97.8220396446359,30.2569022095923],[-97.8214356452866,30.2562552114071],[-97.8211786453686,30.2560332103269],[-97.8203566446629,30.2553022101272],[-97.8194386445959,30.254678210162],[-97.8186886456568,30.2542652101836],[-97.8177766427427,30.2539672096976],[-97.8175336448651,30.2538772108728],[-97.8172696443761,30.2537802104177],[-97.8169466443359,30.2536542111795],[-97.816598643283,30.2535112095264],[-97.8160036432563,30.2531862099332],[-97.8153496436783,30.252811210141],[-97.8150036431736,30.2525242109222],[-97.8147526422051,30.2522572101688],[-97.8145006432083,30.2519372107307],[-97.8143436437478,30.2516872094016],[-97.8139406424434,30.2513612105121],[-97.813821643516,30.2511712101843],[-97.8136836425254,30.2508562084636],[-97.813456643643,30.2505732092048],[-97.8133756425538,30.2503562097555],[-97.813084643199,30.2495552093695],[-97.8130596421864,30.2492672089076],[-97.8131476438465,30.2491422088054],[-97.8131976422786,30.24902320861],[-97.8131726430626,30.2489202102743],[-97.812889642307,30.2486432094079],[-97.812795643494,30.2485122091912],[-97.8127636428087,30.2484092095438],[-97.8125956425792,30.2476162095245],[-97.8124886415507,30.2472652101187],[-97.81237064155,30.2469352093613],[-97.812192642173,30.2466232089099],[-97.8119926412582,30.2462992093326],[-97.8118016414625,30.24601520984],[-97.8116166415146,30.2457062089297],[-97.8113746416652,30.2452412079961],[-97.811178642745,30.2447352083238],[-97.8110616416708,30.2444712083039],[-97.8109986428199,30.2443112080643],[-97.8109306412512,30.2441152077067],[-97.8108796420959,30.2439392079553],[-97.8108256425675,30.2437122084674],[-97.8107846425596,30.2434952086103],[-97.8107751410789,30.2433452085041],[-97.8107609423075,30.2431200088585],[-97.8107396423538,30.242935807555],[-97.8107331412461,30.2428078084885],[-97.810723840988,30.2427262087636],[-97.8107183424001,30.2427012089543],[-97.8107016418207,30.2424620085566],[-97.810715541453,30.2422783089052],[-97.8107676428412,30.241976208611],[-97.810845642659,30.2415122082232],[-97.8108526414334,30.2405742081847],[-97.81083464189,30.2402072089202],[-97.8107666430163,30.2400302080175],[-97.8106376413482,30.2399042082198],[-97.8104106415675,30.2397462074815],[-97.8101526409263,30.2396342077768],[-97.8098396409319,30.2395602078881],[-97.8095276416607,30.2395602086641],[-97.8092366414075,30.2396202080957],[-97.8089626408728,30.2396872069392],[-97.8087176406505,30.2398022076739],[-97.8085146411592,30.2399652078032],[-97.8080486401055,30.2405322072091],[-97.8076376402018,30.2410312074403],[-97.8069772410257,30.2417526076198],[-97.8069051404444,30.2418350082719],[-97.8063556409851,30.2425152079687],[-97.806014440179,30.2428232077156],[-97.8056180396952,30.2430908083842],[-97.8053040398759,30.2432350079045],[-97.8049643410529,30.2434254084993],[-97.80453704032,30.2436828095011],[-97.8042281402365,30.24386820917],[-97.8038678403491,30.2440483096633],[-97.8033890400993,30.2442645089759],[-97.803255239631,30.2443160086573],[-97.8031059387324,30.2444035088527],[-97.8025016402442,30.2446572079155],[-97.8022506383773,30.2447492096043],[-97.8022226405849,30.2446812092417],[-97.8021806389555,30.2445722098974],[-97.8021516404398,30.2445102097537],[-97.802127639252,30.244458209628],[-97.8020706402489,30.2443442084503],[-97.8019516395249,30.2441312081624],[-97.8018856394027,30.2440162086129],[-97.8018666391361,30.2439812082509],[-97.8017096396756,30.2437042089819],[-97.8016046400936,30.24350720864],[-97.8014986397884,30.2432942080899],[-97.8012746385841,30.2428422078271],[-97.8010816391386,30.2424502093979],[-97.8009966396481,30.2422822085947],[-97.8008656392285,30.242009208229],[-97.8005266392948,30.2413122094275],[-97.7999576392073,30.2401572080135],[-97.7997116400583,30.2396882073038],[-97.7996015380455,30.2394652080016],[-97.7988505392815,30.2378756074802],[-97.7984857397328,30.2371318078147],[-97.7983059383354,30.2368004070917],[-97.7981369373827,30.2365107076114],[-97.7979010379924,30.2361353081243],[-97.7976327381666,30.2357669084835],[-97.7974021379382,30.2354911068862],[-97.7971821387285,30.2352501077618],[-97.7969461378286,30.2350021074887],[-97.7966241376133,30.2346962074665],[-97.7964526375475,30.2345410071304],[-97.7963104378313,30.2344274073451],[-97.7965666373503,30.2342812072575],[-97.7967236386075,30.2341892066354],[-97.796775937625,30.2341623070371],[-97.7968988370373,30.2341024074982],[-97.7970686374906,30.2340182067436],[-97.7971376388842,30.2339862079699],[-97.7972316376973,30.2339392067204],[-97.7974136372721,30.2338582065619],[-97.7976026383163,30.2337862070549],[-97.7977936381121,30.2337212065923],[-97.7979896370323,30.2336682073176],[-97.7980716388447,30.2336492062088],[-97.7982939386398,30.2340256062985],[-97.798490538533,30.2342921070969],[-97.7987633389185,30.2347489073819],[-97.7992075378602,30.2353516070061],[-97.7995374387584,30.2356561079911],[-97.7998036383232,30.2358844074402],[-97.800029638279,30.2353682072709],[-97.8000846376323,30.2352312070773],[-97.8000746375865,30.2351692072498],[-97.8001546388508,30.2353182070071],[-97.8002476387372,30.2353702080881],[-97.8006716381614,30.2357622075909],[-97.800831637995,30.2360042074143],[-97.8010976390321,30.2362142070413],[-97.8013366385084,30.236263207226],[-97.80148164007,30.2361802066295],[-97.8027676394846,30.2341742073104],[-97.8040669393554,30.2323734070771],[-97.8041356407117,30.2322782062108]]]},"properties":{"ZIPCODE":"78735"}},{"type":"Feature","geometry":{"type":"Polygon","coordinates":[[[-97.7478046284575,30.3069442228113],[-97.7477386292336,30.3068422236603],[-97.747658629766,30.3067322222977],[-97.7475886285475,30.3066072232432],[-97.7474836289655,30.3064112239396],[-97.7474036294978,30.3062072228712],[-97.7473196280356,30.3060102223033],[-97.7473006295657,30.3059312228029],[-97.74729062952,30.3058522224632],[-97.7473006277691,30.3057832220753],[-97.7473406288504,30.3057122238059],[-97.7473726295357,30.3056392222218],[-97.7474176279449,30.3055812221888],[-97.7475066285317,30.3054982235661],[-97.7475836294229,30.3054492230287],[-97.7476986290506,30.3053742226335],[-97.7478586297825,30.3052852217799],[-97.7480626290987,30.3051752233234],[-97.7481586293582,30.305127223098],[-97.7482426299221,30.3050762222027],[-97.7483066294962,30.3050282227045],[-97.7483906291618,30.3049732229596],[-97.748463629855,30.3049182224084],[-97.7485126293605,30.3048942233991],[-97.7486016281507,30.3048412222053],[-97.7486636298716,30.3048072222877],[-97.7492626300963,30.3052192231862],[-97.7492696288706,30.3052612236361],[-97.7492766294417,30.3053572231564],[-97.7492686290457,30.3054532225828],[-97.7492426291064,30.3055486231848],[-97.7492209285042,30.3056059229091],[-97.7492141291558,30.3056441229651],[-97.7492376299819,30.3057032226998],[-97.7492296286877,30.305746222634],[-97.7492316292358,30.305804223345],[-97.7492556295253,30.305870223096],[-97.7492746306902,30.3059282237336],[-97.7493006297311,30.3059792234101],[-97.7493466297619,30.3060332229018],[-97.7493896285212,30.3060782228433],[-97.7494346305237,30.306121224164],[-97.7494819286201,30.3061598226534],[-97.7495166305395,30.3061882226132],[-97.749886629537,30.3064832221624],[-97.7500112294602,30.3065861228752],[-97.7502366302397,30.3067722227369],[-97.7503266288548,30.3069522225729],[-97.7503586295401,30.307001222359],[-97.7503726306822,30.3070462234072],[-97.7503906293272,30.3071292230458],[-97.7504536299747,30.3071412230532],[-97.7505616299297,30.3071692225476],[-97.75066663041,30.3072092228086],[-97.7507506300756,30.3072472229251],[-97.7509686305338,30.3073722227144],[-97.7509816300543,30.3073802232168],[-97.7511756293247,30.3075132233279],[-97.7512846291047,30.3075812228252],[-97.7514046305519,30.3076492230509],[-97.7515556301646,30.3077312225076],[-97.7516216302869,30.3077632228444],[-97.7517846304935,30.3078352239519],[-97.7518716296338,30.3078662238092],[-97.751974629566,30.3079022227806],[-97.7521386295975,30.3079492227535],[-97.7521996305952,30.3079652236632],[-97.7526586301795,30.308080222757],[-97.7543256311573,30.3084902222048],[-97.754433630214,30.3085152238747],[-97.7545406312424,30.3085402239873],[-97.7546496301241,30.3085652225424],[-97.7547986309853,30.3085902226422],[-97.7549176317093,30.3086112233105],[-97.7550604315001,30.3086329235052],[-97.7552396310263,30.3086602230428],[-97.7554906310965,30.3087002226953],[-97.7555606314166,30.3087112244],[-97.7558562319424,30.3087583240286],[-97.7559416302849,30.3087712234537],[-97.7560816309253,30.3087952230649],[-97.7561356313519,30.3088352226624],[-97.7563726302801,30.308877322382],[-97.7565892320614,30.3089132224896],[-97.7567944315268,30.3089487239613],[-97.7570056317383,30.3089852227522],[-97.7570920317023,30.3090031227662],[-97.7571552317758,30.3090146223273],[-97.7571986311838,30.3090222232975],[-97.7574056317713,30.3090532235549],[-97.7575136317264,30.3090702223911],[-97.7576286322524,30.3090862238933],[-97.7576806312327,30.3090942227046],[-97.7578076314543,30.3091152224894],[-97.7578746322997,30.3091252229393],[-97.758095633131,30.3091642235208],[-97.7584796314739,30.309230223336],[-97.759005632802,30.3093212237958],[-97.7590666320031,30.3093052231075],[-97.7592076324684,30.3093322231042],[-97.7594116308862,30.309372223258],[-97.7595746328895,30.3094042230591],[-97.7597786322057,30.309444222408],[-97.759926633242,30.309475224083],[-97.7602136323989,30.3095402224849],[-97.7606106338555,30.3096402226266],[-97.7614046322773,30.3098542231298],[-97.7616136325146,30.3099212229051],[-97.7618156330793,30.3099982229954],[-97.7620116328979,30.3100902231649],[-97.7622406323285,30.3102152232062],[-97.7623996323371,30.3103002225539],[-97.7625576334192,30.3104002226957],[-97.7626936329633,30.3104862230773],[-97.7628429338618,30.3105876236141],[-97.7629086330484,30.3106322228488],[-97.7630176328284,30.310708223515],[-97.7631366326541,30.3107942236263],[-97.7632106322739,30.3108552233709],[-97.7633146329293,30.3109492235642],[-97.7634336336533,30.3110732236482],[-97.7636856326501,30.3113152224347],[-97.7639346339687,30.3115792233904],[-97.7639976328196,30.3116422234605],[-97.7640646336651,30.3117142240449],[-97.7641916338867,30.3118242236939],[-97.7642646336816,30.3118812242813],[-97.7644096334466,30.3119802231819],[-97.764618633684,30.3121002234543],[-97.7650776341666,30.3123822232831],[-97.7656366342083,30.3127082242301],[-97.7658906337532,30.3128562230319],[-97.7660726333281,30.3129632233206],[-97.7668455339171,30.313376224448],[-97.7671196341648,30.3135192234038],[-97.7673626329407,30.3136502237174],[-97.7676386340235,30.3138002241929],[-97.7679806352286,30.3139672232011],[-97.7686406355527,30.3144022230058],[-97.7687696345258,30.3144682239465],[-97.7688566345645,30.3145232245674],[-97.7689166348389,30.3145472235455],[-97.7689966343066,30.3145662237341],[-97.7690846350684,30.3145652233569],[-97.7691936348483,30.314547224321],[-97.7693736347734,30.314514223495],[-97.7696356347142,30.3144292239248],[-97.7698526344492,30.3143442235053],[-97.7700656348845,30.3142362235685],[-97.7703466350919,30.3140502239583],[-97.7705996357103,30.3138792235549],[-97.770855634905,30.3136822228971],[-97.7710296349822,30.3135362230163],[-97.771198635935,30.3134182229537],[-97.7715896366455,30.3131722239171],[-97.7722576355689,30.3129172238196],[-97.7729326368599,30.3127732235899],[-97.7738196360664,30.312603223682],[-97.7741686360459,30.3126552233841],[-97.77471963659,30.3128672242701],[-97.7763636362049,30.3132842234857],[-97.7768155373019,30.3134274234289],[-97.7769506376324,30.3134702237743],[-97.7764916371498,30.3150852242348],[-97.7761716365843,30.3169342243479],[-97.7760406361648,30.3188592242383],[-97.7761466373682,30.3206702256994],[-97.7764466378422,30.3221532262031],[-97.7768157367279,30.3234868252144],[-97.7768856373351,30.3237392249825],[-97.7776456381166,30.3256882254334],[-97.7784993376738,30.3275723255429],[-97.778684637659,30.3279812261346],[-97.7789908383051,30.3285211271598],[-97.7808176369955,30.3317422260432],[-97.7832173398516,30.3357584275334],[-97.7838763385542,30.3368614280559],[-97.785419640619,30.3394442280752],[-97.7865156409612,30.3411142279034],[-97.7876126411283,30.342580228945],[-97.7885946407693,30.3436722292548],[-97.789782641173,30.3447792292649],[-97.7911376419813,30.3459492296455],[-97.7924206419212,30.3469422289026],[-97.7965096437371,30.3496472304349],[-97.7969076432221,30.349910230386],[-97.7970076436795,30.3499742298486],[-97.7968486427725,30.3502162294246],[-97.7967716436779,30.3503252292336],[-97.7967186439745,30.3503972292896],[-97.7966806443396,30.3504452298144],[-97.7965946432276,30.3505482300859],[-97.7964966433183,30.3506612303342],[-97.7964446425415,30.3507242285226],[-97.7963526433783,30.3508472294092],[-97.7962746435605,30.3509662301198],[-97.7962136434611,30.3510652298255],[-97.7960656442214,30.3513292298429],[-97.7959096436875,30.3515992306921],[-97.7956336426047,30.352070230588],[-97.7954256430905,30.35241823101],[-97.7953796439581,30.3524942302603],[-97.795304643615,30.352623230403],[-97.7951076430732,30.3529642305141],[-97.7950176435598,30.3531202303665],[-97.7948416420361,30.3534162296412],[-97.7946456422175,30.3537372313256],[-97.794452642772,30.3540532313127],[-97.7940466437894,30.354674230909],[-97.7938616429432,30.3549602312635],[-97.7938166427374,30.3550312310459],[-97.7935696428651,30.3554042307916],[-97.7933676431988,30.355699230951],[-97.7928876427998,30.3564652314389],[-97.7925186418305,30.3570452312386],[-97.7924026423779,30.357234231954],[-97.7921596436019,30.3576322310363],[-97.7920566418731,30.3578142318454],[-97.7918936434631,30.3581162304648],[-97.7917876431579,30.3583162314448],[-97.7916886425254,30.358516232016],[-97.7915396416642,30.3588312321446],[-97.7914536432471,30.3590432322874],[-97.791375642531,30.3592182317996],[-97.791345643292,30.3592782316932],[-97.7913077424719,30.3593679330389],[-97.7912426424616,30.3595202322855],[-97.7911026418212,30.3598962317106],[-97.7909236426193,30.3603912313391],[-97.7908576424971,30.3605982316671],[-97.7908236412636,30.3607022320072],[-97.7907886420018,30.3608242328467],[-97.7907606424127,30.3609172316816],[-97.7907046423362,30.3611222318685],[-97.7906736432724,30.3612332325049],[-97.7906226423205,30.3614452328676],[-97.7905706415436,30.3616662318352],[-97.7905236425862,30.3618882325225],[-97.7905036424948,30.3620022327424],[-97.7904606419387,30.3622142322135],[-97.790425642677,30.362435232544],[-97.7903766413748,30.3627612327371],[-97.79033864174,30.3630582329514],[-97.7903016428284,30.3633882329069],[-97.7902396420058,30.3641052322205],[-97.7902236430106,30.3642882332562],[-97.7901886428505,30.3646332332482],[-97.790165642386,30.3648572339033],[-97.7901466430177,30.3651242327129],[-97.7900976426139,30.3657242332916],[-97.7900826425453,30.3658772326137],[-97.7900396419893,30.3662192336524],[-97.7900336430398,30.3662612327456],[-97.7900206435193,30.3663442341301],[-97.7899786418899,30.3666462335399],[-97.7899566421486,30.3667632331709],[-97.7899386417069,30.3668502342766],[-97.789916642864,30.3669402340559],[-97.7898976434957,30.367010233827],[-97.789876642681,30.367088233823],[-97.7898336430233,30.3672322332346],[-97.7897866431676,30.3673922329352],[-97.7897366420406,30.3675332339414],[-97.7896576423979,30.3677292333808],[-97.7896106425422,30.3678342329465],[-97.7895556431889,30.3679572340216],[-97.7894896421683,30.3680882335851],[-97.7894366433632,30.3681962338033],[-97.7893806423884,30.3682972335548],[-97.7893196422891,30.3684002336314],[-97.7892636413142,30.3684942336141],[-97.7892026430115,30.3685912337573],[-97.7891546415343,30.3686642341451],[-97.789106642752,30.3687282337395],[-97.7889906415028,30.3688842332535],[-97.78891164186,30.3689852338446],[-97.7887826419886,30.3691422335432],[-97.7886866417292,30.3692462333233],[-97.7885276417205,30.369410234421],[-97.788373642633,30.3695562339192],[-97.7882676423278,30.3696482331619],[-97.788157642723,30.3697472333371],[-97.7879116426757,30.3699582340335],[-97.7876436419888,30.3701842345094],[-97.7873716420022,30.3704142344643],[-97.7872756408444,30.3704932346508],[-97.7870096425023,30.3707222333003],[-97.7867366417925,30.3709532341159],[-97.7862826413327,30.3713382334871],[-97.785773642418,30.3717882333771],[-97.7854896418375,30.3720142350483],[-97.7853276423541,30.3721442348126],[-97.7847126413376,30.3726582342152],[-97.7843696412059,30.3729462350211],[-97.7843086420049,30.3730002347871],[-97.7839986414852,30.3732712344973],[-97.7838126417123,30.3734292348396],[-97.7836326408889,30.3735862343774],[-97.783267641016,30.3738912355331],[-97.7830216400703,30.3740922350224],[-97.7829906410065,30.3741182344365],[-97.7827206406698,30.3743462356792],[-97.7825316414222,30.3744982349206],[-97.7822556412377,30.3747282355769],[-97.7818976410374,30.3750322357354],[-97.7815326420628,30.3753492348785],[-97.7810786407047,30.3757382360968],[-97.7807096397354,30.3760512355049],[-97.7805096406172,30.3762292355978],[-97.7803556397331,30.3763592359571],[-97.7802136394429,30.3764762363653],[-97.7801766405313,30.3765072354166],[-97.7800796404469,30.3765902358532],[-97.7799976404311,30.3766592351727],[-97.7798146410313,30.3768202346874],[-97.7796366407561,30.3769702360279],[-97.7795366394004,30.3770552355486],[-97.7794476397119,30.3771252366028],[-97.7792676406852,30.3772752359253],[-97.7790816391157,30.3774252350176],[-97.7787966396086,30.3776532362968],[-97.7785286407183,30.3778752347882],[-97.7783066400622,30.3780682352347],[-97.7778926388871,30.3784312366723],[-97.7777126407587,30.3785872369785],[-97.7774446400717,30.3788152355473],[-97.7771766402831,30.3790492357687],[-97.7768166395347,30.3793562363589],[-97.7765386397004,30.3795922362605],[-97.7764926405679,30.3796332353217],[-97.776445639814,30.3796742366906],[-97.7763556394023,30.3797502356857],[-97.776181639325,30.3798992351451],[-97.7759966393771,30.3800602370726],[-97.7759156391862,30.380132236164],[-97.7757316390632,30.3802812365909],[-97.7755416399907,30.3804432368183],[-97.7753606393424,30.380594236951],[-97.7751876399884,30.3807362379919],[-97.775087639531,30.3808152368118],[-97.7749886388984,30.3808932366434],[-97.774805640397,30.3810272365663],[-97.7746016392842,30.3811642369453],[-97.7742906389395,30.3813612366504],[-97.7740766395776,30.3814822360441],[-97.7736356395366,30.3817022373056],[-97.7733086392985,30.3818642375023],[-97.7730776393198,30.3819752378408],[-97.7728496388159,30.382084237129],[-97.7725106388821,30.3822412359398],[-97.771963638536,30.3825072364146],[-97.7714326398799,30.382754236816],[-97.771154638249,30.382889237741],[-97.7708196385132,30.3830632367466],[-97.7705766397373,30.383183236682],[-97.7704556393634,30.3832422369191],[-97.7697556379581,30.3835972372653],[-97.7692236385789,30.3838622367049],[-97.7683076381617,30.3843212379145],[-97.7680186384567,30.384452238023],[-97.7678406372832,30.3845362375742],[-97.7675786382407,30.3846712375873],[-97.767343638064,30.3848042373202],[-97.7670536376358,30.3849852382683],[-97.7668016377407,30.3851362375825],[-97.7666946385089,30.3849272379667],[-97.7663816367179,30.3843572382221],[-97.7662766380342,30.3841662371275],[-97.7662616370672,30.3841392376202],[-97.7661146367542,30.3838302372172],[-97.7660746365712,30.3837382381473],[-97.7659786363117,30.3835172379219],[-97.7658946375444,30.3832742365993],[-97.7658356370949,30.3830372381619],[-97.7657216381904,30.3825742368424],[-97.7655866375729,30.3818542367326],[-97.7654506362321,30.3810512362902],[-97.7653006373426,30.3801652373444],[-97.7651896379128,30.3795132364521],[-97.7651416373339,30.3791882368042],[-97.7651096366486,30.378984236237],[-97.7650726368387,30.3787562365125],[-97.765058636595,30.3786702356489],[-97.7650406361533,30.3785712375348],[-97.7650046361683,30.378374236856],[-97.7649626372338,30.3782422358487],[-97.7648906363655,30.3780402358642],[-97.7647946370043,30.3778302368418],[-97.7646946365469,30.3776542360294],[-97.7646076365082,30.3775162364213],[-97.76449863583,30.3773472362933],[-97.7644086372149,30.3771972355314],[-97.7642356369626,30.3769472358166],[-97.764115637312,30.3767652357399],[-97.7640346371211,30.376667236214],[-97.7639186358719,30.376547235253],[-97.763826637607,30.376446235499],[-97.7637506365407,30.3763752357629],[-97.7636776367457,30.3763152362841],[-97.763541635405,30.3762262363565],[-97.7634736365312,30.3761822350736],[-97.763204637816,30.3760122367648],[-97.7629296365581,30.3758532354213],[-97.7628506369154,30.3758212371864],[-97.7626246360613,30.3757462356633],[-97.7623916355345,30.375678236227],[-97.7620976358066,30.3756062361797],[-97.7619376368713,30.3755652362043],[-97.7617876361852,30.3755352366085],[-97.761518634775,30.3754842359568],[-97.7612456349636,30.3754512362959],[-97.7611466352294,30.3754372350744],[-97.7610796352822,30.3754242359312],[-97.7609566352586,30.3753952352726],[-97.7609056361033,30.3753772365699],[-97.7608616357223,30.375330235636],[-97.7603936359172,30.3751002363961],[-97.760330636168,30.3750672358306],[-97.760135635276,30.3749632360424],[-97.7600346349937,30.3748962358222],[-97.7598266354795,30.3747492367859],[-97.7596536352272,30.3746172347583],[-97.7595226357059,30.3745022355297],[-97.7594156346775,30.3743932363112],[-97.7593276339156,30.374287236272],[-97.7592516346459,30.3741902355799],[-97.7591766352012,30.3740742353048],[-97.75908063584,30.3739262368119],[-97.7589256360293,30.3736632363294],[-97.7586326352281,30.3731502365642],[-97.7585376356918,30.3729902362105],[-97.7582376343195,30.3724022358005],[-97.7581066356966,30.3722102355808],[-97.7580196347596,30.3720972369746],[-97.7579596344852,30.3720222356946],[-97.7578896350633,30.3719432344184],[-97.757817634195,30.3718692343619],[-97.7577693344771,30.3718251357889],[-97.7577476338747,30.3718072356331],[-97.7576536341634,30.3717372361959],[-97.7575326337896,30.3716602358272],[-97.757427635106,30.3715952352573],[-97.7572556355768,30.3715142348205],[-97.7563126344972,30.3711542349953],[-97.7562896340326,30.3711432356558],[-97.7559776338631,30.371000235604],[-97.7558766335808,30.370944235906],[-97.7558176340295,30.3709062357053],[-97.7557786336715,30.3708822350406],[-97.7557076335264,30.370832235639],[-97.7556726342646,30.370806236126],[-97.7555036342102,30.3706462358116],[-97.7553736345139,30.3705052346441],[-97.7553206339121,30.3704402340814],[-97.7552336338734,30.3703162355471],[-97.755184634368,30.3702502350505],[-97.7549186342292,30.3694722354449],[-97.7547916340076,30.3690522350155],[-97.754686632629,30.3687562357771],[-97.7546396345699,30.3686222353088],[-97.7545856332449,30.3685062354029],[-97.7545356330162,30.3684112356047],[-97.7544756336401,30.3683072349366],[-97.7544166331905,30.3682112343408],[-97.7543386333727,30.368102234309],[-97.75425963373,30.3680002345248],[-97.7541996334555,30.3679232343134],[-97.7541116326937,30.3678272341157],[-97.7539646323806,30.3676822349706],[-97.7537316327521,30.3674592344226],[-97.7535496340755,30.3672812338635],[-97.7534596336639,30.3672032340215],[-97.7533766347215,30.3671342342285],[-97.753309633876,30.3670822347793],[-97.7531206328318,30.3669472352753],[-97.7529756330669,30.3668422339821],[-97.7527566318854,30.3666942353928],[-97.7521586332823,30.3663402347373],[-97.7520386327333,30.3662752337311],[-97.7516206331569,30.3660402348602],[-97.7511526333518,30.3657762357882],[-97.7509246328478,30.3656362352043],[-97.7507896322303,30.3655422347994],[-97.7507036329149,30.3654692336312],[-97.7505986333329,30.3653872344622],[-97.750554632952,30.3653472354855],[-97.7504476328218,30.3652532340277],[-97.7503166324023,30.3651092348022],[-97.7502206321428,30.3650022341369],[-97.750120633482,30.3648712350899],[-97.7498166328101,30.3643712347651],[-97.7495156325112,30.3639082333955],[-97.7494376326934,30.36379023435],[-97.7494336324954,30.3638842341135],[-97.7494506331122,30.3640132339636],[-97.7494606313613,30.364084234151],[-97.7494656313842,30.3641642331213],[-97.7494626319095,30.3642682343202],[-97.7493786331422,30.3640662333659],[-97.7493276321902,30.3639682342875],[-97.7492596315199,30.3638502337642],[-97.7491886313747,30.36375023472],[-97.7490796324931,30.3636142330654],[-97.7489746320128,30.3635082345171],[-97.7487986313874,30.3633402348568],[-97.7487496318819,30.3633022332512],[-97.7485336310735,30.3631332333561],[-97.7483496318488,30.3629942335216],[-97.7481906318402,30.3628522346132],[-97.7480886326312,30.3627692349156],[-97.7477616323931,30.3625082336516],[-97.7469566323041,30.3618812340413],[-97.746870631192,30.3618152340524],[-97.7466676317008,30.3616872335244],[-97.7466156318222,30.3616592341132],[-97.7464516317907,30.3615682326773],[-97.7463226310209,30.3615172340417],[-97.7462436313782,30.3614932341729],[-97.7460606319784,30.3614472349894],[-97.7458576315888,30.3613962339653],[-97.7456466317016,30.3613642340995],[-97.7453956316315,30.3613322334481],[-97.7452366307245,30.3613152343815],[-97.7448596302576,30.3613002335613],[-97.7447376309572,30.3612992336615],[-97.7445856315196,30.3612982345369],[-97.7444606318461,30.3612982337618],[-97.744122630839,30.3613032348107],[-97.7439915316047,30.36130443314],[-97.7435578303754,30.3613032340356],[-97.743375629578,30.3612992336615],[-97.7433849316327,30.3612804339943],[-97.7434236310552,30.3612022340367],[-97.7440276304044,30.3598292343432],[-97.7437216318793,30.3596832335001],[-97.7437676301134,30.3596742334782],[-97.743797631149,30.3596642335389],[-97.7438246300148,30.3596452335741],[-97.7438456308295,30.3596202333292],[-97.7438736304186,30.3595632333979],[-97.7439726319495,30.3593482330727],[-97.7441356303595,30.3589622338556],[-97.7443056311371,30.3585782329704],[-97.7444856301639,30.3581942321281],[-97.744845630014,30.3574312333693],[-97.7452146309832,30.3566652334689],[-97.7455766313815,30.3559112316802],[-97.7459036307213,30.355195231951],[-97.7462396320786,30.354445232665],[-97.746617631472,30.353640231954],[-97.7467626321353,30.3533382326952],[-97.7469836302716,30.3528752310385],[-97.7474856313103,30.351786231857],[-97.7480006309711,30.3506922313674],[-97.7482116308583,30.3502392304967],[-97.7485346308985,30.3495562310035],[-97.7486946325287,30.3492312317897],[-97.7490566311303,30.3484732315041],[-97.7497686322312,30.3469222310718],[-97.7501986315032,30.3459992301387],[-97.7503573314745,30.3456648309566],[-97.7506086324804,30.3451352297771],[-97.7508906316143,30.3445162310295],[-97.751573632403,30.3430882304683],[-97.7518476329377,30.3425062299316],[-97.7522416322246,30.3416692301342],[-97.7526556325014,30.3408262302789],[-97.7526686320219,30.3407912295596],[-97.7526746318697,30.3407602284911],[-97.7526736329431,30.3407332294032],[-97.7526666314738,30.3407072296429],[-97.7526556325014,30.3406822292107],[-97.7527306319462,30.340619229985],[-97.7527736316039,30.3405672296214],[-97.7527986326166,30.3405152292302],[-97.7546966317764,30.3364482289938],[-97.7547316319365,30.3361992283957],[-97.7543786317591,30.3360122284612],[-97.7542446318648,30.3359392285183],[-97.7540860325047,30.3358534280274],[-97.7539707319414,30.3357911281325],[-97.7536886321961,30.3356302285504],[-97.7536096325534,30.3355852290007],[-97.7532186327411,30.3353792278688],[-97.7528956309043,30.3352042275904],[-97.7527656321063,30.3351342283219],[-97.7529036313002,30.335062229443],[-97.7527666319312,30.3349852288927],[-97.7526216303696,30.3349022280403],[-97.75243663132,30.3348122274756],[-97.7521856321481,30.334712228991],[-97.7520196315685,30.3346522287657],[-97.7517656311252,30.3345772274633],[-97.7515596312609,30.3345172294813],[-97.7514286308413,30.3344862279768],[-97.7512516321876,30.334450227918],[-97.7510186307625,30.3344112288731],[-97.7508406313856,30.3343902275322],[-97.7507716308903,30.3343862276086],[-97.7506916305244,30.3343812282853],[-97.750558630455,30.3343792294863],[-97.7503276313746,30.3343872277833],[-97.7500476309921,30.3344152280204],[-97.7497216314772,30.3344572291365],[-97.7497096317817,30.3344022288528],[-97.7496956306396,30.3342972290712],[-97.7496716312485,30.3341832291366],[-97.7496426309362,30.3340792285227],[-97.7496036314765,30.3339622285723],[-97.7495476313999,30.3338382287705],[-97.7494776319781,30.3337152289932],[-97.7493276312919,30.3335072282116],[-97.7491566315877,30.3332592280739],[-97.7489936304828,30.3330582276421],[-97.7488186305806,30.3328692275309],[-97.7486796306634,30.3327612286327],[-97.7485226303046,30.3326662282399],[-97.7483416305546,30.3325752277528],[-97.7481436301879,30.3324652281416],[-97.7479166313055,30.3323242277686],[-97.7475326302676,30.3320472274068],[-97.7471246298386,30.3317052278749],[-97.7469376302408,30.3315292285798],[-97.7468276297377,30.3314042278178],[-97.7467286300035,30.3312932274603],[-97.7466646304294,30.33121722803],[-97.7465886302614,30.3311122287099],[-97.746524629789,30.3310012280214],[-97.7464546312654,30.3308652281448],[-97.746419630207,30.3307702282387],[-97.7464196293087,30.3306792283157],[-97.7464606293165,30.3305232283617],[-97.7465186299412,30.330398227091],[-97.7465886302614,30.3303072268223],[-97.7466586296833,30.330252227309],[-97.746722631054,30.330222227773],[-97.7467806307803,30.330187227915],[-97.7468216298899,30.3301462282869],[-97.7468626298978,30.3300962274502],[-97.7469036290073,30.3299852271608],[-97.7469376293425,30.3298192277645],[-97.7469666296548,30.32967322867],[-97.7469906299443,30.3295532282106],[-97.7470316299522,30.3292412275682],[-97.7470546295184,30.3289442270622],[-97.7470896296785,30.3286782274579],[-97.7470896305768,30.3283612274988],[-97.7470896305768,30.3281252264987],[-97.7470546304167,30.3278632279616],[-97.7470196302566,30.3276372274235],[-97.7469786311471,30.327446227214],[-97.7469376293425,30.3273052273684],[-97.7468856285657,30.3271592268525],[-97.746809629296,30.3270182273691],[-97.7467286291052,30.3268872278706],[-97.7466056308782,30.3267312280795],[-97.7464896296289,30.326591227459],[-97.7463901295331,30.3264925278899],[-97.7466346293938,30.3264032275294],[-97.7461476293221,30.3261652274969],[-97.7460036302804,30.3260962266789],[-97.7459046296479,30.3259962262723],[-97.7460976299917,30.3260542258537],[-97.7460516290626,30.3259592267086],[-97.7460086285066,30.3258582274512],[-97.7459766287196,30.3257772263669],[-97.7459446298308,30.3256592270894],[-97.7459206295414,30.3255392271396],[-97.7458856293813,30.3253652266021],[-97.7458446293734,30.3250822258745],[-97.7458176296092,30.3247462276971],[-97.7457996291676,30.3245332266495],[-97.7457866296471,30.3243342274727],[-97.7457746299515,30.3241202268004],[-97.7457826294491,30.3238882275652],[-97.745823629457,30.3236742266939],[-97.7458866292062,30.3234612264168],[-97.7459346297851,30.3232722263948],[-97.7459486291305,30.3231492265292],[-97.7459296279656,30.3230142261207],[-97.7458966292519,30.3228832266952],[-97.7458496302946,30.3227602263411],[-97.7457876285737,30.3226362263133],[-97.745625628192,30.3223952255414],[-97.7454426287922,30.3221502260794],[-97.7453886283655,30.3220652261545],[-97.7453486290809,30.3219872259396],[-97.7453046286999,30.321899225742],[-97.7452466280753,30.3217282258543],[-97.7452096291637,30.3215742254371],[-97.7451966287449,30.3214032257576],[-97.7452056298641,30.3212572257496],[-97.7452306281818,30.3211072250581],[-97.7452636286921,30.3209862254238],[-97.7453006302986,30.3208572262385],[-97.7453626302229,30.3207182260667],[-97.745415629028,30.3206182263735],[-97.7454776289523,30.3205222255173],[-97.7455236298814,30.320454225694],[-97.7455896291053,30.3203792259254],[-97.7456516299279,30.3203052256425],[-97.7457386281699,30.3202262260332],[-97.745812628688,30.3201692248719],[-97.7459076300209,30.3201122252284],[-97.7459896291384,30.3200872249662],[-97.7460476288647,30.3200732251266],[-97.7461386299996,30.3200582257396],[-97.7462416290334,30.3200582257396],[-97.7463496289885,30.3200732259021],[-97.7465026300477,30.3201052260861],[-97.7466846296226,30.3201512253146],[-97.7468866292889,30.3202192261237],[-97.747076630158,30.3202942260147],[-97.7473126301596,30.3203872261412],[-97.7475686302526,30.3204942267361],[-97.7478416300641,30.3206122268074],[-97.7481396299899,30.3207372258341],[-97.7484456294133,30.3208512259116],[-97.7485366305483,30.3208722255033],[-97.7486356293842,30.3208902249281],[-97.748730630717,30.3209012260398],[-97.748846631068,30.3209012260398],[-97.7489706300182,30.3208862244532],[-97.7490816303463,30.3208582250005],[-97.7491526295931,30.3208292260022],[-97.7492186297153,30.3207832255412],[-97.7492596306215,30.3207332261282],[-97.7492926302335,30.3206762260373],[-97.7493176294495,30.3206152254273],[-97.7493256307438,30.3205372248334],[-97.7493276303936,30.3204472250253],[-97.7493246300206,30.3202962258766],[-97.7493156297997,30.3200482256299],[-97.7493066295789,30.3198432254836],[-97.7492756296168,30.3195912251131],[-97.7492396305301,30.3193402267493],[-97.7491126303084,30.3191132248267],[-97.7490826301712,30.3190312255879],[-97.7490666302777,30.3189692251723],[-97.7490546287855,30.3189112252733],[-97.7490486307344,30.3188592242383],[-97.7490416301633,30.3188032249419],[-97.7490496296609,30.3186932253724],[-97.7491516297682,30.3185822261188],[-97.7491486293952,30.3183792259078],[-97.7491426304457,30.3182672251836],[-97.7491376304228,30.3181552258821],[-97.7491046308108,30.318019225229],[-97.7490506294859,30.317888225328],[-97.7489656299954,30.317729224905],[-97.7489206297895,30.3176322255249],[-97.7488846298045,30.3175432257214],[-97.7488526309158,30.3174392244981],[-97.7488266291799,30.3173072250233],[-97.7488216300553,30.3171872249236],[-97.7488346295758,30.3170752251631],[-97.7488756295837,30.3169122251099],[-97.7489386302312,30.3167382247587],[-97.7491006297146,30.3163302240871],[-97.7491376304228,30.3161282249999],[-97.7491616298139,30.3159512252693],[-97.7491736295095,30.3157322253967],[-97.7491856301034,30.3152842243627],[-97.7491686285883,30.3148922243951],[-97.7491616298139,30.3147212246855],[-97.749113629235,30.3141902238895],[-97.7490776301483,30.3138872243015],[-97.7490046303534,30.3136162237535],[-97.7489556299496,30.3133502236286],[-97.7488926302004,30.3130992247873],[-97.7488116291113,30.3128552249637],[-97.7488116300096,30.3124702242737],[-97.7488476290962,30.3120632240709],[-97.7488836290813,30.3116782241471],[-97.7489396300561,30.311302224079],[-97.7489396291578,30.3109482239256],[-97.7489396291578,30.310638223026],[-97.7489326294851,30.3103432235736],[-97.7488886300025,30.3098852246752],[-97.7488426290734,30.3095492240141],[-97.7488256302533,30.3094022237504],[-97.7487986286925,30.3092642232706],[-97.7487796293242,30.3091402232244],[-97.7487536302832,30.3090142237048],[-97.7487256288975,30.3089262234888],[-97.7487016295064,30.3088252237339],[-97.7486996289582,30.3087892235504],[-97.7487036291562,30.3086982225967],[-97.7487006287832,30.3086752233991],[-97.7486936300088,30.3086442230221],[-97.7486146294678,30.3084842226716],[-97.7485616279677,30.308388222336],[-97.7484656295049,30.3082062242528],[-97.7483946293598,30.3080822236437],[-97.7483646301208,30.3080052228238],[-97.7483536293518,30.3079322237229],[-97.7483366296334,30.3078672234792],[-97.748322630288,30.3078112233301],[-97.748304628948,30.3077462230061],[-97.7482856286815,30.3076902227878],[-97.7482646296634,30.3076502227231],[-97.7482556285443,30.307619223573],[-97.7482486306682,30.3075672227501],[-97.7482396286507,30.3075202225941],[-97.7482276298535,30.307475222539],[-97.748207629762,30.3074292243399],[-97.7481796283763,30.307373223165],[-97.7481486302107,30.3073382228992],[-97.7480174285686,30.307208522492],[-97.7480036295475,30.3072002233911],[-97.7479296299276,30.3071242238825],[-97.7478916302928,30.3070852232648],[-97.7478446295388,30.3070412226886],[-97.7478316282217,30.3070172234234],[-97.7478166299497,30.3069822230305],[-97.7478046284575,30.3069442228113]]]},"properties":{"ZIPCODE":"78731"}},{"type":"Feature","geometry":{"type":"Polygon","coordinates":[[[-97.719998621819,30.2942322213279],[-97.720092620632,30.2942702218204],[-97.7201846215918,30.2943092213306],[-97.7210676214986,30.2947332213305],[-97.722566622247,30.295444221288],[-97.7233416221988,30.2958202216821],[-97.7233626230135,30.295761222252],[-97.7234006235466,30.2956672214564],[-97.7234206227398,30.2956252215504],[-97.7242726226845,30.2960272212425],[-97.7245006222901,30.2961112222434],[-97.7246506229763,30.2961822220361],[-97.7248216235788,30.2962952206388],[-97.7249056232444,30.2963322228711],[-97.7249436237775,30.2963802219729],[-97.7267886241323,30.2972472228409],[-97.7272886237244,30.2974882218567],[-97.7273856229105,30.297526221863],[-97.7279113242013,30.2977505211128],[-97.728142623319,30.2978492217104],[-97.7285696240146,30.2980552226471],[-97.7289396248087,30.2982382230561],[-97.7291426243,30.2983422213858],[-97.7294446244238,30.2985042223081],[-97.7295566245768,30.298564221404],[-97.729605224332,30.2985924219049],[-97.729832623863,30.2987112216321],[-97.7300831253682,30.2988422215706],[-97.7304146243693,30.2990162226687],[-97.7305916239213,30.2991102225809],[-97.7307336242115,30.2991882223899],[-97.7309856250049,30.2992912222814],[-97.7312006241917,30.299393223084],[-97.7316236246893,30.2995902222122],[-97.731771623929,30.2996582217759],[-97.7320686249283,30.2997922220331],[-97.7321466247461,30.2998252216111],[-97.7322466243052,30.2998752231597],[-97.7324326249763,30.2999772233548],[-97.7326366242925,30.3000832224412],[-97.7336116251592,30.3005362218777],[-97.734718625372,30.3010762221696],[-97.7352556256725,30.3013232233801],[-97.7358066262166,30.3015932232818],[-97.7363456261668,30.3018552222629],[-97.736993925036,30.3021402228314],[-97.7371166259207,30.3021942228866],[-97.7377386266099,30.3025062220199],[-97.7378696261312,30.3025732221641],[-97.7379426268244,30.3026152221964],[-97.7379956274262,30.3026462237046],[-97.7380816267416,30.3027042223717],[-97.7381466270389,30.3027442229035],[-97.7382876266059,30.30284222278],[-97.7384471269762,30.3029545234433],[-97.7385566262194,30.3030162222086],[-97.7392126272439,30.3033822227803],[-97.7392926276098,30.3034292233692],[-97.7393546275341,30.3034572231483],[-97.7397466262729,30.3036462226113],[-97.7401686269456,30.3038402225921],[-97.7411226278959,30.3043002227795],[-97.7412427272595,30.3043567220728],[-97.7412939276374,30.304382623679],[-97.7413552277741,30.3044144226861],[-97.7414504276347,30.3044639232053],[-97.741667627694,30.3045532233972],[-97.7419316281829,30.3046702227969],[-97.7426554277568,30.3049932223769],[-97.7427676273358,30.3050438231257],[-97.7428639276325,30.3050885233791],[-97.7429423289973,30.3051203229328],[-97.7430766280306,30.3051782231912],[-97.742977627398,30.3053342231748],[-97.7429026279533,30.3054532225828],[-97.7428096271686,30.30560022334],[-97.7427516274423,30.305691223292],[-97.7423926283154,30.3062572234917],[-97.7421154279816,30.3066880222469],[-97.7420673276897,30.3067627238264],[-97.7420293280549,30.3068206231148],[-97.7418756272081,30.3070732232506],[-97.7415426271222,30.3075932235528],[-97.7414646282027,30.3077152231108],[-97.7413926273343,30.3078272234867],[-97.7411769274616,30.3081628236697],[-97.7410956272334,30.3082892236847],[-97.7407006272232,30.3089152233593],[-97.740612628258,30.3090502238057],[-97.7400466276452,30.3099352241951],[-97.7393206263006,30.3109962244025],[-97.7385686268133,30.3120532246964],[-97.7382496269711,30.3125252252403],[-97.7378972268683,30.313032724279],[-97.7377006269751,30.3133232247387],[-97.7376436261754,30.3133982244799],[-97.7376006265177,30.3134652249344],[-97.7371146262709,30.3141872250729],[-97.7369806263766,30.3143152249054],[-97.7369316259728,30.3143922254208],[-97.7368596277994,30.3144982244301],[-97.7367246262835,30.3146722241061],[-97.736639626793,30.3147772255393],[-97.7365616260769,30.3148692243245],[-97.7365416259854,30.3148942243672],[-97.7365147259342,30.3149088243954],[-97.7364566273932,30.3149402244911],[-97.7364093266019,30.314976825741],[-97.7363504258654,30.3150224256771],[-97.7357746264295,30.3154682247721],[-97.7355356260549,30.3155612263775],[-97.7348226251291,30.3158372256941],[-97.7341106267231,30.3160822246582],[-97.7340856257104,30.3160902244494],[-97.7340456255275,30.3161032260475],[-97.7335016264526,30.3162922259414],[-97.7332556246087,30.3163222258664],[-97.7332146254991,30.3163032260183],[-97.732746625694,30.3165802259279],[-97.7324566261641,30.3166912266742],[-97.7322456262769,30.3169802266161],[-97.7321236260782,30.3170852248007],[-97.7320016267777,30.3172002263761],[-97.7318956255742,30.3173102252954],[-97.7318216259544,30.3173882253565],[-97.7317656258779,30.3174602255965],[-97.7316806254891,30.3175762255273],[-97.7315826255798,30.317721226023],[-97.7315330242031,30.3177913253643],[-97.7315126261579,30.3178202260029],[-97.7314096262257,30.3179552258143],[-97.731323626012,30.3180032251854],[-97.7311796251736,30.3182462258089],[-97.7308946247683,30.3187102256383],[-97.7308475251996,30.3187850258423],[-97.7306186254821,30.3191482263155],[-97.7303336250767,30.3196022255951],[-97.7295756248434,30.3208112257907],[-97.7294036253142,30.3210852259817],[-97.7292086253206,30.3213912274966],[-97.7291226251068,30.3215272265707],[-97.7288226246329,30.3219992256785],[-97.7282566249184,30.322884226212],[-97.7280516257773,30.3231892272464],[-97.7271370249354,30.3247063276431],[-97.7268175256299,30.3252318273506],[-97.7267393254878,30.3253670270825],[-97.7266906251213,30.3254422269627],[-97.7266556249612,30.3254962281362],[-97.726581624443,30.3256122270813],[-97.7264236242593,30.3258362278908],[-97.7263696247309,30.3259122283953],[-97.7263136237561,30.3259852272837],[-97.7262082253221,30.3259217270004],[-97.7261319251169,30.3258729281979],[-97.726051224065,30.3258114268157],[-97.72593882506,30.3256926281439],[-97.7258496250472,30.3255752281479],[-97.7258066244912,30.3255192272628],[-97.7257716252294,30.3254652276528],[-97.7257616251837,30.3254442282703],[-97.7257486238666,30.3254182275516],[-97.7257266241253,30.3253712274279],[-97.7257026238358,30.3253122271747],[-97.7256716238737,30.3252402280529],[-97.7256196239952,30.3251202268143],[-97.7255806245354,30.3250372276809],[-97.7255466250985,30.32497622746],[-97.7254966248698,30.3248872273495],[-97.7254776237049,30.3248582272176],[-97.7254596241616,30.3248302273495],[-97.7254176234305,30.3247702264974],[-97.7253716251963,30.3247062283911],[-97.7253056241758,30.3246232273561],[-97.7252426235283,30.3245482276776],[-97.7251766252027,30.3244732279416],[-97.7251006241364,30.3243972270961],[-97.7249916234581,30.3242992270615],[-97.7249066248659,30.3242272264196],[-97.7248326243478,30.3241722281445],[-97.7247456243091,30.3241042269777],[-97.7245896246735,30.3239992270105],[-97.7243256232863,30.3238352273386],[-97.7241606234298,30.3237392265333],[-97.7239296243495,30.3236182270481],[-97.7238166243716,30.3235602267999],[-97.7235016247273,30.3234152271917],[-97.723215624497,30.3232922267303],[-97.7230886242754,30.323243228111],[-97.7230676234607,30.3232352265776],[-97.7228836233377,30.3231722262069],[-97.7226896240672,30.3231122266655],[-97.7223756233495,30.3230452273796],[-97.7220936233173,30.3229952267949],[-97.7219896235602,30.3229762274656],[-97.7214626233055,30.3229052276942],[-97.7212116232353,30.3228662271534],[-97.7210266223891,30.3228452272138],[-97.7209426236218,30.3228342270959],[-97.7208556235832,30.3228242272696],[-97.7207706231944,30.3228092283037],[-97.7206826224325,30.3227922279737],[-97.7206066231628,30.3227762279341],[-97.7205376226675,30.3227612266346],[-97.7204246226896,30.3227342280117],[-97.720232623069,30.3226792273475],[-97.7200546227938,30.322629226576],[-97.7198086227465,30.3225462276581],[-97.7195536233767,30.3224552270728],[-97.7194356224776,30.3224052269623],[-97.7193416218679,30.3223672280709],[-97.7192516232529,30.3223262274956],[-97.7191946224532,30.3223012270229],[-97.718773623402,30.3221002273641],[-97.7185766219619,30.3220042264093],[-97.7184176228515,30.3219272272233],[-97.7177506219564,30.3216052279272],[-97.7176356223287,30.3215492270988],[-97.717444622533,30.3214552269931],[-97.7170953225162,30.3212841278505],[-97.7167036220181,30.3210922266048],[-97.7165726224968,30.3210252267128],[-97.7159696211758,30.3207392272378],[-97.7158416220276,30.3206822271505],[-97.7154461225541,30.3204541272131],[-97.7153097214631,30.3204189269029],[-97.7151466215435,30.3203842259634],[-97.7149726223645,30.3203552268248],[-97.7148236215033,30.3203462270635],[-97.7147726214497,30.3203652261276],[-97.714620622012,30.3203512263279],[-97.7143053205338,30.3203416271508],[-97.7142606212636,30.3203402259299],[-97.7140166208661,30.3203412262482],[-97.713739621755,30.3203562271428],[-97.7135556207336,30.3203682278568],[-97.7132846214703,30.3203932280474],[-97.7131346207841,30.3204092277008],[-97.7130476207455,30.3204202273155],[-97.7129302217177,30.3204303274189],[-97.7127596208654,30.3204522266107],[-97.7126786215729,30.3204602268206],[-97.71258362024,30.3204722275219],[-97.712489621427,30.3204892274791],[-97.7124293220135,30.3205003271166],[-97.7122736215169,30.3205282274152],[-97.7121006203663,30.3205642271635],[-97.7121066220107,30.3207632270198],[-97.7112206208325,30.3214222269429],[-97.7110436194838,30.3214702277172],[-97.7108686195816,30.3215172281618],[-97.7107106211945,30.321557227219],[-97.7106546202197,30.3215732266823],[-97.7098266214628,30.321813226847],[-97.709586620365,30.3218782279213],[-97.7093246195258,30.3219482281352],[-97.7090166195542,30.3220362275135],[-97.7087346204203,30.3221182273388],[-97.7085386197033,30.3221732267671],[-97.7082076201656,30.3222642283898],[-97.7082486201734,30.3220352272126],[-97.7082916198312,30.3217392276473],[-97.7080346208115,30.3218162277565],[-97.708000619578,30.3218262276857],[-97.7077426198351,30.3218992280683],[-97.7076476202989,30.3219272272233],[-97.7075966202453,30.3219442277034],[-97.7075446203667,30.3219612266297],[-97.707487619567,30.3219772283532],[-97.7072466204409,30.322044227594],[-97.7071406192374,30.3220712271825],[-97.7070646190694,30.3220930275284],[-97.7069676198834,30.3221162267386],[-97.7070026209418,30.3219422270997],[-97.7070126191909,30.3218902276735],[-97.7070356196554,30.3216922273092],[-97.7070516195489,30.3215382276107],[-97.7070639192818,30.3214252278644],[-97.7070686192674,30.3213822270551],[-97.7070956190315,30.3209692278792],[-97.7071376197626,30.3205492278516],[-97.7072426193447,30.3197342274062],[-97.7072876195505,30.3193542266934],[-97.7073306192082,30.3190162268168],[-97.7074196188966,30.318321226435],[-97.7076066193927,30.3169862264046],[-97.7076966198044,30.3163592267435],[-97.707704619302,30.3163012268504],[-97.7077864189935,30.3157946256801],[-97.7078157193431,30.3156650256436],[-97.7079110207133,30.3151817267264],[-97.7079426189534,30.3150382261331],[-97.7080426194108,30.3146472255577],[-97.7081526208123,30.3142712260239],[-97.7081804200771,30.3141879253396],[-97.7082736184912,30.3139092257696],[-97.7083286205394,30.313763226227],[-97.7085136204873,30.3132422256982],[-97.7085426207996,30.3131682254534],[-97.7086626195519,30.3128642261885],[-97.7087976192711,30.3125512255033],[-97.7088536202459,30.3124172264009],[-97.7089546187317,30.3122072261194],[-97.7092086182765,30.3116822242225],[-97.7093856196252,30.3113392253005],[-97.7094906201055,30.3111402249166],[-97.7097406194524,30.3106762249152],[-97.7100066186929,30.3102182252465],[-97.7100666198657,30.3101232247051],[-97.7102011210199,30.3099001255772],[-97.7102626196842,30.309798225667],[-97.7102836196006,30.3097642243668],[-97.7103126208113,30.3097162248375],[-97.7103436198751,30.309666225206],[-97.7103746207355,30.3096162247733],[-97.7104146209185,30.3095482251368],[-97.7106066205391,30.3092612250788],[-97.7106606200675,30.3091762256056],[-97.7107186197938,30.3090852250112],[-97.710861619909,30.3088682254006],[-97.7110206199176,30.3086262244499],[-97.711341620308,30.3081242251935],[-97.7114376196691,30.3079742245615],[-97.7116216197921,30.3076852236531],[-97.7117976195192,30.3074092254197],[-97.7120776190034,30.3069582245265],[-97.7123556197361,30.306546223957],[-97.7125596208489,30.306230224199],[-97.7127386200507,30.3059532237304],[-97.7129296207448,30.3056591237831],[-97.7130877206415,30.3054184232766],[-97.7132958207669,30.3051017242048],[-97.713619920345,30.3045831237656],[-97.713800620956,30.3043072238261],[-97.7140336205845,30.3039372239898],[-97.7142016199157,30.3036812241954],[-97.7143206206397,30.3034922232486],[-97.7144176198258,30.3033372231524],[-97.7144536207091,30.3032822232344],[-97.7146186214639,30.3030272230002],[-97.7149590209728,30.3024844235212],[-97.7150086205529,30.302403624155],[-97.7150696206522,30.3022986226504],[-97.7151936205008,30.3020772228588],[-97.7152318204599,30.3020124227116],[-97.7152708199197,30.3019480234996],[-97.7152906214835,30.3019142234555],[-97.7153334217152,30.3018484234693],[-97.7153761204373,30.3017766234952],[-97.7154390204735,30.3016640244325],[-97.7155886214093,30.3014152231601],[-97.7162046213525,30.3004102229329],[-97.7164606214455,30.2999942229891],[-97.7165836214692,30.2997962225936],[-97.716621720817,30.2997270224911],[-97.7170276200865,30.299069222358],[-97.717141621686,30.2988932226065],[-97.7171606219526,30.2988622230141],[-97.7171945216764,30.2988084235582],[-97.7172236199051,30.2987622227361],[-97.7172846218011,30.298665223199],[-97.7173706220149,30.2985282221059],[-97.7175546212396,30.298238223056],[-97.7177223205334,30.2979619213307],[-97.7177931203542,30.2978377216153],[-97.7179676216914,30.2975722223817],[-97.7185496204011,30.2965822222017],[-97.7185816210864,30.2967132226575],[-97.7187616219098,30.2963982212423],[-97.7189906213403,30.2960122212778],[-97.719380622226,30.2953972223008],[-97.7196956209719,30.294886221462],[-97.7196176220525,30.2948492217867],[-97.7196716215808,30.2947592216586],[-97.719998621819,30.2942322213279]]]},"properties":{"ZIPCODE":"78751"}}]}